Asset Id,Asset Type,Has Files,File Extension,Title,Asset Published Year,Number of File Views / Downloads,Number of Record Views
996629850401851,Journal article,Yes,pdf,"Variability of Spatter Morphology in Pyroclastic Deposits in Southern Idaho, as Correlated to Thermal Conditions and Eruptive Environment",2018,7,7
996629861201851,Book,Yes,pdf,The Phenomenon of Mind,2016,84,7
996629875101851,Book,Yes,pdf,Biological Signal Processing,2010,92,9
996630522001851,Book,Yes,pdf,Wells' Unabridged Glossary of Critical Philosophy and Mental Physics (4th ed.),2014,6,4
996630572801851,Book,Yes,pdf,Leadership,2010,54,13
996630581301851,Journal article,Yes,pdf,Investigation of water depth and basin wall effects on KVLCC2 in manoeuvring motion using viscous-flow calculations,2013,6,10
996630768801851,Book,Yes,pdf,The Principles of Mental Physics,2009,63,17
996630777601851,Book,Yes,pdf,Wells' Unabridged Glossary of the Critical Philosophy and Mental Physics (1st ed.),2011,6,10
996630786701851,Journal article,Yes,pdf,Dynamic overset CFD simulations of wind turbine aerodynamics,2012,6,3
996630956301851,Book,Yes,pdf,Carmichael Subdivision Irrigation Handbook,2016,7,15
996630989801851,Book,Yes,pdf,Civic Free Enterprise,2017,55,11
996631015501851,Book,Yes,pdf,The Critical Philosophy and the Phenomenon of Mind,2006,120,43
996631032901851,Journal article,Yes,pdf,Trench gate β-Ga2O3 MOSFETs: a Review,2023,0,20
996631057001851,Journal article,Yes,pdf,The Eighth Amendment's Lost Jurors: Death Qualification and Evolving Standards of Decency,2016,3,9
996631067601851,Book,Yes,pdf,Education and Society,2012,48,9
996631081901851,Book,Yes,pdf,Wells' Unabridged Glossary of the Critical Philosophy and Mental Physics (2nd ed.),2012,6,1
996631094401851,Book,Yes,pdf,The Idea of the Social Contract,2012,60,4
996631123801851,Book,Yes,pdf,Critique of the American Institution of Education,2013,63,29
996631190101851,Journal article,Yes,pdf,Supermajoritarian Criminal Justice,2019,2,7
996631225101851,Journal article,Yes,pdf,Using Static Web Technologies and git-based Workflows To Re-design and Maintain a Library Website (quickly) with Non-technical Staff,2021,17,36
996631240301851,Book,Yes,pdf,Wells' Unabridged Glossary of Critical Philosophy and Mental Physics (5th ed.),2016,6,2
996631357601851,Book,Yes,pdf,The Idea of the American Republic,2010,42,5
996631483101851,Journal article,Yes,pdf,Vortical Structures and Instability Analysis for Athena Wetted Transom Flow with Full-Scale Validation,2012,6,2
996631516401851,Report,Yes,pdf,How Can the Endangered Species Act Affect Rangeland Activities?,2016,24,27
996631608901851,Book,Yes,pdf,The Institution of Public Education,2014,67,12
996631614501851,Book,Yes,pdf,Faith and Critical Theology,2019,61,20
996631642001851,Book,Yes,pdf,30 Generations of Wells' (2nd ed.),2018,19,13
996631691501851,Book,Yes,pdf,Autobiography of a Maquoketa Boy,2008,21,9
996631779101851,Book,Yes,pdf,Mathematics and Empirical Science,2020,25,16
996631882401851,Book,Yes,pdf,On the Dark Age Ancestry of the Wells Family,2017,6,4
996632036101851,Journal article,Yes,pdf,"Vortical and turbulent structures for KVLCC2 at drift angle 0, 12, and 30 degrees",2012,7,5
996632049401851,Book,Yes,pdf,Wells' Unabridged Glossary of the Critical Philosophy and Mental Physics (3rd ed.),2013,6,5
996632185101851,Book,Yes,pdf,30 Generations of Wells' (1st ed.),2016,20,8
996632336601851,Journal article,Yes,pdf,Entropy generation in bypass transitional boundary layer flows,2014,7,8
996633648301851,Journal article,Yes,docx,The Effect of Digital Publishing on Technical Services in University Libraries,2013,17,16
996636334401851,ETD-Doctoral,Yes,pdf,Design and Control of an Upper-Limb Exoskeleton (BLUE SABINO) for Stroke Rehabilitation and Assessment,,6,14
996636334501851,ETD-Doctoral,Yes,pdf,Deep Multi-task Learning for Histopathology Image Processing,,41,6
996636334601851,ETD-Doctoral,Yes,pdf,Pre-Service Teacher Self-Efficacy for Teaching Emergent Multilingual Learners,,56,9
996636334701851,ETD-Doctoral,Yes,pdf,Landscape Lessons: co-designing a relational approach for learning in complex social-ecological systems dynamics,,44,15
996636334801851,ETD-Graduate,Yes,pdf,A Study of Crystallinity in the Blue Dragon Lava Flow and the Ross Flow Using Visible Near-Infrared Spectroscopy,,31,5
996636334901851,ETD-Doctoral,Yes,pdf,A Genetic Algorithm-based Local Outlier Factor for Efficient Big Data Stream Processing,,23,5
996636335001851,ETD-Doctoral,Yes,pdf,Trends in Ecosystem Disturbance Across the Western United States: Inferring Process Through Pattern,,18,7
996636335101851,ETD-Graduate,Yes,pdf,The Security and Performance Impact of Object File Shuffling,,41,3
996636335201851,ETD-Graduate,Yes,pdf,Magnetic Resonance Image Based Quantification of Ophthalmic Changes in Long-Duration Spaceflight Astronauts,,36,6
996636335301851,ETD-Graduate,Yes,pdf,Remotely Sensed Metrics Help Map Range-Wide Habitat Suitability and Identify Habitat Restoration Priorities for an Endangered Marsh Bird,,40,4
996636335401851,ETD-Doctoral,Yes,pdf,"Diet, disease, and hibernation behavior of northern Idaho ground squirrels",,41,6
996636335501851,ETD-Graduate,Yes,pdf,The Effects of Pre- and Postweaning Nutrition on Fertility and Feed Efficiency in Beef Heifers,,29,6
996636335601851,ETD-Graduate,Yes,pdf,Comparative Analysis of Conventional and Compact Heat Exchangers for Next Generation Nuclear Reactors,,34,4
996636335701851,ETD-Graduate,Yes,pdf,Post-Fire Soil Erosion Patterns and Processes in a Complex Sagebrush Rangeland Watershed,,26,4
996636335801851,ETD-Graduate,Yes,pdf,The Effects of the Transatlantic Trade and Investment Partnership (TTIP) on the Cheese Trade between the EU and the U.S.,,8,8
996636335901851,ETD-Graduate,Yes,pdf,Gauging Non-Traditional Mode Users' Safety in Mixed Traffic on Public Roadways,,48,5
996636336001851,ETD-Doctoral,Yes,pdf,Utilizing Manual Therapy Within a Regional Interdependence Model for the Treatment of Cervicothoracic Dysfunction: A Dissertation of Clinical Practice Improvement,,41,5
996636336101851,ETD-Doctoral,Yes,pdf,AN INTERDISCIPLINARY APPROACH TO EVALUATING THE IMPACT OF AGRICULTURAL INTENSIFICATION ON BATS IN A  DYNAMIC NEOTROPICAL LANDSCAPE,,22,13
996636336201851,ETD-Graduate,Yes,pdf,Polyhydroxyalkanoate Production within a Novel WRRF Configuration,,53,2
996636336301851,ETD-Doctoral,Yes,pdf,Magnetic Separation Nanotechnology for Wastewater Treatment and Used Nuclear Fuel Recycle,,39,6
996636336401851,ETD-Graduate,Yes,pdf,Local Nucleon-Nucleon Potentials Based upon Chiral Effective Field Theory,,26,12
996636336501851,ETD-Graduate,Yes,pdf,Synthesis of Polymeric Precursors for Refractory Carbides and Borides,,17,3
996636336601851,ETD-Doctoral,Yes,pdf,The Effect of Study Participant Compliance on the Estimates of Physical Activity: Implications for the Predictions of Health Markers,,17,3
996636336701851,ETD-Doctoral,Yes,pdf,"Project-Based Learning, Academic Achievement, and Field Dependency: The Effect Project-Based Learning in Higher Education has on Academic Achievement Test Scores and the Correlation between Participants' Academic Achievement Test Scores and their Field Dependency Cognitive Style",,28,5
996636336801851,ETD-Doctoral,Yes,pdf,Using Molecular Tools to Evaluate Predator-Prey Relationships in Newfoundland,,19,6
996636336901851,ETD-Graduate,Yes,pdf,THE ELECTROCHEMISTRY OF Li-LiCl-Li2O MOLTEN SALT SYSTEMS  AND THE ROLE OF MOISTURE,,34,19
996636337001851,ETD-Doctoral,Yes,pdf,A PEDAGOGICAL AND PHYSIOLOGICAL APPROACH TO TREATING TYPE II DIABETES,,21,9
996636337101851,ETD-Graduate,Yes,pdf,"Software Vulnerabilities: Lifespans, Metrics, And Case Study",,0,8
996636337201851,ETD-Doctoral,Yes,pdf,LANDSCAPE ECOLOGY OF FISHERS (PEKANIA PENNANTI) IN NORTH-CENTRAL IDAHO,,27,9
996636337301851,ETD-Doctoral,Yes,pdf,NAVIGATING THE EXECUTIVE LEADERSHIP LABYRINTH IN HIGHER EDUCATION: EXPERIENCES OF WOMEN LEADERS WHO ATTAINED CAREER ADVANCEMENT,,4,22
996636337601851,ETD-Graduate,Yes,pdf,"Geologic Interpretation of an Airborne Gamma Radiometric Survey, Salmon River Mountains, Idaho",,23,5
996636337701851,ETD-Doctoral,Yes,pdf,Advancements in the Evaluation of Heterogeneity for Nuclear Criticality Safety in High-Assay Low-Enriched Uranium Systems,,26,4
996636337801851,ETD-Graduate,Yes,pdf,Extraterrestrial Oceanography of Titan’s Northern Seas from Cassini VIMS Sun Glitter Observations,,55,6
996636337901851,ETD-Doctoral,Yes,pdf,Empirical Analysis of Molecular Modeling and Evolution of Respiratory Syncytial Virus Fusion Glycoprotein Antibody Escape Variants,,34,12
996636338001851,ETD-Graduate,Yes,pdf,Encounter Rates and Catch-and-Release Mortality of Steelhead in the Snake River Basin,,46,15
996636338101851,ETD-Graduate,Yes,pdf,Diffusion Dynamics of Hydronium Ions and Chlorinated Aliphatic Hydrocarbons for Microbe Encapsulating Poly(vinyl alcohol) Hydrogels,,26,1
996636338201851,ETD-Graduate,Yes,pdf,An Analytical Spectroscopic Method for the Reliable Determination of Binding Constants and Fluorescent Rare Earth Element Detection,,20,5
996636338301851,ETD-Graduate,Yes,pdf,ELECTROCHEMISTRY OF LANTHANUM IN ROOM TEMPERATURE IONIC LIQUID EMIM-DCA,,7,7
996636338401851,ETD-Graduate,Yes,pdf,Barley - The Super Grain: Connecting the Classroom and The Cafeteria,,30,2
996636338501851,ETD-Graduate,Yes,pdf,An Exploration into the Delicate Balance of Soil Microbial Community Interactions,,21,2
996636338601851,ETD-Doctoral,Yes,pdf,Understanding and Capturing Geographic Variability in Vulnerability of Natural Resources to Climate Change Through Modeling and Workshops,,19,9
996636338701851,ETD-Graduate,Yes,pdf,Development of Sustainable Landscape Designs for Improved Biomass Production in the U.S. Corn Belt,,0,5
996636338801851,ETD-Doctoral,Yes,pdf,ROBOTIC DEVICES AND ADAPTIVE CONTROL STRATEGIES FOR ROBOTIC REHABILITATION AFTER STROKE,,19,11
996636338901851,ETD-Graduate,Yes,pdf,"Effects of Habitat Rehabilitation Activities on Fish Assemblages and Populations in the Kootenai River, Idaho",,45,4
996636339001851,ETD-Doctoral,Yes,pdf,Causality Verification and Enforcement for Microelectronic Package Macromodels,,16,12
996636339101851,ETD-Graduate,Yes,pdf,Correlation Between Microstructure and Mechanical Property Evolution in Ferritic-Martensitic and Oxide Dispersion- Strengthened Alloys,,26,8
996636339201851,ETD-Graduate,Yes,pdf,"Effects of Serum Total Protein on Health Measures, Average Daily Gain, and Metabolites in the Holstein Dairy Calf",,31,2
996636339301851,ETD-Doctoral,Yes,pdf,Dynamic Range Extension of Heterodyne Fiber-Optic Interferometers Via Instantaneous Carrier Measurement,,19,1
996636441601851,ETD-Doctoral,Yes,pdf,Assessing vegetation burn severity across a range of scales and metrics,,6,7
996636441701851,ETD-Graduate,Yes,pdf,DESCRIBING STUDENT MOTIVATION TO PARTICIPATE IN LEADERSHIP DEVELOPMENT EVENTS: A QUALITATIVE STUDY,,41,7
996636441801851,ETD-Doctoral,Yes,pdf,21st Century Soil Carbon Modeling: Evaluating How Management and Climate Impact Future Soil Carbon Storage,,45,18
996636441901851,ETD-Graduate,Yes,pdf,ALTERING POTATO TUBER PHYSIOLOGY TO PROMOTE DORMANCY BREAK AND IMPLICATIONS OF PVY IN SEED CERTIFICATION,,41,7
996636442001851,ETD-Graduate,Yes,pdf,"The Effect of Colostrum Management and NSAID Administration on Markers of Stress, Inflammation, Health Measures, and Fatty Acid Profile in Transported Pre-weaned Calves",,5,8
996636442101851,ETD-Doctoral,Yes,pdf,Investigation of Nitrogen-Doped Pseudo Graphite as an Oxygen Reduction Reaction  Electrocatalyst and Robust Electrochemical Sensor,,28,6
996636442201851,ETD-Graduate,Yes,pdf,A critical geopolitical approach to “The New Economic Map on the Korean Peninsula”: Investigating the construction and discursive practices of a South Korean geostrategy,,1,8
996636442301851,ETD-Graduate,Yes,pdf,Stability of Proteins and Organic Acids in Production of Milk Protein Concentrate (MPC) and Milk Protein Isolate (MPI) and Effect of Temperature and Time on Functional Properties of MPC and MPI,,43,11
996636442401851,ETD-Doctoral,Yes,pdf,Mechanical and Durability Performance of Concrete Made with Manufactured Sand and Biomass Fly Ash,,18,8
996636442501851,ETD-Doctoral,Yes,pdf,One-pot Carbonyl Reduction and Carbonate Formation using Sodium Borohydride in Dialkyl Carbonate Solvents and the Development of Ionophore-inspired Monomers and Polymers for Ion Sensing,,27,7
996636442601851,ETD-Graduate,Yes,pdf,Determining Phenotypic Traits Associated with Variability in Dietary Preferences in Grazing Sheep,,21,3
996636442701851,ETD-Doctoral,Yes,pdf,"Dusty, Dense, Bright, Dark, Narrow, and Broad: the Rings in our Solar System and a Few of the Things They Can Tell Us",,45,8
996636442801851,ETD-Graduate,Yes,pdf,Evaluating the Sensitivity of Residential Water Demand Estimation to Model Specification and Instrument Choices,,27,8
996636442901851,ETD-Graduate,Yes,pdf,Smoke On The Palouse,,0,0
996636443001851,ETD-Graduate,Yes,pdf,"Optimized production practices for winter canola (Brassica napus L.), and rotation effects of winter and spring canola in Northern Idaho",,17,8
996636443101851,ETD-Graduate,Yes,pdf,Assessing the Adaptive Capacity of Idaho's Magic Valley as a Complex Social-Ecological System,,22,5
996636443201851,ETD-Graduate,Yes,pdf,BIOFUEL IMPACT ON FOOD PRICE INDEX AND LAND USE CHANGE,,28,8
996636443301851,ETD-Graduate,Yes,pdf,Parameter Estimability in the Dennis-Kemp Phenology Model,,30,3
996636443401851,ETD-Doctoral,Yes,pdf,VisFlow: A Visual Language Based Workflow Querying System,,46,31
996636443501851,ETD-Doctoral,Yes,pdf,Toward a Clearer Democracy: The Readability of Idaho Supreme Court Opinions as a Measure of the Court’s Democratic Legitimacy,,0,3
996636443601851,ETD-Graduate,Yes,pdf,Economic Resilience and Community Capitals: A Study in the Estimation and Dynamics of U.S. County Economic Resilience to the Great Recession,,35,5
996636443701851,ETD-Graduate,Yes,pdf,Understory composition and thermal environments of Quaking aspen  (Populus tremuloides): implications for wildlife in a changing climate,,18,4
996636443801851,ETD-Doctoral,Yes,pdf,Forest Fragmentation Influences on the Genetic Structure and Diversity of Understory tree Symphonia globulifera: an Interdisciplinary Approach,,29,6
996636443901851,ETD-Graduate,Yes,pdf,Baseline Erosion Rates for the Fernan Watershed: Comparing Erosion and Sediment Yields Over Different Time-Scales,,21,3
996636444001851,ETD-Graduate,Yes,pdf,Implementation of an Integrative MATLAB Engine Model as a Final Project in an Internal Combustion Engines Course,,51,16
996636444101851,ETD-Doctoral,Yes,pdf,A Collective Case Study of Rated Air Force Officers’ Decisions to Pursue Doctoral Degrees with Policy Implications,,37,5
996636444201851,ETD-Doctoral,Yes,pdf,THE EFFECTS OF A MANUAL THERAPY TREATMENT BASED CLASSIFICATION ALGORITHM ON TENDINOPATHY: A DISSERTATION OF CLINICAL PRACTICE IMPROVEMENT,,34,8
996636444301851,ETD-Doctoral,Yes,pdf,USING PROCESS-BASED HYDROLOGIC APPROACHES AND PLACE-BASED EDUCATION TO IMPROVE NONPOINT SOURCE POLLUTION MANAGEMENT,,39,13
996636444401851,ETD-Doctoral,Yes,pdf,In Phase Motor Bus Transfer,,1,7
996636444501851,ETD-Graduate,Yes,pdf,MMC: The Development of the Mixture Model Caching Algorithm,,11,5
996636444601851,ETD-Graduate,Yes,pdf,IDENTIFYING SOFTWARE VULNERABILITIES THROUGH TEXTUAL INFORMATION IN BUG DATABASES,,0,22
996636444701851,ETD-Graduate,Yes,pdf,Trigger Points in Multijurisdictional Natural Resource Regulation: A Qualitative Case Study of the Lapwai Basin,,38,8
996636444801851,ETD-Doctoral,Yes,pdf,TIME INTEGRATION OF EVAPOTRANSPIRATION USING A TWO SOURCE SURFACE ENERGY BALANCE MODEL USING NARR REANALYSIS WEATHER DATA AND SATELLITE BASED METRIC DATA,,28,3
996636444901851,ETD-Doctoral,Yes,pdf,On the Role of Zirconium Hydrides and Hydride Rim Features in Causing Low Strain Ruptures in Stress Relieved Zirconium Alloy Cladding Tubes in Pulse Reactor Tests,,42,7
996636445001851,ETD-Graduate,Yes,pdf,Novel Methods for Deriving Snow Data from Remote Cameras and Applications to Wildlife Habitat and Ungulate Management,,59,6
996636445101851,ETD-Doctoral,Yes,pdf,Basophil-dependent Disease Biology in Malaria,,19,12
996636445201851,ETD-Doctoral,Yes,pdf,"OOMYCETE POTATO PATHOGENS: CHARACTERIZATION, DIAGNOSTICS, AND DISEASE MANAGEMENT",,51,16
996636445301851,ETD-Doctoral,Yes,pdf,Assessment of the impacts of prescribed fires on soil quality and cultural impacts of interdisciplinary collaboration,,39,12
996636445401851,ETD-Graduate,Yes,pdf,MANUFACTURING COMPLEX SURFACES TO RECREATE THE DESIGN INTENT OF LEGACY ARTIFACTS,,34,3
996636445501851,ETD-Graduate,Yes,pdf,PANDORA: Design of a 2 DOF Scapulohumeral Device,,24,3
996636445601851,ETD-Graduate,Yes,pdf,Evidence for Mixing and Re-equilibration in the Twin Falls - Banbury Hydrothermal System and Its Effects on Reservoir Temperature Estimation,,3,3
996636445701851,ETD-Graduate,Yes,pdf,The Effects of Functional Fatigue on the Hoffmann’s Reflex in Female Soccer Players to Predict Anterior Cruciate Ligament Injury,,19,9
996636445801851,ETD-Doctoral,Yes,pdf,Analysis of Patient Outcomes Using the MyoKinesthetic System in a Treatment-Based Classification System for Low Back Pain: A Dissertation of Clinical Practice Improvement,,35,7
996636445901851,ETD-Graduate,Yes,pdf,"Grid Integrated Type 3 Wind Systems - Modeling, and Line Protection Performance Analysis using the RTDS",,21,5
996636446001851,ETD-Graduate,Yes,pdf,DESCRIBING AGRICULTURE TEACHERS' UTILIZATION AND VIEWS OF SCHOOL-BASED AGRICULTURAL EDUCATION SUPPORTERS IN THE NORTHWESTERN UNITED STATES,,30,6
996636446101851,ETD-Graduate,Yes,pdf,Graphic Design in Marketing: Retention of Original Local Features in Adaptive New Global Markets,,0,4
996636446201851,ETD-Graduate,Yes,pdf,An Approximation of Studded Tire Vehicle Volumes Utilizing Sound Data,,53,5
996636446301851,ETD-Doctoral,Yes,pdf,Time-Domain Protection Scheme for Microgrids with Aggregated Inverter-Based Distributed Renewable Energy Resources,,46,15
996636446401851,ETD-Doctoral,Yes,pdf,An intervention for pre-service professionals to perspective take toward individuals with physical disabilities,,27,9
996636446501851,ETD-Doctoral,Yes,pdf,"Leveraging High-Throughput Sequencing Data to Understand Complex Systems: Effects of Heat Stress Along the Swine Gastrointestinal Microbiome, Inflammation in the Bovine Milk Microbiome, and the Genetics of Human Lactation with Respect to Human Milk Oligosaccharide Synthesis",,20,4
996636637601851,ETD-Doctoral,Yes,pdf,Development of a Safe Force-Based Controller to Obtain Reliable Stroke Metrics from an Exoskeleton,,7,10
996636637701851,ETD-Graduate,Yes,pdf,Characterization of the Transcription Factor SlNAC4 in Tomato,,27,5
996636637801851,ETD-Graduate,Yes,pdf,Optimizing the Delivery of Self-Disseminating Vaccines in Fluctuating Wildlife Populations,,35,10
996636637901851,ETD-Doctoral,Yes,pdf,Can biophysical models of pelagic larval dispersal explain the observed population structure; case studies from the Gulf of Alaska,,35,11
996636638001851,ETD-Doctoral,Yes,pdf,The NILR1-BAK1 Complex Mediates Resistance to Potato Cyst Nematode and Brassinosteroid Signaling in Potato,,33,27
996636638101851,ETD-Doctoral,Yes,pdf,The Impact of Intrapersonal and Environmental Visual Impairment on Pedestrian Safety,,43,3
996636638201851,ETD-Doctoral,Yes,pdf,Neuromodulation Strategies for Controlling Brain Network Plasticity Dynamics,,38,7
996636638301851,ETD-Graduate,Yes,pdf,Raman‐probes to monitor the metabolite detection and assessment of nutrient fate of the Yarrowia lipolytica cells grown in deuterated glucose,,27,3
996636638401851,ETD-Graduate,Yes,pdf,Validation of a 1/20th scaled VHTR Far-Field Air/Helium Mixing Apparatus,,39,5
996636638501851,ETD-Graduate,Yes,pdf,"COMPARATIVE QTL MAPPING OF HAGBERG FALLING NUMBER, PRE-HARVEST SPROUTING, AND LATE MATURITY ALPHA-AMYLASE IN UI PLATINUM BY SY CAPSTONE DERIVED POPULATION",,50,5
996636638601851,ETD-Graduate,Yes,pdf,The Role of Economic Enfranchisement in Setting Strong Goals,,25,5
996636638701851,ETD-Graduate,Yes,pdf,Headed for Greener Pastures: Motivations and Ideologies Underlying Palouse Farmer Participation in Sustainable Agriculture,,18,6
996636638801851,ETD-Graduate,Yes,pdf,SAMPLING METHODS FOR LEK AND BROOD COUNTS OF GREATER SAGE GROUSE: ACCOUNTING FOR IMPERFECT DETECTION,,43,27
996636638901851,ETD-Graduate,Yes,pdf,Reconstructing Memory,,19,8
996636639001851,ETD-Graduate,Yes,pdf,"Population Dynamics and Management for White Sturgeon in the Sacramento-San Joaquin River Basin, California",,29,4
996636639101851,ETD-Graduate,Yes,pdf,Attentional Resource Demands of Traditional and Novel Instrument Landing Systems,,20,5
996636639201851,ETD-Graduate,Yes,pdf,"Connections and Distinctions:  Historical Archaeological Analysis of Japanese Ceramics Recovered from Three Issei Communities in the American West, 1903–1942",,42,17
996636639301851,ETD-Graduate,Yes,pdf,TESTING AND COMMISSIONING BUILDING CONTROLS THROUGH CO-SIMULATION VIA ENERGY MODELING AND THE BUILDING CONTROLS VIRTUAL TESTBED,,4,2
996636639401851,ETD-Doctoral,Yes,pdf,The Development of an Analytical Model of the Transport Phenomena between Two Fluids in a Microchannel with an Application to Amino Acid Detection,,35,8
996636639501851,ETD-Graduate,Yes,pdf,Measuring United States County-Level Economic Resilience to a  Recession,,38,8
996636639601851,ETD-Doctoral,Yes,pdf,Preprocessing Algorithms and Software for Genomic Studies with High-Throughput Sequencing Data,,30,11
996636639701851,ETD-Graduate,Yes,pdf,Life-cycle analysis of Camelina biodiesel and jet-fuel,,20,1
996636641401851,ETD-Graduate,Yes,pdf,Effects of Turn-to-Turn Faults in Air-Core Reactors,,41,47
996636641501851,ETD-Graduate,Yes,pdf,Evaluating a Novel Oral Vaccine Particle for use in Disease Prevention in Rainbow Trout (Oncorhynchus mykiss) and Development of Important Tools for the Study of Immunity in Sablefish (Anoplopoma fimbria),,53,27
996636641601851,ETD-Doctoral,Yes,pdf,Apparel Design Students and Motivations for Creativity: An Explanatory-Sequential Study Using Cognitive Orientation Theory,,50,18
996636641701851,ETD-Graduate,Yes,pdf,Estimating Parameters of the SIR Epidemiology Model using Simulated Survey Data and Multinomial Maximum Likelihood,,26,2
996636641801851,ETD-Doctoral,Yes,pdf,Advanced Magnetic Nanomaterials and Nanotechnology for Applications of Nuclear Radiation Detection and Ultrahigh Frequency Electronics,,45,30
996636641901851,ETD-Graduate,Yes,pdf,OXIDATION KINETICS OF GRAPHITE AND COAL USING THERMOGRAVIMETRIC ANALYSIS,,47,9
996636642001851,ETD-Graduate,Yes,pdf,"The Effect of Neighborhood Parks on Reported Crime Rates in the Greater San Antonio Area, Texas",,29,6
996636642101851,ETD-Graduate,Yes,pdf,Traditional versus Non-traditional Teaching: Perspectives of Students in Introductory Statistics Classes,,10,6
996636642201851,ETD-Graduate,Yes,pdf,Energy Methods and Finite Element Analysis in Orthodontic Applications,,26,3
996636642301851,ETD-Graduate,Yes,pdf,Reflections in Stone Tools: A Life Story of Don E. Crabtree,,11,40
996636642401851,ETD-Doctoral,Yes,pdf,Simulating the Influence of Shifts in Snow Redistribution on Semi-Arid Upland Vegetation in a Warming Climate,,19,2
996636642601851,ETD-Doctoral,Yes,pdf,What You See Is Not What You Get: Antecedents and Consequences of the Imposter Phenomenon in Sport Coaches,,10,26
996636642701851,ETD-Doctoral,Yes,pdf,CHARACTERIZATION OF RECOMBINANT STRAINS OF POTATO VIRUS Y ASSOCIATED WITH TUBER NECROSIS CIRCULATING IN NORTH AMERICAN POTATOES,,43,6
996636642801851,ETD-Graduate,Yes,pdf,Modeling and Simulation of a Static Synchronous Compensator (STATCOM) for the UI Analog Model Power System,,47,47
996636642901851,ETD-Graduate,Yes,pdf,Dynamic Model and Design of an Integrated Flywheel Energy Storage System,,3,10
996636643001851,ETD-Doctoral,Yes,pdf,"AGENCY, COMMUNITY, LEARNING-RISKS, AND ADULT LEARNERS",,0,8
996636643101851,ETD-Doctoral,Yes,pdf,Improving Patient Care in the Secondary School Athletic Training Setting,,18,9
996636643201851,ETD-Graduate,Yes,pdf,Delayed Parturition Determined by Body Condition: A State-Dependent Life History Model for Elk,,30,11
996636643301851,ETD-Graduate,Yes,pdf,Evaluation and Improvements to a Mechanical Engineering Capstone Designed Autoclave System for Use in High Temperature Aqueous Environments,,31,7
996636643401851,ETD-Graduate,Yes,pdf,Creating invasive plant distribution models for the Greater Yellowstone Ecosystem to meet conservation objectives,,15,10
996636643501851,ETD-Graduate,Yes,pdf,"Isotopic Discrimination of Aquifer Recharge Sources, Subsystem Connectivity and Flow Patterns in the South Fork Palouse River Basin, Idaho and Washington, USA",,19,10
996636737701851,ETD-Graduate,Yes,pdf,“As We Gather Each Year”: A Public Archaeology Exhibit for Iosepa,,40,12
996636737801851,ETD-Doctoral,Yes,pdf,Deep Learning for Ultrasound-based Breast Cancer Early Detection,,36,30
996636737901851,ETD-Doctoral,Yes,pdf,Improving Feed Efficiency and Nutritional Values of Selected Rainbow Trout (Oncorhynchus mykiss),,13,32
996636738001851,ETD-Graduate,Yes,pdf,FUNGAL RESISTANCE AND LEACHABILITY OF GENIPIN-CROSSLINKED CHITOSAN TREATED WOOD,,56,5
996636738101851,ETD-Doctoral,Yes,pdf,Temperature Effects on Early Life Stages of the North American Burbot: Implications for Restoring the Lower Kootenai River Population,,43,13
996636738201851,ETD-Doctoral,Yes,pdf,"""Telling Our Stories"": schitsu'umsh Undergraduates Explore Place-Attachment and Identity Through Visual Narratives",,28,9
996636738301851,ETD-Graduate,Yes,pdf,Unicon's OpenGL 2D and Integrated 2D/3D Graphics Implementation,,33,8
996636738401851,ETD-Doctoral,Yes,pdf,The Physiological Response of Conifers to Fire,,19,7
996636738501851,ETD-Doctoral,Yes,pdf,Utilizing dendrochronology to investigate multiscale drivers of conifer growth in the Pacific Northwest,,72,22
996636738601851,ETD-Graduate,Yes,pdf,Glucosinolates and Glycoalkaloids as Biopesticides,,22,5
996636738701851,ETD-Doctoral,Yes,pdf,Climate Change Impacts on Snowpack Heterogeneity: Spatial and Temporal Variability at Multiple Scales,,40,11
996636738801851,ETD-Graduate,Yes,pdf,RESPONSE OF IMPROVED WESTERN LARCH SEEDLINGS TO DROUGHT STRESS AND SITE QUALITY,,31,20
996636738901851,ETD-Graduate,Yes,pdf,Seismic Tremor Reveals Spatial Organization and Temporal Changes of Subglacier Water System,,31,13
996636739001851,ETD-Doctoral,Yes,pdf,UNDERSTANDING PATTERNS OF LAND-COVER AND LAND-USE CHANGE IN THE TRIFINIO REGION OF CENTRAL AMERICA,,28,14
996636739101851,ETD-Graduate,Yes,pdf,Estimating the Population Level Effects of Viral Coinfection in a Model Drosophila System,,18,5
996636739201851,ETD-Graduate,Yes,pdf,Whitewashed: Stories,,0,6
996636739301851,ETD-Graduate,Yes,pdf,Electrochemical Investigation on Environmental Degradation of Magnesium Rare Earth Alloys,,33,6
996636739401851,ETD-Doctoral,Yes,pdf,A Semantic Least Privilege and Semi-Automated Approach to Preventing Cyber Attacks on Web Applications,,47,5
996636739501851,ETD-Doctoral,Yes,pdf,The Roles of Community and Land in STEM Education of Native American Youth,,24,18
996636739601851,ETD-Graduate,Yes,pdf,THE DISCOVERY AND CHARACTERIZATION OF THE CARBON ALLOTROPE GUITAR,,18,7
996636739701851,ETD-Graduate,Yes,pdf,EFFECTS OF HORIZONTAL CURVE ON DRIVER’S PASSING MANEUVER ALONG TWO-LANE RURAL HIGHWAYS,,21,3
996636739801851,ETD-Doctoral,Yes,pdf,DIAGNOSIS AND ESTIMATION OF CRYOSPHERE CHANGES IN CENTRAL ASIA,,30,5
996636739901851,ETD-Graduate,Yes,pdf,"Engendering Space at the Grissom Site (45KT301): Prehistoric Spatial Use Patterns Within the Shadow of Chelohan, an Intertribal Meeting Ground within Kittitas County, Washington",,4,58
996636740001851,ETD-Doctoral,Yes,pdf,Greater Sage-Grouse Response to Conifer Encroachment and Removal,,17,7
996636740101851,ETD-Graduate,Yes,pdf,Dynamics of Cold Hardiness Accumulation and Loss in the Great Basin Native Species Eriogonum umbellatum:  Spatial and Temporal Changes in Populations,,19,1
996636740201851,ETD-Graduate,Yes,pdf,Toward Maximal Polyhydroxyalkanoate Production from Dairy Manure: Controlling and Optimizing Biosynthesis with Implications for Design,,40,5
996636740301851,ETD-Graduate,Yes,pdf,Monitoring the Effects of Forage Kochia (Bassia prostrata) on Newly Established Wildfire Fuel Breaks and Adjoining Plant Communities,,1,5
996636740401851,ETD-Graduate,Yes,pdf,Determining the Relative Average Degree of Channelization (RADC) within Starch Granules of Five Inbred Maize Lines,,0,3
996636740501851,ETD-Graduate,Yes,pdf,"Effects of Dried Potato Extract on Yield, Shelf Stability, and Sensory Characteristics of Beef Patties, Chicken Frankfurters, and Beef Top Round",,21,5
996636740601851,ETD-Graduate,Yes,pdf,Finding Balance,,3,4
996636740701851,ETD-Graduate,Yes,pdf,Estimating Nitrogen Content of Dryland Wheat Fields Using Landsat Imagery,,26,5
996636740801851,ETD-Graduate,Yes,pdf,"Cold Cream, Masculinity, and Internment: The Archaeology of Japanese American Internees at Idaho's Kooskia Internment Camp, 1943-1945",,23,13
996636740901851,ETD-Doctoral,Yes,pdf,THE ABSENCE OF THE CELLULAR PROTEIN P53 INHIBITED EFFICIENT TRAFFICKING OF HCMV VIRAL CAPSIDS FROM THE NUCLEUS,,29,6
996636741001851,ETD-Doctoral,Yes,pdf,"Ecology and Management of Columbian sharp-tailed grouse in Southern Idaho: Evaluating infrared technology, the Conservation Reserve Program, statistical population reconstruction, and the olfactory concealment theory",,23,5
996636741101851,ETD-Doctoral,Yes,pdf,Instructor Influence on Self-Efficacy in Women with Gestational Diabetes Mellitus,,24,9
996636741201851,ETD-Doctoral,Yes,pdf,MULTIVARIATE ANALYSIS IN VIBRATIONAL SPECTROSCOPY,,20,10
996636741301851,ETD-Graduate,Yes,pdf,Constructing a Research and Development Framework for Integrating Nanotechnologies with Nuclear Technologies,,18,5
996636741401851,ETD-Graduate,Yes,pdf,Corrosion Behavior in Friction Stir Processed Austenitic Stainless Steel,,23,8
996636741501851,ETD-Doctoral,Yes,pdf,Provenance documentation to enable explainable and trustworthy AI,,40,8
996636741601851,ETD-Graduate,Yes,pdf,Tolerance for Carnivore Behavior and Management Action Acceptance in Idaho,,28,12
996636741701851,ETD-Graduate,Yes,pdf,CubeSat Power System Implementing a Zero Voltage Switching Resonant Buck Converter Design with Low Electronic & Radio Frequency Noise,,23,15
996636741801851,ETD-Graduate,Yes,pdf,Defied Expectations but Satisfactory Results: How Recording Industry Contributions Influenced the Reception of Popular Music during WWII,,59,7
996636741901851,ETD-Doctoral,Yes,pdf,Understanding the Requirements for Successfully using Transfer Learning in Genetic Algorithms,,39,3
996636742001851,ETD-Doctoral,Yes,pdf,Optimizing Invader Probe Architectures for Sequence-Unrestricted Recognition of dsDNA Targets,,29,6
996636742101851,ETD-Doctoral,Yes,pdf,"Biostratigraphy of Devonian-Mississippian Sappington Formation and Devonian Trident Member of Three Forks Formation in Southwestern Montana, U.S.A.",,68,8
996636742201851,ETD-Graduate,Yes,pdf,Developing a Visual Language that Combines Western and Chinese Painting,,39,16
996636742301851,ETD-Doctoral,Yes,pdf,Gender and the Cultural Impact of War in Weimar Germany: Moral Degeneration and Regeneration,,45,56
996636742401851,ETD-Graduate,Yes,pdf,"Visioning Place-Based Resource Recovery: the Twin Falls, Idaho Water Resource Recovery Facility",,31,3
996636742501851,ETD-Graduate,Yes,pdf,"TESTING THE EFFICACY OF BLUE INTENSITY AS A TEMPERATURE PROXY IN PICEA ENGELMANNII FROM ITS SOUTHERN RANGE LIMIT, NORTHERN NEW MEXICO, USA",,21,8
996636742601851,ETD-Graduate,Yes,pdf,Development and Validation of the OpCost Forest Operations Cost Model,,22,9
996636742701851,ETD-Doctoral,Yes,pdf,A Multi-Case Study of Professional Ethics in Alternative Education: Exploring Perspectives of Alternative School Administrators,,46,5
996636742801851,ETD-Graduate,Yes,pdf,Quantitative Analysis of He Enrichment Processes in Peridotite Shear Zones through Sample Analyses and Numerical Modeling,,11,4
996636742901851,ETD-Doctoral,Yes,pdf,An Analysis of Patient Outcomes When Applying the Total Motion Release® Technique to treat Patients with Patellofemoral Pain Syndrome: A Dissertation of Clinical Practice Improvement,,8,7
996636743001851,ETD-Graduate,Yes,pdf,Hesitation Wounds,,0,6
996636743101851,ETD-Graduate,Yes,pdf,The Effects of Elevated Subcutaneous Fat Stores on Serum and Cellular Fatty Acid Composition and Gene Expression of Pro-Inflammatory Markers in Periparturient Dairy Cows,,17,7
996636743201851,ETD-Doctoral,Yes,pdf,Integrating Insights for Complex Problem Solving:  Applications for Interdisciplinary Pedagogy and Water Governance,,23,16
996636743301851,ETD-Graduate,Yes,pdf,In Due Time All Are Buried,,0,2
996636743401851,ETD-Doctoral,Yes,pdf,Analysis of an individual clinician's patient outcomes when applying the Mulligan Concept intervention strategy to treat lateral ankle sprains in an intercollegiate athletic training clinic. A dissertation of clinical practice improvement,,28,13
996636743501851,ETD-Graduate,Yes,pdf,Protecting the Footprints of Rivers in the United States during the Anthropocene: A Personhood Proposal for the Columbia River Watershed and a Recognition of Genius Loci in Water Resources Management,,28,9
996636743601851,ETD-Graduate,Yes,pdf,Effects of a 12-Week Dairy-Based Probiotic Dietary Intervention on Cognitive Outcomes in Older Adults,,35,4
996636743701851,ETD-Graduate,Yes,pdf,Polyampholyte Hydrogels for Tissue Engineering and Drug Delivery Applications,,16,4
996637645401851,ETD-Doctoral,Yes,pdf,"A Comprehensive Evaluation of Milk and the Milk Microbiome through Proteomic, Metabolomic, and Lipidomic Analyses to Identify and Characterize Subclinical and Clinical Mastitis in Early-Lactation Dairy Cows",,74,10
996637645501851,ETD-Doctoral,Yes,pdf,An Integrated Approach to Understanding and Maximizing Sport Well-Being: Developing Instruments to (a) Measure Holistic Sport WB and (b) Identify Strategies to Measure and Promote Sport WB,,37,24
996637645601851,ETD-Doctoral,Yes,pdf,Idaho’s Funding Allocations and English Language Learner Achievement,,59,12
996637645701851,ETD-Graduate,Yes,pdf,"Evaluation of Growth, Meat Quality, and Sensory Characteristics of Wool, Hair, and Composite Lambs",,32,4
996637645801851,ETD-Doctoral,Yes,pdf,An Online Polymorphic Attack Detection Model for Cooperative Intelligent Transportation Systems,,20,6
996637645901851,ETD-Graduate,Yes,pdf,Evaluating Polyaluminum Chloride Coagulants for a Large Drinking Water Provider Using Benchtop and Pilot Plant Scale Analysis,,37,8
996637646001851,ETD-Doctoral,Yes,pdf,Oil and gas reclamation on US public lands: improving the process with land potential concepts,,49,8
996637646101851,ETD-Graduate,Yes,pdf,Even the Parts I Promised to Myself,,0,7
996637646201851,ETD-Graduate,Yes,pdf,"Public Perceptions of Lead in the United States: Exploring Perceived Risk, Trust, and Subjective Knowledge",,17,7
996637646301851,ETD-Graduate,Yes,pdf,Development and Evaluation of a Data Acquisition Camera Technique to Measure Opening Loads Caused by Plasticity-Induced Crack Closure during Fatigue Crack Growth,,36,5
996637646401851,ETD-Doctoral,Yes,pdf,Electrolytic Reduction of Metal Oxides in Molten Li2O/LiCl,,29,9
996637646501851,ETD-Graduate,Yes,pdf,Strain-Specific Resistance to Potato virus Y (PVY) in Potato and its Effect on the Relative Abundance of PVY Strains in Commercial Potato Fields,,28,1
996637646601851,ETD-Doctoral,Yes,pdf,Applying Lidar and High-Resolution Multispectral Imagery for Improved Quantification and Mapping of Tundra Vegetation Structure and Distribution in the Alaskan Arctic,,30,18
996637646701851,ETD-Graduate,Yes,pdf,Measurement and Analysis of Electric Fields in Ocean Environments,,19,7
996637646801851,ETD-Graduate,Yes,pdf,Steelhead Recycling in the Willamette River and the Influence of Freshwater and Ocean Growth on Age at Maturity of Steelhead,,44,3
996637646901851,ETD-Graduate,Yes,pdf,Web-Enabled Technologies and Individual User Agency,,0,8
996637647001851,ETD-Graduate,Yes,pdf,The Deep End: A Midwestern Guide to Mourning and Metaphysics,,0,1
996637647101851,ETD-Doctoral,Yes,pdf,Examining a Regional Interdependence Approach for the Treatment of Acute and Chronic Musculoskeletal Dysfunction: A Dissertation of Clinical Practice Improvement,,54,2
996637647201851,ETD-Doctoral,Yes,pdf,Effectiveness and Causal Mechanisms for a ‘Life after Sport’ Career Development Intervention with Collegiate Student-Athletes,,18,22
996637647301851,ETD-Doctoral,Yes,pdf,Wildfire and Climate Change in Mixed-Conifer Ecosystems of the Northern Rockies:  Implications for Forest Recovery and Management,,5,18
996637647401851,ETD-Doctoral,Yes,pdf,Investigation of the Rosenbaum Concussion Knowledge and Attitudes Survey in Collegiate Athletes: A Dissertation of Clinical Practice Improvement,,8,8
996637647501851,ETD-Graduate,Yes,pdf,Seasonal Variation in Empirical and Modeled Periphyton at the Watershed Scale,,24,6
996637647601851,ETD-Doctoral,Yes,pdf,Legacy of Repeated Disturbances in Mixed-Conifer Forests,,24,6
996637647701851,ETD-Graduate,Yes,pdf,Child Feeding Practices Reported by Saudi Arabian Mothers with Two to Six Year Old Children and their Association with Negative Reactions to Food and Mothers' Autonomy,,0,5
996637647801851,ETD-Graduate,Yes,pdf,The Development of a Cross-Disciplinary Approach in Industrial Control System Cyber Forensics,,34,6
996637647901851,ETD-Graduate,Yes,pdf,Multidecadal trends in burn severity and patch size in the Selway-Bitterroot Wilderness Area 1900-2007,,25,4
996637648001851,ETD-Graduate,Yes,pdf,ASSESSMENT OF SAMPLING TECHNIQUES AND FISH ASSEMBLAGE STRUCTURE IN LARGE WESTERN RIVER SYSTEMS,,20,8
996637648101851,ETD-Graduate,Yes,pdf,The War That Made Rome An Empire The Second Punic War And Its Enduring Social Impact,,84,90
996637648201851,ETD-Doctoral,Yes,pdf,Investigating the Chemistry and Biomechanical Strength of Stalks for Understanding Lodging,,65,13
996637648301851,ETD-Graduate,Yes,pdf,Multivariate Patterns in Potential Environmental Covariates of Elk Abundance in Three Oregon Management Regions,,60,3
996637648401851,ETD-Doctoral,Yes,pdf,Detecting Variadic Functions in Stripped Binaries from C/C++,,37,5
996637648501851,ETD-Doctoral,Yes,pdf,Exploring Double-Strand DNA-Targeting Strategies,,19,14
996637648601851,ETD-Graduate,Yes,pdf,Investigating behavior of the potato psyllid Bactericera cockerelli (Šulc) (Hemiptera: Triozidae) on three potato genotypes with putative resistance to “Candidatus Liberibacter solanacearum”,,38,7
996637648701851,ETD-Graduate,Yes,pdf,The Influence of Biopesticides on Verticillium Wilt in Potatoes,,25,4
996637648801851,ETD-Graduate,Yes,pdf,The Complexities of Neophyte Diet: an Analysis of Faunal Remains from Feature 157 at Mission Santa Clara de Asís,,23,6
996637648901851,ETD-Graduate,Yes,pdf,Where the Water Breaks Through,,0,2
996637649001851,ETD-Graduate,Yes,pdf,POWER ELECTRONIC COMPONENTS AND HARDWARE FOR AN EXPERIMENTAL FLYWHEEL ENERGY STORAGE SYSTEM,,1,4
996637649101851,ETD-Doctoral,Yes,pdf,SOLUTION OF THE BETHE-GOLDSTONE EQUATION WITHOUT PARTIAL WAVE DECOMPOSITION,,26,6
996637649201851,ETD-Graduate,Yes,pdf,"Kokanee Spawning Ecology and Recruitment Response to Water Level Management in Lake Pend Oreille, Idaho",,26,37
996637649301851,ETD-Graduate,Yes,pdf,Framing techniques in wildland fire communication: The impact of gain and loss frames on support for management,,0,10
996637649401851,ETD-Doctoral,Yes,pdf,DEVELOPMENT OF AN ADVANCED PRIVACY-AWARE IOT FORENSICS PROCESS MODEL,,35,8
996637649501851,ETD-Graduate,Yes,pdf,Application of Hierarchical Bayes to Estimate Relative Risk of Suicide in Idaho Counties,,21,1
996637649601851,ETD-Graduate,Yes,pdf,Ecstatic [X]Reality: Mediating Altered States of Consciousness,,40,70
996637649701851,ETD-Graduate,Yes,pdf,"Examining the Grit, Optimism, Locus of Control, and Self-Efficacy of Student Leaders in Idaho’s Career and Technical Student Organizations",,28,8
996637649801851,ETD-Doctoral,Yes,pdf,Arithmetic Relations Between Fourier Coefficients of Siegel Paramodular Forms,,56,13
996637909801851,ETD-Graduate,Yes,pdf,She Says It This Way :,,27,2
996637909901851,ETD-Graduate,Yes,pdf,The Fact and Curl of It [Studies],,0,4
996637910001851,ETD-Graduate,Yes,pdf,SYSTEMATICS OF CHLOROPYRON (OROBANCHACEAE): IMPLICATIONS OF MISSING DATA ON QUARTET-BASED SPECIES TREE METHODS,,10,7
996637910101851,ETD-Graduate,Yes,pdf,Impacts of Post-Thinning Biomass Removal and Soil Amendments on Forest Productivity in Northern Idaho,,21,3
996637910201851,ETD-Doctoral,Yes,pdf,Scalable Distributed Feature Tracking and Remapping on Adaptive Unstructured Meshes for Finite Element Simulations,,13,5
996637910301851,ETD-Graduate,Yes,pdf,Evolving Traffic Assignments for Urban Evacuations,,41,3
996637910401851,ETD-Doctoral,Yes,pdf,Trait Variability in Bacteria: Studies in DNA Methylation and Selective Amplification,,26,10
996637910501851,ETD-Graduate,Yes,pdf,Modeling and Simulation the Impacts of STATCOMs on Distance Protection and Developing a Microgrid Energy Management Scheme for a Pacific Northwest City,,25,20
996637910601851,ETD-Doctoral,Yes,pdf,PREVALANCE OF BREATHING PATTERN DISORDERS: A DISSERTATION OF CLINICAL PRACTICE IMPROVEMENT,,20,4
996637910701851,ETD-Graduate,Yes,pdf,Phosphorus Speciation in Dairy Manure-Amended Calcareous Soils,,14,6
996637910801851,ETD-Graduate,Yes,pdf,"PUBLIC ARCHAEOLOGY OF THE WEISER RIVER BASIN, ADAMS AND WASHINGTON COUNTIES, WEST CENTRAL IDAHO",,19,3
996637910901851,ETD-Graduate,Yes,pdf,Cellar of Salt,,0,2
996637911001851,ETD-Graduate,Yes,pdf,Incorporating Traditional Ecological Knowledge in Current and Future Management Plans: Coeur d'Alene and Westslope Cutthroat Trout (Onorhynchus clarki lewisi),,24,8
996637911101851,ETD-Graduate,Yes,pdf,Comparison of two methods to estimate within-lake regenerated nutrients and determine their role in harmful algal blooms,,27,2
996637911201851,ETD-Doctoral,Yes,pdf,Sediment Transport Predictions and Bed Surface Adjustments in Spatially Variable Flow,,20,6
996637911301851,ETD-Graduate,Yes,pdf,Local Service Delivery in Idaho Cities: A Study of Modes of Service Delivery and City Choices,,19,2
996637911401851,ETD-Graduate,Yes,pdf,Application of Autocorrelation Principles to the Current Distribution for Direct Characterization of Line Source Radiation,,0,7
996637911501851,ETD-Graduate,Yes,pdf,"The effect of homofermantative lactic acid bacteria and exogenous fibrolytic enzymes on the ensiling characteristics and rumen degradability of alfalfa, corn silages and cool season mixed grass haylage",,20,3
996637911601851,ETD-Doctoral,Yes,pdf,Enumeration of permutations indexing local complete intersection Schubert varieties,,45,13
996637911701851,ETD-Graduate,Yes,pdf,"Geomorphic evidence for geologically recent groundwater flow associated with the Cerberus Fossae magmatic and volcanic system, Mars",,0,3
996637911801851,ETD-Graduate,Yes,pdf,"The “Politics” of Incarceration: Representation, Riots, Hierarchy, and Hunger Strikes in the California Penal System—a History of Inmate Organizing",,29,1
996637911901851,ETD-Doctoral,Yes,pdf,"Terracette Soil Moisture Patterns in Semiarid Rangelands as a Tool to Inform Sustainable Best Management Practices and Bridge Water Resource Science, Management, and Policy",,40,4
996637912001851,ETD-Graduate,Yes,pdf,"Optimization of a Dry, Mixed Nuclear Fuel Storage Array for Nuclear Criticality Safety",,11,2
996637912101851,ETD-Graduate,Yes,pdf,The Forest Management Divide: Evidence From Administrative Comments on U.S. Forest Service Projects Indicating Why Environmental Interest Groups in the Northwestern U.S. Choose Whether or Not to Collaborate,,30,6
996637912201851,ETD-Doctoral,Yes,pdf,Application of Synchrophasors for Validation of Transmission Line Distance Relay Parameters,,27,11
996637912301851,ETD-Doctoral,Yes,pdf,"THE EFFECTS OF STRUCTURAL TRANSFORMATION ON RURAL LIVELIHOODS, AGRICULTURAL INTENSIFICATION AND MIGRATION DYNAMICS IN THE SAN JUAN-LA SELVA BIOLOGICAL CORRIDOR, COSTA RICA",,27,1
996637912401851,ETD-Doctoral,Yes,pdf,"Applications of Contextual Fuzzy Operators and Fuzzy Extensions for Polymorphism, Data Mining and Analysis",,9,7
996637912501851,ETD-Graduate,Yes,pdf,The Development of Structural Analysis Virtual Module For iPad Application,,27,19
996637912601851,ETD-Doctoral,Yes,pdf,Temperate Lakes on Titan,,33,10
996637912701851,ETD-Graduate,Yes,pdf,QUANTIFYING DANGEROUS SITUATION EXPOSURE FOR BICYCLISTS,,32,2
996637912801851,ETD-Graduate,Yes,pdf,REVEALING LIVESTOCK EFFECTS ON BUNCHGRASS VEGETATION WITH LANDSAT ETM+ DATA ACROSS A GRAZING SEASON,,20,5
996637912901851,ETD-Graduate,Yes,pdf,"Administrator's Perspectives of Meridian School District PTE Magnet Programs, Instructors, and Students",,25,2
996637913001851,ETD-Graduate,Yes,pdf,SPATIAL AND TEMPORAL PATTERNS OF WATER CONTENT IN DRYLAND CROP PRODUCTION IN THE PALOUSE,,19,1
996637913101851,ETD-Doctoral,Yes,pdf,Recombinants of Bean common mosaic virus (BCMV) and Genetic Determinants of BCMV Involved in Overcoming Resistance in Common Beans,,18,10
996637913201851,ETD-Doctoral,Yes,pdf,Synthesis and Characterization of Energetically Activated Duplexes for Sequence-Unrestricted Recognition of Double-stranded DNA,,32,3
996637913301851,ETD-Graduate,Yes,pdf,Anticipation Strategies based on Artificial Intelligence Techniques for Communication between Two Groups of Agents,,28,5
996637913401851,ETD-Graduate,Yes,pdf,"Static Analysis of Stripped Binary Executables to find Function Parameters, Local Variables and Parameters Used as Pointers in Intel 32-bit and 64-bit Architectures",,46,27
996637913501851,ETD-Doctoral,Yes,pdf,Perceptions of Idaho CTE Teachers of Teaching During a Pandemic,,61,6
996637913601851,ETD-Graduate,Yes,pdf,Confessionalization in the Genevan Consistory and the Anglican Church,,39,3
996637913701851,ETD-Graduate,Yes,pdf,Effect of Ground Based Harvesting Equipment on Soil Physical Properties,,60,4
996637913801851,ETD-Doctoral,Yes,pdf,Histologic Pathology of Respiratory Viral Coinfection in Mice and Knockdown of Nidogen in a Human Cytomegalovirus Infected Brain Organoid Model,,40,4
996637913901851,ETD-Graduate,Yes,pdf,Alternative fabrication and muscle profiling of the beef top sirloin butt,,23,4
996637914001851,ETD-Graduate,Yes,pdf,EXAMINATION OF NONCOGNITIVE SKILLS IN IDAHO STUDENTS PARTICIPATING IN STATE FFA EVENTS ACROSS THE COVID-19 PANDEMIC,,43,5
996637914101851,ETD-Doctoral,Yes,pdf,Friction Stir Technology Based Repair of Stainless Steel Canisters: Microstructural Modification to Mitigate Chloride Induced Stress Corrosion Cracking,,21,8
996637914201851,ETD-Doctoral,Yes,pdf,Recurrent Spatio-Temporal Snowmelt Patterns: Synthesis and Application Over the Snake River Basin,,48,6
996637914301851,ETD-Graduate,Yes,pdf,"Molten Test Loop Design and Construction, and CFD a Comparison of Forced Convection of Molten Solar Salt Through Straight and Fluted Tubes",,37,8
996637914401851,ETD-Doctoral,Yes,pdf,"Understanding impacts of climate change, land management, and wildfire on forest carbon cycling in western US forests",,28,14
996637914501851,ETD-Graduate,Yes,pdf,The Effects of Soybean Meal on Inflammatory Gene Expression in the Liver and Intestine of Salmonids,,46,2
996637914601851,ETD-Graduate,Yes,pdf,"Welcome to The Meeting, Please Find Your Seat",,19,5
996637914701851,ETD-Doctoral,Yes,pdf,"Genomics of Rapid Evolution in the Tasmanian Devil (Sarcophilus harrisii) and Tamarisk Beetles (Diorhabda spp.), Wild Populations of Management Concern",,41,8
996637914801851,ETD-Graduate,Yes,pdf,Interactions of Seed Bacteria with Fungal Endophytes and Plants,,40,16
996637914901851,ETD-Doctoral,Yes,pdf,Characterization and Modeling of Irradiation Induced Nanoclusters in Ferritic-Martensitic and Zirconium-Niobium Alloys.,,49,6
996637915001851,ETD-Doctoral,Yes,pdf,Jump Up and Swing Your Tail:  Mechanics of an Escape Response in Desert Kangaroo Rats (D. deserti),,24,8
996637915101851,ETD-Graduate,Yes,pdf,A Stateless Broadcast Network Protocol for LoRa,,33,8
996637915201851,ETD-Graduate,Yes,pdf,Triple Bottom Line Approach to Community Sustainability and Cohesion: A Conceptual Framework,,18,6
996637915301851,ETD-Doctoral,Yes,pdf,HESTIA - Semi-Automatic and Adversary-Aware Risk Assessment of Critical Infrastructure Systems,,57,6
996637915401851,ETD-Graduate,Yes,pdf,Biochemical and Physiological Effects of Organic and Inorganic Zinc in a Commercial Strain of Diploid and Triploid Rainbow Trout (Oncorhynchus mykiss),,46,6
996637915501851,ETD-Graduate,Yes,pdf,Regency Fashion: The Muslin Round Gown,,28,7
996637915601851,ETD-Doctoral,Yes,pdf,"Science Transcending Boundaries: The Roles of Gender, Power, and Place in Community-Based Research and Adaptive Capacity",,23,8
996637915701851,ETD-Graduate,Yes,pdf,A new method for estimating evaporative losses from hot springs using chloride and deuterium as tracers.,,22,9
996637915801851,ETD-Doctoral,Yes,pdf,Preparing for Water Change in the Columbia River Basin: An Integrated Analysis of Vulnerability & Climate Research Review,,30,6
996637915901851,ETD-Doctoral,Yes,pdf,"Transmission Line Parameters Estimation for Series Compensated Line, Mutually Coupled Line, and Short Line Using Synchrophasor Measurements",,28,10
996637916001851,ETD-Doctoral,Yes,pdf,Modeling and Experimental Validation of Latent Heat Thermal Energy Storage System,,34,8
996637916101851,ETD-Graduate,Yes,pdf,"Optimized Vehicles Dimensioning, Dispatching and Charging Schemes  for Multi-class Autonomous Electric Mobility On-demand Systems",,37,6
996637916201851,ETD-Graduate,Yes,pdf,Analysis of Hybrid Free Space Optics and Radio Frequency Cooperative Relaying Systems,,21,5
996637916301851,ETD-Graduate,Yes,pdf,Live Load Distribution Factors of Rural Bridges Subjected to Farming Vehicles,,26,8
996637916401851,ETD-Doctoral,Yes,pdf,Development of Techniques for Recycling the Waste Phosphors and Rare Earth Elements from End-of-Life Fluorescent Lamps,,0,4
996637916501851,ETD-Graduate,Yes,pdf,HTStream: A Toolkit for High Throughput Sequencing Analysis,,27,10
996637916601851,ETD-Doctoral,Yes,pdf,The Nucleon-Nucleon Interaction in Chiral Effective Field Theory up to 5th Order (N4LO),,34,4
996637916701851,ETD-Graduate,Yes,pdf,Improving backup protection using sampled values for generating stations,,28,6
996637916801851,ETD-Doctoral,Yes,pdf,Efficient Optimizations in Metric and Network Spaces,,11,14
996637916901851,ETD-Doctoral,Yes,pdf,MODELING ELECTROLYTIC STRUVITE PRECIPITATION FOR NUTRIENT RECOVERY FROM ANAEROBIC-DIGESTED POULTRY WASTEWATER,,7,6
996637917001851,ETD-Doctoral,Yes,pdf,The Ecological Implications of Body Size: Insights from an African Large Herbivore Assemblage,,27,10
996637917101851,ETD-Doctoral,Yes,pdf,"Race, Place, and Youth Identity: Critical Ethnographic Participatory Action Research on Youth Perceptions of Race and Racism in the Rural West",,70,8
996637917201851,ETD-Graduate,Yes,pdf,A Case Study Using Deep Learning to Identify North American Arthropods in Photographs,,35,6
996637917301851,ETD-Doctoral,Yes,pdf,A Structured Search Engine for Deep Web Databases,,35,11
996637917401851,ETD-Graduate,Yes,pdf,What Are You Missing?,,0,8
996637917501851,ETD-Graduate,Yes,pdf,ABUSE DETECTION IN MEDICAL CLAIMS USING NLP AND DEEP LEARNING TECHNIQUES,,27,4
996637917601851,ETD-Graduate,Yes,pdf,Examining Present-Day School Travel Risks,,32,18
996637917701851,ETD-Graduate,Yes,pdf,Mesic Meadow Responses to Variation in Grazing Management Practices: Balancing Sage-Grouse Resources with Livestock Production,,32,7
996637917801851,ETD-Graduate,Yes,pdf,Investigation on Microstructure and Mechanical Properties of 316L Stainless Steel Produced via Wire-Fed Laser Metal Deposition with Different Geometries and Processing Parameters,,32,14
996637917901851,ETD-Doctoral,Yes,pdf,The Preparation and Evaluation of an Adsorbent Derived from Acrylic Fiber for Removal of Heavy Metals and Rare Earth Elements from Aqueous Solution,,27,33
996637918001851,ETD-Doctoral,Yes,pdf,Shaping Water Resource Governance: a Comparative Case Study of Five Reservoirs Within the Columbia River Basin,,40,10
996637918101851,ETD-Graduate,Yes,pdf,Survey of encrypted network traffic fingerprinting techniques,,20,7
996637918201851,ETD-Graduate,Yes,pdf,"Evaluation of the Thermal, Mechanical and Rheological Properties of Recycled Polyolefins Rice Hull Composites",,43,5
996637918301851,ETD-Graduate,Yes,pdf,ERADICATION OF ADENOCARCINOMA A549 CELLS USING 5’DFUR AND MESENCHYMAL STEM CELLS TRANSFECTED WITH THYMIDINE PHOSPHORYLASE,,17,3
996637918401851,ETD-Doctoral,Yes,pdf,Understanding the surface-atmosphere interactions on Titan,,35,4
996637918501851,ETD-Graduate,Yes,pdf,THE SURVIVAL OF PINUS PONDEROSA SAPLINGS TO INCREASING LEVELS OF FIRE BEHAVIOR AND IMPACTS ON POST-FIRE GROWTH,,26,3
996637918601851,ETD-Graduate,Yes,pdf,Conceptual Design of the Advanced Test Reactor Non-Destructive Examination System,,23,4
996637918701851,ETD-Graduate,Yes,pdf,"Development of Laboratory Detection Protocols for Two Soil-Borne Potato Viruses, Potato Mop-Top Virus and Tobacco Rattle Virus",,37,6
996637918801851,ETD-Graduate,Yes,pdf,Investigating the Distribution and Diversity of Leptosphaeria maculans in Northern Idaho,,27,2
996637918901851,ETD-Graduate,Yes,pdf,"Understanding Factors Contributing to Wildland Firefighter Health, Safety, and Performance: A Pilot Study on Smokejumpers",,31,4
996637919001851,ETD-Doctoral,Yes,pdf,Adaptive Epistemologies:  Scientific Practice and Environmental Restoration  in a Changing Climate,,40,14
996637919101851,ETD-Graduate,Yes,pdf,The Bioenergy Alliance Network of the Rockies:  A “Next Generation” Approach to Forest Management,,44,5
996637919201851,ETD-Doctoral,Yes,pdf,Evolutionary Mechanisms that Facilitate the Maintenance of Microbial Diversity,,26,3
996637919301851,ETD-Graduate,Yes,pdf,Energy and Exergy Analyses of District Heating and Cooling Systems for Improvements in Sustainability and Performance,,36,6
996637919401851,ETD-Graduate,Yes,pdf,Drain Songs,,0,5
996637919501851,ETD-Graduate,Yes,pdf,SHEAR BEHAVIOR OF HIGH STRENGTH REINFORCED CONCRETE BEAMS,,40,1
996637919601851,ETD-Doctoral,Yes,pdf,The Development and Evaluation of Attention and Situation Awareness Measures in  Nuclear Process Control Using the Rancor Microworld Environment,,30,12
996637919701851,ETD-Doctoral,Yes,pdf,The role of olfactory and visual cues in the host finding behavior of a near-monophagous specialist insect herbivore considered for biological control of weeds,,42,10
996637919801851,ETD-Graduate,Yes,pdf,Throne and Pulpit: The Relationship Between the Medieval Church and the Nascent State During the Pontificate of Alexander III (1159-1181),,27,9
996637919901851,ETD-Graduate,Yes,pdf,Implementation of The Joint-Unscented Kalman Filter for Online Characterization of Synchronous Machines,,43,4
996637920001851,ETD-Doctoral,Yes,pdf,"Environmental Heath and Risk Assessment: Lead Poisoning, Remediation, and Project Sustainability in Zamfara, Nigeria and Lead-Arsenate Contamination in Washington, USA",,44,12
996637920101851,ETD-Graduate,Yes,pdf,RELATIONSHIPS BETWEEN ANDIC AND SPODIC SOIL PROPERTIES AND ASSOCIATED FOREST COMMUNITIES OF THE NORTHERN ROCKY MOUNTAINS,,25,8
996637920201851,ETD-Doctoral,Yes,pdf,"Didymosphenia geminata in the Kootenai River in Libby, Montana: Nuisance Mat Characteristics and Management Strategies for Long-term Suppression",,22,12
996637920301851,ETD-Graduate,Yes,pdf,Bioremediation of Trichloroethylene by Use of Polymer Bio-beads and Quantification of Diffusion of Trichloroethylene through Various Polymer Membranes,,38,7
996637920401851,ETD-Graduate,Yes,pdf,"They Get Along, Share, and Mind Their Own Business: The Paradox of Rancher Adaptation",,18,4
996637920501851,ETD-Graduate,Yes,pdf,Effects of Host Plant Water Stress on Two Insect Pests of Wheat in the Pacific Northwest,,21,4
996637920601851,ETD-Graduate,Yes,pdf,"Spatially Explicit Simulation Modeling of Local, Regional and International Bioenergy Scenarios in the Northern Rockies",,20,3
996637920701851,ETD-Graduate,Yes,pdf,Development and Calibration of the Internal Combustion Engine used in the University of Idaho Hybrid Vehicle Powertrain,,30,5
996637920801851,ETD-Graduate,Yes,pdf,Assessing Social Vulnerability to the Impacts of Climate Change on Forest Ecosystems:  A Case Study of the Pacific Northwest,,29,5
996637920901851,ETD-Doctoral,Yes,pdf,"Water Management and Structuration Theory: A Case Study in the Coeur d'Alene, Idaho - Spokane, Washington Region",,37,4
996637921001851,ETD-Graduate,Yes,pdf,Patologie,,0,2
996637921201851,ETD-Graduate,Yes,pdf,"STOCHASTIC AND ANALYTICAL EXPLORATION OF ENHANCED GEOTHERMAL SYSTEM VIABILITY ON THE SNAKE RIVER PLAIN, IDAHO",,19,4
996637921301851,ETD-Graduate,Yes,pdf,Devonian and Mississippian Sappington Formation in Southwest Montana: Stratigraphic Framework and Facies Relationships,,24,9
996637921401851,ETD-Doctoral,Yes,pdf,INVESTIGATING THE FACTORS THAT MOTIVATE AND ENGAGE NATIVE AMERICAN STUDENTS IN MATH AND SCIENCE ON THE DUCK VALLEY INDIAN RESERVATION FOLLOWING PARTICIPATION IN THE NASA SUMMER OF INNOVATION PROGRAM,,29,9
996637921501851,ETD-Doctoral,Yes,pdf,Processing of Oxide Dispersion Strengthened Alloys via Mechanical Alloying and Spark Plasma Sintering,,24,20
996637921601851,ETD-Graduate,Yes,pdf,Bohemoths of Wonderland,,0,6
996637921701851,ETD-Doctoral,Yes,pdf,Conversion of woody biomass to polyhydroxybutyrate,,51,6
996637921801851,ETD-Graduate,Yes,pdf,Development of multi-year land cover data to assess impacts to coastal watersheds and the nearshore environment,,0,8
996637922001851,ETD-Graduate,Yes,pdf,"Extreme snowfall events in the western United States: variability, change, and implications for water resource management",,20,4
996637922101851,ETD-Graduate,Yes,pdf,"A User-Friendly, Two-Zone Heat Release Model for Predicting Spark-Ignition Engine Performance and Emissions",,42,5
996637922201851,ETD-Doctoral,Yes,pdf,Hydrodynamic interactions in salmon redds: Hyporheic exchange drivers and embryos habitat optimization,,42,10
996637922301851,ETD-Doctoral,Yes,pdf,Faculty Members’ Digital and Instructional Practices in E-learning Programs at Saudi Universities,,43,10
996637922401851,ETD-Graduate,Yes,pdf,"Developing a System for Reliably and Predictably Generating, Recording, and Analyzing Flicker in Commercial and Residential Light Bulbs",,30,3
996637922501851,ETD-Graduate,Yes,pdf,Continuous Inactivation of Escherichia coli By Liquid-Phase  Plasma Discharge,,28,9
996637922601851,ETD-Graduate,Yes,pdf,Swimming in 'thin air': Evaluating the combination of hypoxic and thermal stress as an additive or a synergistic effect on Redband Trout (Oncorhynchus mykiss gairdneri),,16,6
996637922701851,ETD-Doctoral,Yes,pdf,Clusters Merging and Forwarding Schemes in Vehicular Ad Hoc Networks on Highway and Urban Scenarios,,43,7
996637922801851,ETD-Graduate,Yes,pdf,Characterizing Aerodynamic and Flutter Behavior of Flags in a Free Jet Flow,,36,12
996637922901851,ETD-Graduate,Yes,pdf,Sensitivity Analysis of the Unscented Kalman Filter Method for Synchronous Generator Parameter Estimation,,16,9
996637923101851,ETD-Doctoral,Yes,pdf,Computational Approaches to Guide Pathogen Control Within Wildlife Reservoirs,,27,13
996637923201851,ETD-Graduate,Yes,pdf,Deep Learning Approaches for Modeling and Inferring Neuronal Dynamics,,40,9
996637923301851,ETD-Graduate,Yes,pdf,Understanding and Preventing Elk Use of Agriculture Crops,,21,15
996637923401851,ETD-Graduate,Yes,pdf,School Travel Data Collection: Comparing the Use of Quadcopter Drones with Travel Tally Surveys,,46,6
996637923501851,ETD-Graduate,Yes,pdf,Verification of Red Flag Warnings Across the Northwestern U.S. as Forecasts of Large Fire Occurrence,,16,3
996637923601851,ETD-Graduate,Yes,pdf,Exploring Exogenous Matrix Metalloproteinases for Regulating Tendon Formation in Tissue Engineered Collagen Scaffolds,,24,4
996637923701851,ETD-Graduate,Yes,pdf,Network Security Monitoring for Cyber Situational Awareness,,29,9
996637923801851,ETD-Doctoral,Yes,pdf,Exploring Novel Germplasm and Traits in the National Small Grains Collection Using Genome-Wide Association Mapping Studies,,45,6
996637923901851,ETD-Graduate,Yes,pdf,"Electrochemical Study of the Corrosion of Stainless steel 304, Nickel, and Inconel 600 in Molten Eutectic and Composite Salts",,38,5
996637924001851,ETD-Doctoral,Yes,pdf,Reconstruction of the Stand-Level Disturbance History of a Temperate Coniferous Forest using LiDAR data and Geographic Object-Based Image Analysis (GEOBIA),,41,8
996637924101851,ETD-Graduate,Yes,pdf,Over the Rim: Why Faithful Latter-day Saints Would Engage in Mass Murder,,42,23
996637924201851,ETD-Doctoral,Yes,pdf,PHYSIOLOGICAL MECHANISMS OF NUTRITIONAL ADAPTATION TO PLANT PROTEIN DIETS BY SELECTIVE BREEDING IN RAINBOW TROUT,,17,7
996637924301851,ETD-Graduate,Yes,pdf,The Veblen Effect: Economics of a Childhood,,0,6
996637924401851,ETD-Doctoral,Yes,pdf,"INVESTIGATING THE HOST SELECTION BEHAVIOR OF CEUTORHYNCHUS CARDARIAE, A POTENTIAL BIOLOGICAL CONTROL AGENT FOR LEPIDIUM DRABA",,31,10
996637924501851,ETD-Doctoral,Yes,pdf,Population Characterization of two Important Nematodes in Southeastern Idaho Agroecosystems; Heterodera avenae and Steinernema feltiae,,28,3
996637924601851,ETD-Doctoral,Yes,pdf,Comparative Bio-Economic Impact on Rural Transit Highways from Commuter Transit Types,,26,7
996637924701851,ETD-Graduate,Yes,pdf,"Effects of Horizontal Curvature, Vertical Curvature, and Guardrail on Passing Choice and Safety",,33,6
996637924801851,ETD-Graduate,Yes,pdf,Determinants of Species Richness and Trait Diversity in Galapagos’ Native Biota,,17,3
996637925001851,ETD-Graduate,Yes,pdf,Automating the Creation of Virtual Educational Environments to Enhance Cybersecurity and Information Technology Education,,32,3
996637925101851,ETD-Graduate,Yes,pdf,"An Overview of the Pre-Contact Archaeology of the Lochsa River, North Central Idaho",,2,7
996637925201851,ETD-Graduate,Yes,pdf,Using Organic Amendments to Restore Degraded Mineland Soils,,11,11
996637925301851,ETD-Doctoral,Yes,pdf,Contribution of agricultural land uses to bird conservation: a case study of ecosystem service provisioning,,21,5
996637925401851,ETD-Graduate,Yes,pdf,Changes in Student-Athletes’ Self-Efficacy for Making Healthful Food Choices and Food Preparation following a Social Cognitive Theory-based Cooking Education Intervention,,9,11
996637925501851,ETD-Graduate,Yes,pdf,"Biology and Interaction of the Invasive Forb Isatis tinctoria, Dyer’s Woad, with the Native Rust Fungus Puccinia thlaspeos in Populations in the Intermountain West, United States",,39,16
996637925601851,ETD-Doctoral,Yes,pdf,"From Trout to Mollusks: Life Cycle Assessment, Socio-Economic Attributes and Ecosystem Services Surrounding Sustainable Aquaculture",,31,12
996637925701851,ETD-Graduate,Yes,pdf,Assorted and Felonious,,0,0
996637925801851,ETD-Graduate,Yes,pdf,Evaluation of Vehicle Detection Systems for Traffic Signal System Operations,,37,4
996637925901851,ETD-Doctoral,Yes,pdf,"Developing Noticing of Student Thinking at the Secondary Level through the use of Video Clubs: The Case of one Rural, Idaho School",,37,2
996637926001851,ETD-Doctoral,Yes,pdf,An Exploratory Analysis of a Treatment-Based Classification Algorithm: Treating Tendinopathy in the High School Setting,,27,11
996637926101851,ETD-Graduate,Yes,pdf,THE HOLOCENE OCCURRENCE AND EXPLOITATION OF MAMMALS IN THE CLEARWATER AND LOWER SNAKE RIVER REGIONS OF IDAHO,,0,4
996637926301851,ETD-Graduate,Yes,pdf,Potential Farm Planning Strategies for the Prevention of Modern Famines in Malawi Using Game Theory and Linear Programming Methods,,2,4
996637926401851,ETD-Graduate,Yes,pdf,The Phenology and Inducible Defenses of Lepidurus lemmoni (Crustacea: Notostraca),,17,2
996637926501851,ETD-Doctoral,Yes,pdf,Disjoint Seven Cycles and the Four Placement of Trees,,39,2
996637926601851,ETD-Graduate,Yes,pdf,AUTOMATED TEMPERATURE CONTROL FOR RAPID HEATING   RATES IN AN ELEVATED TEMPERATURE ENVIRONMENT,,19,6
996637926701851,ETD-Doctoral,Yes,pdf,"Water, Climate and Land Use in a Non-Stationary Tectonically-Active Humid Tropical Environment",,1,9
996637926801851,ETD-Graduate,Yes,pdf,IMPROVING DAIRY CATTLE FERTILITY: THE ROLE OF ASPIRIN ON PROSTAGLANDIN SECRETION AND THE USE OF AN ALTERNATIVE RESYNCHRONIZATION PROTOCOL TO IMPROVE PREGNANCY RATES IN LACTATING DAIRY COWS,,38,5
996637926901851,ETD-Graduate,Yes,pdf,Mixed-Mode S-Parameters Measurements of Power Distribution Networks,,18,4
996637927001851,ETD-Doctoral,Yes,pdf,Examining Teaching Strategies for Improving the Learning Experience in BYU-Idaho Academic Support Courses,,33,9
996637927101851,ETD-Doctoral,Yes,pdf,Isolation of electrode performance issues for lithium ion batteries during calendar and cycle life,,28,3
996637927201851,ETD-Graduate,Yes,pdf,"Secure, Comfortable, Shaky, and Disastrous: Examining the Current Financial Situations of College-Aged Youth",,20,1
996637927301851,ETD-Graduate,Yes,pdf,LIFE-CYCLE ANALYSIS OF SHIPBOARD MACHINERY RESILIENT MOUNTS,,0,6
996637927401851,ETD-Doctoral,Yes,pdf,STUDENT USE OF EXAMPLE GENERATION TO  UNDERSTAND NOVEL MATHEMATICAL CONCEPTS: A TEACHING EXPERIMENT IN A FIRST-SEMESTER CALCULUS COURSE,,20,7
996637927501851,ETD-Doctoral,Yes,pdf,"The Influence of Cultural Worldview and Networks of Relationships on Implementation of Conservation Practices in Whitman County, Washington",,17,4
996637927701851,ETD-Graduate,Yes,pdf,"Exploring the Astrobiological Potential of Titan's Cryovolcanic Features, Impact Craters, and Liquid Hydrocarbon Lakes \& Seas",,46,9
996637927801851,ETD-Graduate,Yes,pdf,Modeling the Resilience of Multimodal Rural Freight Corridors: An Integrated Area-based and Link-Based Framework,,45,5
996637927901851,ETD-Graduate,Yes,pdf,Water Vapor Variability in Enceladus Plume Spectra from Cassini-VIMS,,52,6
996637928001851,ETD-Doctoral,Yes,pdf,"Examining the Relationship Between Psychological Factors and Pain, Disablement and QOL in an Injured Physically Active Population",,11,8
996637928101851,ETD-Graduate,Yes,pdf,Embedded System for Recording Vocalizations of a Waterbird,,41,5
996637928201851,ETD-Graduate,Yes,pdf,Crash Modification Factors for Public Safety Campaigns – A Case Study: The Idaho’s Shift Initiative,,56,15
996637928301851,ETD-Doctoral,Yes,pdf,"Alternative Futures for Magic Valley Idaho: A Framework, an Applied Case Study, and a tool for Engagement as a Synthesis for a Stakeholder-Driven Research Project in Southern Idaho",,39,13
996637928501851,ETD-Graduate,Yes,pdf,Determining the Vulnerability of Wolves to Harvest,,42,16
996637928601851,ETD-Graduate,Yes,pdf,"Examination of Late 18th and Early 19th Century Identity Through Burial at the Silo of Charlemagne in Roncesvalles, Spain",,52,14
996637928701851,ETD-Doctoral,Yes,pdf,The novel SlSINA3-SlWOX14 regulatory module controls plant growth by manipulating the SlGA3ox1 gene responsible for gibberellic acid biosynthesis,,20,4
996637928801851,ETD-Doctoral,Yes,pdf,Tree-ring blue intensity based temperature reconstructions for temperate North America,,28,16
996637928901851,ETD-Doctoral,Yes,pdf,LIQUID PHASE PLASMA DISCHARGE PROCESS FOR BIODIESEL SYNTHESIS,,68,6
996637929001851,ETD-Graduate,Yes,pdf,Upcycling Mixed Plastic Waste into Composites and Fuel,,56,16
996637929101851,ETD-Graduate,Yes,pdf,The Relationship Between Postpartum Ovulation and Concentration of Nutritional and Inflammatory Blood Markers in Multiparous Dairy Cows,,26,3
996637929201851,ETD-Graduate,Yes,pdf,"Effects of increased ambient particulate matter from wildfire some on dairy cow and calf immune function, metabolism, and blood composition",,42,11
996637929301851,ETD-Doctoral,Yes,pdf,The Relevance of Contact Terms Versus Pion-Exchange Contributions in the Chiral Effective Field Theory description of Nucleon-Nucleon Scattering,,41,7
996637929401851,ETD-Graduate,Yes,pdf,"A Vascular Flora of the Selkirk Mountains, Bonner and Boundary Counties, Idaho",,19,11
996637929501851,ETD-Graduate,Yes,pdf,"The Mormon Utopia Kitchen: Foodways and Diaspora in the 19th Century Nauvoo, Illinois Community",,28,5
996637929601851,ETD-Doctoral,Yes,pdf,Eliciting the Effects of Cellular Noise on Growth and Antibiotic Response with Precision Single-Cell Microfabricated Assays,,47,7
996637929701851,ETD-Graduate,Yes,pdf,Design and Experimental Analysis of a Large Scale Natural Convection Test Loop,,36,4
996637929801851,ETD-Graduate,Yes,pdf,Preferences for Alternative Water Supplies in the Pacific Northwest: A Choice Experiment,,29,8
996637929901851,ETD-Graduate,Yes,pdf,Assessing Outcomes of Selection Using Genetic Panels for Prediction of Carcass Quality in Beef Cattle,,38,2
996637930001851,ETD-Graduate,Yes,pdf,Using a Sinusoidal Water Temperature Signal to Relate Sediment Thermal Properties with Sediment Composition Within Streambeds,,16,7
996637930101851,ETD-Graduate,Yes,pdf,Evaluation of Contributing Factors to Wildland Firefighter Fatalities in the United States,,35,8
996637930201851,ETD-Doctoral,Yes,pdf,Using Medium and Large-Sized Mammals as Indicator Species to Measure Connectivity and Large Infrastructure Impacts in Costa Rica,,32,4
996637930301851,ETD-Graduate,Yes,pdf,Environmental Factors Influencing Phosphorus Availability and Speciation in Forest and Meadow Soils of the Lake Tahoe Basin,,34,5
996637930401851,ETD-Graduate,Yes,pdf,On the Stefan Problem with Internal Heat Generation and Prescribed Heat Flux Conditions at the Boundary in Cylindrical Coordinates,,38,11
996637930501851,ETD-Graduate,Yes,pdf,"Association Between Carcass Maturity Grade and Genes Involved in Bone Growth, in Young Heifers",,49,6
996637930601851,ETD-Graduate,Yes,pdf,Providing a basis for optimum investment in the community to create a favorable business climate,,34,3
996637930701851,ETD-Graduate,Yes,pdf,"Fire Effects Following the Egley Fire Complex (OR, USA) in a Dry Ponderosa Pine Forest",,24,6
996637930801851,ETD-Doctoral,Yes,pdf,"The Role of Saliva and Hydrocolloids in Texture Perception of Semisolid Foods: Using Rheological, Tribological and Sensory Evaluation Techniques",,9,13
996637930901851,ETD-Doctoral,Yes,pdf,"Closing Sheltered Workshops: An Analysis of Services, Programs, Training and Experiences Leading to Successful Community Employment Outcomes",,41,9
996637931001851,ETD-Graduate,Yes,pdf,"Effect of Betaine Supplementation on Total Tract Digestibility, Ruminal Fermentation Measures, and Production Performance of Dairy Cows",,44,9
996637931101851,ETD-Doctoral,Yes,pdf,Vehicular Clouds and Networking for Semi-Supervised Alignment of Manifolds of Stereo and LIDAR for Autonomous Vehicles,,26,210
996637931301851,ETD-Graduate,Yes,pdf,Belowground Carbon Fluxes and Changing Climatic Conditions: Evaluating Responses and Improving Mechanistic Modeling,,30,1
996637931401851,ETD-Graduate,Yes,pdf,"Diet Selection, Forage Quality, and Forage Availability: Could Forage Limit Moose Populations in Northern Idaho?",,36,3
996637931501851,ETD-Graduate,Yes,pdf,REPEATED TEXTURE EXPOSURE INCREASED CHILDREN’S INTAKE OF LESS PREFERRED YOGURT TEXTURES: EVIDENCE FOR PRACTICE,,17,3
996637931601851,ETD-Graduate,Yes,pdf,Facies and Sequence Stratigraphy of the Three Forks Formation in Southwestern Montana,,24,2
996637931701851,ETD-Doctoral,Yes,pdf,An Explicit Theta Lift from Hilbert to Siegel Paramodular Forms,,55,4
996637931801851,ETD-Graduate,Yes,pdf,Learning Imbalanced Data Sets with Noisy Replication,,17,4
996637931901851,ETD-Doctoral,Yes,pdf,LANDSCAPE EFFECTS ON BEE POLLINATORS IN A TROPICAL AGROECOSYSTEM,,18,2
996637932001851,ETD-Graduate,Yes,pdf,"Enriching Bovine Milk Fat with Alpha-Linolenic Acid, an Omega-3 Fatty Acid, Through Feeding of a Rumen Protected Flax-Based Supplement",,37,8
996637932101851,ETD-Graduate,Yes,pdf,"AUV State Estimation, Navigation, and Control in the Presence of Ocean Currents",,20,4
996637932301851,ETD-Graduate,Yes,pdf,A Projection of Something that Could Be Loved,,0,9
996637932401851,ETD-Graduate,Yes,pdf,Integrity Issues & Simulation of Microelectronic Power Distribution Network,,17,3
996637932501851,ETD-Graduate,Yes,pdf,"EXAMINING THE AGRONOMIC AND ECONOMIC FEASIBILITY OF UTILIZING WINTER AND SPRING BRASSICACEAE OILSEED CROPS (BRASSICA NAPUS, B. RAPA, B. JUNCEA, B. CARINATA, SINAPIS ALBA, AND CAMELINA SATIVA) FOR BIOFUEL FEEDSTOCK PRODUCTION IN THE INLAND PACIFIC NORTHWEST",,28,8
996637932601851,ETD-Graduate,Yes,pdf,Political Economy and Welfare Implications of the U.S.-Mexican Tomato Agreement,,1,4
996637932701851,ETD-Graduate,Yes,pdf,Analysis of Band-Edge Dynamics in ZnO and MgZnO Thin Films,,36,2
996637932801851,ETD-Doctoral,Yes,pdf,Microbial Community and Proteomic Analysis of a Mixed Microbial Culture Achieving Bioplastic Production from Fermented Dairy Manure,,30,17
996637932901851,ETD-Graduate,Yes,pdf,Distributed Evolution Using Smartphone Robotics,,38,4
996637933001851,ETD-Graduate,Yes,pdf,Polymer Coated Urea in Russet Burbank Potato Production,,0,6
996637933101851,ETD-Graduate,Yes,pdf,Late Miocene Incision of the Salmon River: Implications for the Timing and Driving Mechanisms of Topographic Evolution of the Inland Northwest,,23,5
996637933201851,ETD-Doctoral,Yes,pdf,NASA Ames Sustainability Base Case Study:  Behavioral Effects of Net-Zero Energy Facility Developments in Workplace and Residential Environments,,28,7
996637933301851,ETD-Doctoral,Yes,pdf,Examining Teaching Strategies for Improving the Learning Experience of Students in BYU-Idaho Academic Support Courses,,26,7
996637933401851,ETD-Doctoral,Yes,pdf,UNDERGRADUATES AND RELIGIOSITY: INFORMING COLLEGE PREPARATION FOR HIGH SCHOOL RELIGIOUS EDUCATION PROGRAMS,,0,4
996637933501851,ETD-Graduate,Yes,pdf,EVALUATIONS OF FIRE-RETARDANT FIBER-REINFORCED POLYMER MATERIALS FOR BUILDING APPLICATIONS,,28,22
996637933601851,ETD-Doctoral,Yes,pdf,Identification of Leadership Priorities for Dietetics Education: A Delphi Study,,30,23
996637933701851,ETD-Doctoral,Yes,pdf,ULTRASOUND-ASSISTED EXTRACTION OF RED RASPBERRY ANTHOCYANINS AND UTILIZATION OF MUSTARD MEAL-DERIVED PRODUCTS TO IMPROVE FOOD QUALITY AND SAFETY,,0,3
996637934101851,ETD-Doctoral,Yes,docx,"Evaluating Coordinative Binding, Biological activity, and Catalysis of Redox-Active Azothioformamide Metal Systems.",,41,8
996637934101851,ETD-Doctoral,Yes,pdf,"Evaluating Coordinative Binding, Biological activity, and Catalysis of Redox-Active Azothioformamide Metal Systems.",,41,8
996637934201851,ETD-Doctoral,Yes,pdf,Exploration of Artificial Intelligence Techniques for Model Usability With Multivariate Time Sequence Data,,44,18
996637934301851,ETD-Doctoral,Yes,pdf,Feed-based Protocols for Mitigating Soybean Meal-Induced Enteritis (SBMIE) in Rainbow Trout (Oncorhynchhus mykiss),,47,16
996637934401851,ETD-Doctoral,Yes,pdf,"Genetic Analyses of Production, Disease and Breed Traits in Sheep",,14,6
996637934501851,ETD-Doctoral,Yes,pdf,Resiliency Improvement of HVDC Links using Unified AC/DC Power System State Estimation,,5,46
996637934601851,ETD-Graduate,Yes,pdf,Three-Dimensional Quantum Simulation in Nano-Transistors,,43,24
996637934701851,ETD-Doctoral,Yes,pdf,Spectroscopic and Theoretical Investigation of High-Spin Iron(II) Complexes with Four-Fold Symmetric Cores and of Low-Spin Iron(II) Dithiocarbamate Dicarbonyls,,21,7
996637934801851,ETD-Doctoral,Yes,pdf,Integrating Data on Sensory Cues into Habitat Ecology,,40,18
996637934901851,ETD-Doctoral,Yes,pdf,Development of Wood -Thermoset Composites for use in Additive Manufacturing,,56,18
996637935001851,ETD-Graduate,Yes,pdf,The Use of Zeolite (Clinoptilolite) to Limit Nitrogen Wastage and Manure Ammonia Emissions from Finishing Cattle,,22,9
996637935101851,ETD-Doctoral,Yes,pdf,Anticancer Effectiveness of Allyl Isothiocyanate in-situ Derived from Sinigrin Hydrolyzed by Myrosinase,,21,12
996637935201851,ETD-Doctoral,Yes,pdf,"IoT Smart Home Device’s Security, Privacy, and Firmware Labeling System",,66,10
996637935301851,ETD-Graduate,Yes,pdf,Ethnography of Lunch Ladies in a Rural Community,,48,9
996637935401851,ETD-Graduate,Yes,pdf,RETROSPECTIVE ANALYSIS OF WORLDWIDE BIOCONTROL PROJECT SUCCESS AND STUDY OF SPECIALIZED SOIL TYPES EFFECTS ON BIOCONTROL AGENT HOST SPECIFICITY,,38,4
996637935501851,ETD-Graduate,Yes,pdf,The Striker and the Clock,,0,8
996637935601851,ETD-Doctoral,Yes,pdf,Differentiating Science Motivational Factors of Adolescent College Students by Career Orientation with a Self-Determination Theory Lens on Variables and Voices – an Explanatory Sequential Mixed Methods Study Utilizing the Academic Motivation Scale in Survey and Interviews,,52,28
996637935701851,ETD-Doctoral,Yes,pdf,Radiation Effects on Metal Fe and Core-Shell Ti-TiO2 Nanoparticles by Molecular Dynamics Simulation,,66,7
996637935801851,ETD-Graduate,Yes,pdf,A Molecular - Level Interrogation of Ammonia Oxidizing Bioreactors: Comparing and Contrasting Nitritation and Nitrification,,36,6
996637935901851,ETD-Doctoral,Yes,pdf,Examining the Discursive Actions of Mathematics Coaches During Video-Assisted Coaching Cycles,,58,10
996637936001851,ETD-Graduate,Yes,pdf,Effects of Soil Properties and Wheat Variety on Cadmium Concentrations in Wheat Grain Grown in Idaho,,28,4
996637936101851,ETD-Graduate,Yes,pdf,Targeted Application of Biochar in the Palouse: Modeling Hydrologic Processes in Undulating Topographies,,23,7
996637936201851,ETD-Graduate,Yes,pdf,Impedance Based Protection for Fuseless Shunt Capacitor Banks,,31,17
996637936301851,ETD-Graduate,Yes,pdf,Combining Fitness and Physical Therapy as a Treatments for Post-partum Pelvic Floor Dysfunction - Urinary Incontinence – a Case Study,,22,6
996637936401851,ETD-Graduate,Yes,pdf,Evaluating GPS-Derived Estimates of Livestock Use and their Value in Assessing Impacts of Spring Cattle Grazing on Greater Sage-Grouse Demographics,,32,9
996637936501851,ETD-Doctoral,Yes,pdf,Multiphase Multisection Fault Location in Shunt Capacitor Banks,,35,4
996637936601851,ETD-Graduate,Yes,pdf,What the Lens Captures: Women and Indigenous Photography in the Late Nineteenth and Early Twentieth Centuries,,36,41
996637936701851,ETD-Doctoral,Yes,pdf,Sense of Belonging Among Libyan International Students in America,,31,6
996637936801851,ETD-Doctoral,Yes,pdf,Dynamic Stream Permanence Estimates at Regional and Local Extents,,43,13
996637936901851,ETD-Graduate,Yes,pdf,"High Throughput Phenotyping of Cross-sectional Morphology in Plant Stalks: Sample Preparation, Image Processing, and Feature Extraction",,17,5
996637937001851,ETD-Graduate,Yes,pdf,Single Crystal Deposition via Wire Arc Additive Manufacturing,,30,2
996637937101851,ETD-Doctoral,Yes,pdf,Schubert Varieties in the Flag Variety of Hilbert-Samuel Multiplicity Two,,45,7
996637937201851,ETD-Doctoral,Yes,pdf,"Behavioral Intentions, Risk Perception, and Issue Framing: Exploring Perspectives in a Mining-Impacted Region of Northern Idaho, USA",,65,5
996637937301851,ETD-Graduate,Yes,pdf,A Forearm Characterization Study to Support Design of Physical Human-Machine Interfaces Between Human Users and Upper Limb Exoskeleton Robotics,,25,5
996637937401851,ETD-Doctoral,Yes,pdf,Acute Effects of Prolonged Sitting on Hemodynamics and Biomarkers of Inflammation and Vascular Function,,29,15
996637937501851,ETD-Doctoral,Yes,pdf,An Interdisciplinary Framework to Address Complex Water Quality Issues: A Collaboration with the Coeur d’Alene Tribe,,34,33
996637937601851,ETD-Graduate,Yes,pdf,Impact of Non-Fiber Carbohydrates and Dietary Cation-Anion Difference on Milk Yield in Lactating Cows: A Meta-Analysis,,26,10
996637937701851,ETD-Graduate,Yes,pdf,Wide Bandgap Semiconductors: Thin Film Properties and Luminescence Efficiency Improvement,,33,4
996637937801851,ETD-Doctoral,Yes,pdf,On The Reliability of VANET Safety Applications for Diverse Traffic Participants,,30,13
996637937901851,ETD-Graduate,Yes,pdf,Dietary effects on growth performance and health indices for burbot (Lota lota maculosa),,48,11
996637938001851,ETD-Graduate,Yes,pdf,Effects of abscisic acid on life history traits and malaria parasite infection in the Indian malaria mosquito Anopheles stephensi Liston,,20,4
996637938101851,ETD-Graduate,Yes,pdf,The Autoregressive Structural Model for Multivariate Longitudinal Data Analysis,,19,9
996637938201851,ETD-Doctoral,Yes,pdf,Dielectrophoretic characterization of living cells real-time on a point-and-planar microwell (PPM) platform,,1,2
996637938301851,ETD-Graduate,Yes,pdf,CALIBRATION OF THE PERFORMANCE MODELS OF THE AASHTOWARE PAVEMENT ME DESIGN SOFTWARE IN IDAHO,,34,3
996637938401851,ETD-Doctoral,Yes,pdf,"Eocene Exhumation and Lake Basin Development in the North American Cordilleran Hinterland, Northeastern Nevada, U.S.A.",,23,9
996637938501851,ETD-Doctoral,Yes,pdf,Silenced Female Voices: How Institutionalized Avoidance Condones a Culture of Workplace Aggression and Shame in Higher Education,,28,11
996637938601851,ETD-Graduate,Yes,pdf,Exploring Adoption Success of the Wildland Fire Decision Support System,,24,5
996637938701851,ETD-Doctoral,Yes,pdf,"Interspecific Interactions in the Zebra Chip Pathosystem: Identifying Host Plant Resistance, Vector Cold Tolerance, and Multipartite Interactions with  Potato virus Y",,28,6
996637938801851,ETD-Graduate,Yes,pdf,Method for Mitigating Plug in Electric Vehicle Charge Cycling Observed in a Charging Control Strategy Developed for a Third-Party Aggregator,,31,8
996637938901851,ETD-Doctoral,Yes,pdf,Designed and Evolved Nucleic Acid Nanotechnology,,28,6
996637939001851,ETD-Doctoral,Yes,pdf,Spin-Orbit Misalignment of Planets Orbiting High-Mass Stars: Observations and Techniques Using NASA's Kepler Telescope,,17,7
996637939101851,ETD-Doctoral,Yes,pdf,Searching Through the Weeds: Molecular and Bioinformatic Characterization of Solanum sisymbriifolium,,46,5
996637939201851,ETD-Graduate,Yes,pdf,Associations Between Collegiate Female Athletes' Energy Availability and Various Female Athlete Triad Components/Risk Factors When Using Three Different Criteria to Calculate Exercise Energy Expenditure,,33,4
996637939301851,ETD-Graduate,Yes,pdf,MOTOR BUS TRANSFER SYSTEM MODELING WITH PSCAD/EMTDC,,26,13
996637939401851,ETD-Graduate,Yes,pdf,The Impact of Grid-connected Photovoltaic Voltage Sourced Converter with Negative Sequence Decoupling Control on Protection Scheme Behavior,,22,12
996637939501851,ETD-Graduate,Yes,pdf,Evaluating the Effects of Air Exposure on Salmonids,,38,4
996637939601851,ETD-Graduate,Yes,pdf,Authorization to Submit Learning Through Work and Play: Using Virtual Design Discovery to Facilitate Virtual Environments as a Medium for Active Learning Through Design,,45,3
996637939701851,ETD-Graduate,Yes,pdf,Safety Analysis of School Zones in Idaho: Finding New Ways to Increase Pedestrian and Bicycle Safety,,48,7
996637939801851,ETD-Graduate,Yes,pdf,Antecedents and Consequences of Perceived Patient-Therapist Relationship on Motivation and Physical Rehabilitation Change,,10,15
996637939901851,ETD-Graduate,Yes,pdf,"Design Improvements of PARTNER, a Rehabilitation Robot",,25,9
996637940001851,ETD-Graduate,Yes,pdf,ANALYSIS OF SYNCHRONOUS MACHINE TURN-TO-TURN FAULT CURRENTS,,18,9
996637940101851,ETD-Graduate,Yes,pdf,Time-Domain Simulation of the Quantum Magnetic Dipole Moment,,14,5
996637940201851,ETD-Graduate,Yes,pdf,Understanding Home by Carving Visual Narratives,,37,8
996637940301851,ETD-Graduate,Yes,pdf,A Printed Circuit Board Stack Based Antenna Implementation and A Study in Green's Functions,,53,7
996637940401851,ETD-Doctoral,Yes,pdf,"Optical, Compositional, and Structural Identification and Characterization of Fibrous Zeolites",,0,22
996637940501851,ETD-Doctoral,Yes,pdf,Challenges and advances for phylogenetic comparative models of trait evolution,,21,11
996637940601851,ETD-Doctoral,Yes,pdf,UTILIZING MULLIGAN CONCEPT SUSTAINED NATURAL APOPHYSEAL GLIDES FOR UNRESOLVED CHRONIC LOW BACK PAIN IN THE ATHLETIC POPULATION: A DISSERTATION OF CLINICAL PRACTICE IMPROVEMENT,,42,4
996637940701851,ETD-Doctoral,Yes,pdf,"Irrigation districts, complimentary or counteracting forces on environmental water transactions in Oregon?",,34,7
996637940801851,ETD-Graduate,Yes,pdf,"Effect of Row Spacing, Plant Architecture, and Herbicides on Weed Control in Pinto Bean (Phaseolus vulgaris)",,28,2
996637940901851,ETD-Graduate,Yes,pdf,Effects of Secondary Tasks on Auditory Detection and Crossing Thresholds in Relation to Approaching Vehicle Noises,,44,11
996637941001851,ETD-Graduate,Yes,pdf,OLFACTION MEDIATED HOST SELECTION IN A SPECIALIST WEEVIL USED FOR BIOLOGICAL CONTROL OF AN INVASIVE PLANT,,31,3
996637941101851,ETD-Graduate,Yes,pdf,"THE EFFECT OF DIETARY FAT ON FATTY ACID COMPOSITION, GENE EXPRESSION AND VITAMINS STATUS IN PRE-RUMINANT CALVES",,26,2
996637941201851,ETD-Doctoral,Yes,pdf,Does an Observer’s Content Knowledge Influence the Feedback Offered About Mathematics Lessons?,,23,4
996637941301851,ETD-Graduate,Yes,pdf,Investigation of genetic diversity of Grapevine leafroll-associated virus-3 and Grapevine red blotch virus in Idaho grapevines,,39,1
996637941401851,ETD-Graduate,Yes,pdf,"JURISDICTIONAL TRANSFER OF HIGHWAYS IN IDAHO: PAST, PRESENT, AND FUTURE",,28,4
996637941501851,ETD-Graduate,Yes,pdf,Fire behavior in masticated forest fuels: lab and prescribed burn experiments,,21,6
996637941601851,ETD-Graduate,Yes,pdf,Juvenile Chinook Salmon Life History Variation: Improved Methods for Migration Monitoring in a Wilderness Environment,,28,2
996637941701851,ETD-Graduate,Yes,pdf,PHOSPHATE ORE PRE-REACTION WITH ACIDIC PROCESS WATER,,18,3
996637941801851,ETD-Graduate,Yes,pdf,Monitoring Streambed Scour/Deposition Using Non-Sinusoidal Water Temperature Signals and During Flood Events,,16,9
996637941901851,ETD-Graduate,Yes,pdf,"DEVELOPMENT OF A COMPREHENSIVE NETWORK-BASED HAZARD EVACUATION MODEL: A CASE STUDY OF BALBOA ISLAND, CALIFORNIA",,0,2
996637942001851,ETD-Graduate,Yes,pdf,Do Not Make a Scene,,0,4
996637942101851,ETD-Doctoral,Yes,pdf,Graphite from the University of Idaho Thermolyzed Asphalt Reaction (GUITAR): Fundamental Electrochemical Characterizations.,,25,17
996637942201851,ETD-Doctoral,Yes,pdf,Cognitive dissonance among college students when religiosity is challenged by secular world views,,29,103
996637942301851,ETD-Graduate,Yes,pdf,Characterization and Modeling of Fundamental Electrical Behavior of QCM Devices,,43,7
996637942401851,ETD-Graduate,Yes,pdf,An Economic Analysis of a Longitudinal Survey of Wheat Growers in the Inland Pacific Northwest,,0,3
996637942501851,ETD-Graduate,Yes,pdf,CREEP-FATIGUE MODELLING IN STRUCTURAL STEELS USING EMPIRICAL AND CONSTITUTIVE CREEP METHODS IMPLEMENTED IN A STRIP-YIELD MODEL,,38,3
996637942601851,ETD-Graduate,Yes,pdf,Measures to Alleviate Congestion at Rural Intersections,,50,7
996637942701851,ETD-Graduate,Yes,pdf,"Ecology of the Federally Threatened Aquatic Plant, Howellia aquatilis, and Implications for Northern Idaho Floodplain-Wetland Management",,29,5
996637942801851,ETD-Graduate,Yes,pdf,MODELING AND SIMULATION OF A STATIC SYNCHRONOUS COMPENSATOR (STATCOM) FOR THE UI ANALOG MODEL POWER SYSTEM,,25,24
996637942901851,ETD-Graduate,Yes,pdf,AN ANALYSIS OF NETWORK INTERFACE CARD PROMISCUOUS MODE DETECTION METHODS IN A VIRTUAL NETWORK,,35,11
996637943001851,ETD-Graduate,Yes,pdf,INCREASING PREGNANCY RATES IN DAIRY COWS THROUGH THE USE OF CHRONIC ADMINISTRATION OF A GnRH AGONIST; A NEW HORMONAL STRATEGY,,21,9
996637943101851,ETD-Doctoral,Yes,pdf,Examining Teaching Strategies for Improving the Learning Experience of Students in BYU-Idaho Academic Support Courses,,33,7
996637943201851,ETD-Graduate,Yes,docx,Accounts of Being,,0,6
996637943201851,ETD-Graduate,Yes,pdf,Accounts of Being,,0,6
996637943301851,ETD-Doctoral,Yes,pdf,The Geographic and Ecological Patterns of Genetic Variation of the Abies grandis-Abies concolor Complex,,30,46
996637943401851,ETD-Graduate,Yes,pdf,Spatial Shifting of Per-Capita GDP Levels in the European Union,,21,4
996637943501851,ETD-Graduate,Yes,pdf,"The Landscape Archaeology of Saloons in Wallace, Idaho",,17,9
996637943601851,ETD-Doctoral,Yes,pdf,Coming to Know: An Indigenist Informed Ethnography on Nimi&#769;ipuu Knowledge and It's Integration into Environmental Management,,1,8
996637943701851,ETD-Doctoral,Yes,pdf,The Experience of Refugee Women in a Perinatal Nutrition Education Program,,34,8
996637943801851,ETD-Doctoral,Yes,pdf,Distributed Leadership: A Qualitative Study on Developing College and Career Readiness through Student Empowerment in Secondary Education,,33,24
996637943901851,ETD-Graduate,Yes,pdf,Improving Passing Lane Safety and Efficiency in Two-Lane Rural Highways,,36,7
996637944001851,ETD-Graduate,Yes,pdf,Central Pattern Generator Gait Evolution of a Robotic Modular Tetrahedral Tensegrity,,21,6
996637944101851,ETD-Doctoral,Yes,pdf,Characterization and Modeling of Dispersed Synthetic Fibers in Dense Graded Asphalt Mixtures,,44,7
996637944201851,ETD-Doctoral,Yes,pdf,Very High Temperature Measurements: Application to Nuclear Reactor Safety Tests,,20,7
996637944301851,ETD-Graduate,Yes,pdf,Global Contraction/Expansion and Polar Lithospheric Thinning on Titan from Patterns of Tectonism,,37,4
996637944401851,ETD-Graduate,Yes,pdf,Dryland Reclamation through a Soil Microbial Lens: Irrigation and Biochar Carbon Sequestration,,13,5
996637944501851,ETD-Graduate,Yes,pdf,WAVES,,45,4
996637944601851,ETD-Doctoral,Yes,docx,NUTRITIONAL APPROACHES TO MITIGATE THE IRON TOXICITY IN  RAINBOW TROUT AND CATFISH,,4,14
996637944601851,ETD-Doctoral,Yes,pdf,NUTRITIONAL APPROACHES TO MITIGATE THE IRON TOXICITY IN  RAINBOW TROUT AND CATFISH,,4,14
996637944701851,ETD-Doctoral,Yes,pdf,The Peyote Path: A Newe Perspective on Conserving a Sacred Medicinal Plant in Peril,,1,15
996637944801851,ETD-Doctoral,Yes,pdf,"Understanding current and future mountain hydroclimate: consideration of air temperature, snow, and rock glaciers",,35,7
996637944901851,ETD-Graduate,Yes,pdf,THE ROLE OF OLFACTORY AND VISUAL CUES IN THE HOST SELECTION BEHAVIOR OF BIOCONTROL CANDIDATE SPECIALIST HERBIVORES FOR THE BIOLOGICAL CONTROL OF AN INVASIVE PLANT,,27,5
996637945001851,ETD-Doctoral,Yes,pdf,A Secure Lightweight Voice Authentication System for IoT Smart Device Users,,33,15
996637945101851,ETD-Doctoral,Yes,pdf,Mechanical and Cellular Factors Regulating Tendon Development,,27,13
996637945201851,ETD-Graduate,Yes,pdf,Manipulation of Mechanical Properties of WAAM  Deposited ER70S-6 Through Active Cooling,,55,16
996637945301851,ETD-Graduate,Yes,pdf,POTENTIAL IMPACTS OF WIDER LONGITUDINAL EDGELINE PAVEMENT MARKINGS,,38,2
996637945401851,ETD-Doctoral,Yes,pdf,Digital Learning Readiness: A Study on the Self-Regulation and Self-Motivation of Secondary Students Enrolled in an Online Asynchronous Economics Course,,21,6
996637945501851,ETD-Graduate,Yes,pdf,Semantic-Aware Adaptive Binary Search for Hard-label Black-box Attack,,19,3
996637945601851,ETD-Graduate,Yes,pdf,IMPACT OF DIRECT STEAM INJECTION PROCESSING ON THE FUNCTIONALITY OF MILK PROTEIN CONCENTRATE,,22,5
996637945701851,ETD-Doctoral,Yes,pdf,K–12 Educator Advocacy for the Education Profession,,42,21
996637945801851,ETD-Graduate,Yes,pdf,"Accelerated Evolution of Biomimetic Crossflow Filtration: A Parameterized, Wave Minimal Surface Vortex Generator for Particulate Water Treatment",,50,5
996637945901851,ETD-Graduate,Yes,pdf,Monitoring the Ambient Seismic Field to Track Groundwater at a Mountain-Front Recharge Zone,,34,9
996637946001851,ETD-Doctoral,Yes,pdf,Experimental characterization of HTGR reactor cavity gas dynamics following a primary system rupture,,50,28
996637946101851,ETD-Doctoral,Yes,pdf,Analysis of Software-Defined Networks as a Mechanism for Enforcing Corporate Security Policies in OT Networks,,45,8
996637946201851,ETD-Graduate,Yes,pdf,Jupiter and Saturn as Spectral Analogs for Extrasolar Gas Giants and Brown Dwarfs: Bridging the Gap Between the Solar System and Exoplanets,,50,3
996637946301851,ETD-Graduate,Yes,pdf,Performance Evaluation Between Network Communications Switches in a Substation,,33,12
996637946401851,ETD-Graduate,Yes,pdf,Novel Applications of Advanced Bioimaging: Quantification of Intrathecal Solute Transport to the Brain and Magnetic Resonance Imaging of Ophthalmic Structural Changes in Long Duration Spaceflight Astronauts,,26,4
996637946501851,ETD-Graduate,Yes,pdf,Indentation Investigation of 304L Stainless Steel Friction Stir Weld Simulated Crack Repair and Software Development for Rapid Processing of Indentation Data,,38,14
996637946601851,ETD-Doctoral,Yes,pdf,Capacitor Bank Unbalance Protection Enhancements,,45,33
996637946701851,ETD-Doctoral,Yes,pdf,Exploring Faculty Perceptions of a Professional Development Program for Online Teaching and Learning in an Intentional Community of Practice: A Phenomenological Study,,19,9
996637946801851,ETD-Graduate,Yes,pdf,Microglia-Specific Expression and Transcriptional Regulation of Apolipoprotein C1 (apoc1),,30,13
996637946901851,ETD-Doctoral,Yes,pdf,Bounding Cyber in Design Basis Threat,,29,3
996637947001851,ETD-Graduate,Yes,pdf,A Survey of Firmware Analysis Techniques and Tools,,29,18
996637947101851,ETD-Graduate,Yes,pdf,PASSIVE TREATMENT OF ACID ROCK DRAINAGE: TREATMENT SYSTEM LIMITATIONS AND LABORATORY COMPARISON OF SILICATE REACTIVE SUBSTRATES,,46,15
996637947201851,ETD-Graduate,Yes,pdf,Real-Time Traffic Monitoring using Airborne LIDAR,,21,2
996637947301851,ETD-Graduate,Yes,pdf,An Analysis of the Nuclear Characteristics of a Molten Salt Microreactor,,27,21
996637947401851,ETD-Graduate,Yes,pdf,She Can’t Always Get What She Wants: Aspirations Versus Actualities Where Work and Motherhood Converge,,30,3
996637947501851,ETD-Doctoral,Yes,pdf,Quantitative Modeling of the Potato Cyst Nematode Globodera pallida in Idaho,,31,16
996637947601851,ETD-Graduate,Yes,pdf,Floristics and Biogeography of the High Idaho Batholith Ecoregion,,15,5
996637947701851,ETD-Graduate,Yes,pdf,"Companions of Our Exile: An Archaeology of Domestic Life on Fort Boise, Idaho",,33,10
996637947801851,ETD-Graduate,Yes,pdf,Ruffled: A Bird’s-Eye View on the Human Condition,,28,3
996637947901851,ETD-Graduate,Yes,pdf,Evaluating the Migration and Spawning Behaviors of Upper Columbia Summer Steelhead Using Radio Telemetry and Accelerometer Biotelemetry,,35,11
996637948001851,ETD-Graduate,Yes,pdf,Modeling and Design of a DFIG Testbed for Protection Design Purposes,,28,5
996637948101851,ETD-Graduate,Yes,pdf,A reverse-cyclic analysis of high strength concrete beams with varying steel/FRP grid/hybrid reinforcement,,40,22
996637948201851,ETD-Graduate,Yes,pdf,"In the End, the Motel Eats Us",,0,3
996637948301851,ETD-Graduate,Yes,pdf,THE EFFECTS OF SIZE DISTRIBUTION OF GOLD NANOPARTICLES ON NANOSPRINGS FORMATION AND PROCESS EFFICIENCY,,34,8
996637948401851,ETD-Graduate,Yes,pdf,Changes in Knowledge of the Female Athlete Triad among Female High School Athletes  Following a Brief Nutrition Education Intervention,,39,8
996637948501851,ETD-Doctoral,Yes,pdf,"TREES DIE, FORESTS LIVE: QUANTIFYING THE IMPACTS OF INSECT DISTURBANCES IN THE INTERMOUNTAIN WEST",,19,6
996637948601851,ETD-Graduate,Yes,pdf,Myogenic and Anabolic Gene Expression in Red and White Muscle of Sablefish (Anoplopoma fimbria) During Grow Out,,19,4
996637948701851,ETD-Graduate,Yes,pdf,Thermal Management of a High Efficiency Electrical Energy Conversion Unit,,27,3
996637948801851,ETD-Graduate,Yes,pdf,Reburns and fire-on-fire interactions in the U.S. Northern Rockies forests 1900-2014,,12,2
996637948901851,ETD-Graduate,Yes,pdf,High-level Formal Modeling and Verication of Mandatory Access Control Policies Across Multiple Security-Enhanced Linux Devices,,32,4
996637949001851,ETD-Graduate,Yes,pdf,An Integrated Metabolic Model for Microbial Internal Carbon Driven Post-Anoxic Biological Nutrient Removal,,31,12
996637949101851,ETD-Graduate,Yes,pdf,Photographs versus Food: Reliability of Young Children’s Reported Taste Preferences Increase with Age and Familiar Foods,,0,4
996637949201851,ETD-Graduate,Yes,pdf,"Using Logging Residues as Biofuel Feedstocks in the Pacific Northwest: Estimating Slash Pile Volumes with Low-cost, Lightweight Terrestrial LiDAR",,43,5
996637949301851,ETD-Graduate,Yes,pdf,"A Comprehensive Analysis of Travel Mode Choices for the Urban Grocery Shopping Trip: A Case Study of Salt Lake County, Utah",,28,4
996637949401851,ETD-Doctoral,Yes,pdf,MAKING THE CHANGE:  A BASIC QUALITATIVE STUDY EXAMINING THE FACTORS INFLUENCING WOMEN TO MAKE THE CHANGE FROM INFORMATION TECHNOLOGY PRACTITIONER TO INFORMATION TECHNOLOGY EDUCATOR IN A COMMUNITY OR TECHNICAL COLLEGE,,43,3
996637949501851,ETD-Graduate,Yes,pdf,Analysis of Potato Production and Market Structure in India,,40,8
996637949601851,ETD-Graduate,Yes,pdf,Control of Egospeed is Based on Attended Rather Than Global Optical Flow,,0,6
996637949701851,ETD-Doctoral,Yes,pdf,Phylogenomic Insights into the Radiation of an Andean Group of Plants,,33,10
996637949801851,ETD-Doctoral,Yes,pdf,CLINICAL REASONING PERCEPTIONS AND SELF-EFFICACY OF STUDENTS IN A PATIENT-CENTERED POST-PROFESSIONAL DEGREE PROGRAM: A DISSERTATION OF CLINICAL PRACTICE IMPROVEMENT,,36,8
996637949901851,ETD-Doctoral,Yes,pdf,Flexible Framework for Assessing Water Resource Sustainability in River Basins,,1,10
996638012501851,ETD-Graduate,Yes,pdf,"Trophic Ecology of Walleyes in the Lake Pend Oreille System, Idaho",,43,5
996638012601851,ETD-Doctoral,Yes,pdf,Ethical Transformational Leadership in Public Administration,,3,23
996638012701851,ETD-Graduate,Yes,pdf,Production and Characterization of Bio-Oil and Biochar from Fast Pyrolysis of Micro-Algae Chlorella vulgaris,,19,0
996638012801851,ETD-Graduate,Yes,pdf,Symbiotic Interactions Between Indigenous Pacific Northwest Fungi and Wheat,,26,7
996638012901851,ETD-Graduate,Yes,pdf,Fast Food Bacon,,0,2
996638013001851,ETD-Graduate,Yes,pdf,Hierarchical Security Policy Modeling and Composition for Role-Based Access Control Models with an Application to the OpenStack Cloud Platform,,29,7
996638013101851,ETD-Graduate,Yes,pdf,Simulation Training Increases Dietetic Students' Self-Efficacy Prior to Clinical Supervised Practice,,18,7
996638013201851,ETD-Doctoral,Yes,pdf,Cellular Summer Camp: How Young Neurons Learn to Communicate and Interact With Their Environments,,16,5
996638013301851,ETD-Graduate,Yes,pdf,Fuel Plate Failure Experiments and Analyses in Irradiated U-10Mo Alloy,,23,9
996638013401851,ETD-Graduate,Yes,pdf,EXTENDING THE LIFE OF CONCRETE STRUCTURES USING GLYCEROL AS A NANOVISCOSITY MODIFIER: PROTECTION OF REINFORCEMENT STEEL BY REDUCING CHLORIDE TRANSPORT,,7,3
996638013501851,ETD-Graduate,Yes,pdf,"Protection, Control and Automation Requirements for Potential DOD Microgrid Systems",,21,4
996638013601851,ETD-Graduate,Yes,pdf,It’s a Small World: Evaluating Micro-GPS Technologies and Factors Influencing Habitat Use by Pygmy Rabbits in Idaho,,26,4
996638013701851,ETD-Graduate,Yes,pdf,"Flow Field Within the Vertical Slot of a Fish Passage: the Effect of Turbulence, Velocity and Slot Length and the Design of a Lamprey Passage System at the John Day",,24,0
996638013801851,ETD-Graduate,Yes,pdf,Analytical Expressions for the Eigenvalues and Confidence Intervals Arising from a 3-Stage Wildlife Population Matrix,,21,9
996638013901851,ETD-Doctoral,Yes,pdf,Embedding Goal-Directed Evaluation through Transformation,,29,11
996638014001851,ETD-Doctoral,Yes,pdf,"Using Electrospray Ionization Mass Spectrometry for Understanding Metal-Ligand Interactions: Silver and Copper Complexes with Organophosphorus Pesticides, and Uranium, Vanadium and Iron Complexes with Amidoxime Ligands",,28,6
996638014101851,ETD-Doctoral,Yes,pdf,Professional Development for Curriculum Creators:  A Case Study Exploring Perceived Connections,,31,8
996638014201851,ETD-Graduate,Yes,pdf,Ground Snow Loads for the State of Idaho,,21,9
996638014301851,ETD-Doctoral,Yes,pdf,Improved Performability of Disk Arrays by the Use of Fuzzy Control,,0,4
996638014401851,ETD-Doctoral,Yes,pdf,Water Use of Reforested Lands in Dry Tropical Costa Rica: A Functional Traits and Ecosystem Services Approach,,1,4
996638014501851,ETD-Doctoral,Yes,pdf,"Behavior, Selection, and the Genetics of Adaptation During the Early Stages of Ecological Divergence",,21,9
996638014601851,ETD-Graduate,Yes,pdf,Sustainability of Historic Wildfire Refugia in Contemporary Wildfire Events,,16,4
996638014701851,ETD-Doctoral,Yes,pdf,Integrated Wellness Training: Wellness Beyond the Physical,,14,4
996638014801851,ETD-Graduate,Yes,pdf,Everything They Said Was True,,2,9
996638014901851,ETD-Doctoral,Yes,PDF,The ecology of juvenile steelhead (Oncorhynchus mykiss): determinants of population dynamics and individual performance across a heterogeneous stream environment,,32,10
996638015001851,ETD-Graduate,Yes,pdf,Ay Ay Ay Blooming,,0,3
996638015101851,ETD-Doctoral,Yes,pdf,Natural and human influences on baseflow regimes: a physically-based and geochemical analysis,,24,9
996638015201851,ETD-Graduate,Yes,pdf,Creating Highly Specialized Fragmented File System Data Sets for Forensic Research,,31,6
996638015301851,ETD-Graduate,Yes,PDF,"Where the Railways Ran: Transportation, Commerce and Sandpoint, Idaho, 1880-1935",,17,4
996638015401851,ETD-Doctoral,Yes,pdf,"Space Use, Habitat Selection, Genetic Variation and Post-fledging Ecology of Northern Pygmy-Owls (Glaucidium Gnoma) in Northern Idaho",,29,8
996638015501851,ETD-Graduate,Yes,pdf,"Young Adults' Fruit and Vegetable Liking and Intake is Dependent on Age, Gender, BMI, Year in School, and Childhood Feeding Practices",,0,4
996638015601851,ETD-Doctoral,Yes,pdf,Candidate Mentor Supervisor Model: A Case Study,,26,8
996638015701851,ETD-Graduate,Yes,pdf,Direct Effects of Heat Stress on Hepatic and Mammary Mitochondrial Function of Lactating Dairy Cattle,,15,10
996638015801851,ETD-Graduate,Yes,pdf,Effects of Diverse Cropping Systems on Arthropod Communities and Weed Seed Predation,,33,9
996638015901851,ETD-Doctoral,Yes,pdf,"Shearing shelves, mathematical modeling, and fracture factories: analytic and finite element approaches to solving the Stokes Equations of glacier flow",,12,3
996638016001851,ETD-Doctoral,Yes,pdf,The Mechanisms of Chlamydial Cell-form Development,,48,9
996638016101851,ETD-Doctoral,Yes,pdf,Machine-Learning-Assisted Synthesis of Active and Passive Matching Circuits and Full-Duplex Antennas for HF/VHF/UHF Applications,,38,4
996638016201851,ETD-Doctoral,Yes,pdf,Learning before our Mistakes: Predicting Unintentional Injury by Predicting Error,,38,10
996638016301851,ETD-Doctoral,Yes,pdf,Quantifying Aquatic Microhabitat at the Riverscape,,40,3
996638016401851,ETD-Graduate,Yes,pdf,A Procedure for the Generation of Material for Flat-Joint Models and the Simulation of Rock Testing using PFC2D,,22,1
996638016501851,ETD-Graduate,Yes,pdf,"Biotic and Abiotic Factors Influencing Population Dynamics of Yellowstone Cutthroat Trout and Utah Chubs in Henrys Lake, Idaho",,36,7
996638016601851,ETD-Doctoral,Yes,pdf,Identification and Characterization of the Plant SWR1 Subunit SWC5 and the Globodera pallida Effector GpPDI1,,42,8
996638016701851,ETD-Doctoral,Yes,pdf,"A Pluralistic Contextual Engineering Approach for Hydrosocial Adaptation:  Smallholder Farming in the Biobío River Basin, Chile",,21,8
996638016801851,ETD-Doctoral,Yes,pdf,Model-Based Learning to Augment Collaborative Filtering: Prediction and Evaluation,,18,4
996638016901851,ETD-Graduate,Yes,pdf,A Retrofit Analysis of Unreinforced Masonry Walls Under Blast Loading,,41,7
996638017001851,ETD-Graduate,Yes,pdf,Design of an Automatic Voltage Regulator With Limited Plant Information,,38,8
996638017101851,ETD-Doctoral,Yes,pdf,What is Negentropy? A Manuscript Dissertation on “Negentropic Leadership” for Innovation and Change in Higher Education,,44,9
996638017201851,ETD-Graduate,Yes,pdf,An Exploratory Assessment of Soil Moisture Regime Delineations in the Pacific Northwest,,23,11
996638017301851,ETD-Graduate,Yes,pdf,The Associations Between Testosterone and Bone Mineral Density in Male Collegiate Athletes,,40,3
996638017401851,ETD-Graduate,Yes,pdf,The Role of Longleaf Groundcherry (Physalis longifolia) in Zebra Chip Epidemiology,,27,7
996638017501851,ETD-Graduate,Yes,pdf,A COMFORT-BASED CONTROL STRATEGY IN BUILDINGS USING AN INFRARED CAMERA,,34,5
996638017601851,ETD-Doctoral,Yes,pdf,Allowing Distributed Generation to Improve Power System Stability By Applying Virtual Synchronous Machine Approach,,33,4
996638017701851,ETD-Doctoral,Yes,pdf,"The Relationships Between Self-efficacy, Social Support and Physical Activity in Chinese College Students",,26,5
996638017801851,ETD-Graduate,Yes,pdf,Effects of Microstructural Changes on Mechanical Properties in Ferritic-Martensitic Alloys,,16,6
996638017901851,ETD-Doctoral,Yes,pdf,"Island Connections: Soils, Water, Vegetation, and Education in a Small Low Island Context",,30,5
996638018001851,ETD-Doctoral,Yes,pdf,Social and Moral Reasoning in Sport of Secondary School Administrators,,15,6
996638018101851,ETD-Graduate,Yes,pdf,Using nutritional-landscape models to predict pregnancy rates of elk across broad spatial scales,,20,4
996638018201851,ETD-Graduate,Yes,pdf,Effect of Seeding Rate and Herbicides on Weed Control in Narrow-Row Pinto Bean,,17,5
996638018301851,ETD-Graduate,Yes,pdf,Creep and Microstructural Characterization of Advanced Austenitic Stainless Steel Alloy 709,,40,5
996638018401851,ETD-Graduate,Yes,pdf,Use of Location-Sharing to Increase Situational Awareness and Improve Occupational Safety in Operational Forestry,,26,3
996638018501851,ETD-Graduate,Yes,pdf,CRASH REPORTING IN THE PACIFIC NORTHWEST: AN ASSESSMENT UTILIZING LAW ENFORCEMENT NARRATIVES,,40,10
996638018601851,ETD-Graduate,Yes,pdf,"Population dynamics and movement of Smallmouth Bass in the Snake River, Idaho",,36,5
996638018701851,ETD-Graduate,Yes,pdf,Spatiotemporal Patterns and Models of Ebola Virus Disease Epidemic in West Africa,,0,6
996638018801851,ETD-Graduate,Yes,pdf,Examining the Relationship Between Noncognitive Skills and Task Completion in an Agricultural Mechanics Course,,44,6
996638018901851,ETD-Graduate,Yes,pdf,Water Quality and Soil Health Response to Beaver Dam Analogs in an Intermittent Stream in Southern Idaho,,43,45
996638019001851,ETD-Doctoral,Yes,pdf,A Functional All-Hazard Approach to Critical Infrastructure Dependency Analysis,,59,7
996638019101851,ETD-Doctoral,Yes,pdf,What “Invested Leavers” Can Tell Us About Why Experienced Teachers Exit the Profession,,51,9
996638019201851,ETD-Doctoral,Yes,pdf,Electrophysiological Data Analysis to Study Human Motion and Sensation: Searching for Features that Adapt with Training or Injury,,8,8
996638019301851,ETD-Graduate,Yes,pdf,"Using hysteresis analysis to explore the sources of ammonia during storm events in the River Lark, UK",,37,5
996638019401851,ETD-Doctoral,Yes,pdf,Planetary obliquity evolution: excited retrograde rotators and tidal resonant encounters,,52,4
996638019501851,ETD-Graduate,Yes,pdf,Characterizing the Mechanical Properties of a Commercial No-Filler Laser Weld in a 304 Stainless Steel Alloy,,49,16
996638019601851,ETD-Graduate,Yes,pdf,Detecting Code Injections in Noisy Environments Through EM Signal Analysis and SVD Denoising,,29,17
996638019701851,ETD-Doctoral,Yes,pdf,An Adaptive Deep-Ensemble Anomaly-Based Intrusion Detection System-of-Systems for the Internet-of-Things,,7,11
996638019801851,ETD-Doctoral,Yes,pdf,Predicting Human Movement in Crowds,,24,9
996638019901851,ETD-Graduate,Yes,pdf,Evaluation of Mix Composition and Compactability on Rutting Performance of Asphalt Mixtures,,29,5
996638020001851,ETD-Graduate,Yes,pdf,"Exploring mechanical and biochemical regulators of the collagen crosslinking enzyme, lysyl oxidase, in tenogenically differentiating Stem cells",,28,3
996638020101851,ETD-Graduate,Yes,pdf,"Rhizoctonia in Idaho Wheat, Barley and Common Bean Crops: Isolate Characterization and Potential Chemical Control",,63,13
996638020201851,ETD-Doctoral,Yes,pdf,"Nutrient Intake, Body Composition, and Performance Measures of Wildland Firefighters: A Longitudinal Analysis",,52,10
996638020301851,ETD-Graduate,Yes,pdf,Communications and Attitudes Across Jurisdictional Lines During Post-Fire Ecological Restoration Collaborations,,34,2
996638020401851,ETD-Doctoral,Yes,pdf,"Advances in Solvent Extraction: Separation and Purification of Adjacent Trivalent Lanthanides Using the Electroneutral Solvating Extractant N,N,N’,N’-Tetraoctyl Diglycolamide",,63,14
996638020501851,ETD-Doctoral,Yes,pdf,Effect of Revisit Frequency and Availability of Cloud-Free Observation on Landsat Global Burned Area Mapping,,26,8
996638020601851,ETD-Graduate,Yes,pdf,Detection of Terracettes in Semi-Arid Rangelands Using Fourier-Based Image Analysis of Very High-Resolution Satellite Imagery,,32,7
996638020701851,ETD-Graduate,Yes,pdf,ISAAC: The Idaho Cyber-Physical System Smart Grid Cybersecurity Testbed,,35,5
996638020801851,ETD-Graduate,Yes,pdf,A Multi-Faceted Approach to Understanding Notched Net Sinker Manufacture in the Columbia Plateau,,1,6
996638020901851,ETD-Graduate,Yes,pdf,CYbersecurity Oriented Training Environment and Exercises,,47,9
996638021001851,ETD-Graduate,Yes,pdf,Imagine that You Close Your Eyes,,26,4
996638021101851,ETD-Graduate,Yes,pdf,Making and Appreciating Abstract Art Today,,40,3
996638021201851,ETD-Graduate,Yes,pdf,"Evaluation of a method for the use of periphyton recruitment on artificial substrates as an indicator of watershed land use in bays of Coeur d’Alene Lake, Idaho",,28,10
996638021301851,ETD-Doctoral,Yes,pdf,Persistence in STEAM activities at the elementary level,,29,14
996638021401851,ETD-Graduate,Yes,pdf,Mapping ADL Motion Capture Data to BLUE SABINO Exoskeleton Kinematics and Dynamics,,31,6
996638021501851,ETD-Graduate,Yes,pdf,The Relationship Between Heifer Carcass Maturity and Beef Quality Characteristics,,21,9
996638021601851,ETD-Graduate,Yes,pdf,"The Universal Structure of Plot Content: Suspense, Magnetic Plot Elements, and the Evolution of an Interesting Story",,19,15
996638021701851,ETD-Graduate,Yes,pdf,Assessment of Operationally Effected Metabolic Conditions to Achieve Enhanced Polyhydroxyalkanoate Production on Fermented Dairy Manure,,34,3
996638021801851,ETD-Graduate,Yes,pdf,Privacy and BYOD Policies in U.S. Higher Educational Institutions: A Web-Based Content Analysis,,31,30
996638021901851,ETD-Doctoral,Yes,pdf,Understanding Idaho's Adaptive Capacity to Future Water Resource Change: A Legal and Political Analysis of Climate Informed Drought Planning,,19,1
996638022001851,ETD-Graduate,Yes,pdf,Progressive Ideations,,42,9
996638022101851,ETD-Doctoral,Yes,pdf,DISENTANGLING THE RETICULATE EVOLUTIONARY HISTORY OF A NEOTROPICAL PLANT RADIATION,,16,3
996638022201851,ETD-Graduate,Yes,pdf,"A Comparison of Vascular Development, Hydraulic Properties and Resistance to Embolism in Early First-Year Seedlings of Three Inland Pacific Northwest Conifer Species",,0,5
996638022301851,ETD-Doctoral,Yes,pdf,Professional Development of Academic Librarians: A Phenomenological Study of Meaningful and Transformational Experiences,,40,6
996638022401851,ETD-Graduate,Yes,pdf,"Collaboration to develop the content, context, and resources for natural resource education programming for youth",,3,6
996638022501851,ETD-Graduate,Yes,pdf,Blessed Sisyphus,,0,9
996638022601851,ETD-Doctoral,Yes,pdf,Measurement and Analysis of Uranium and Cerium Depositions from LiCl-KCl Eutectic,,1,4
996638022701851,ETD-Graduate,Yes,pdf,An  Eco-Traffic Signal System Based on Connected Vehicle Technology,,27,5
996638022801851,ETD-Graduate,Yes,pdf,Integrating Pattern Matching within String Scanning,,25,9
996638022901851,ETD-Doctoral,Yes,pdf,Crime and Culture in Chechnya: From the Russian Empire to the Second Chechen War,,43,23
996638023001851,ETD-Doctoral,Yes,pdf,Assessing the Spatial and Temporal Controls on Plant Function Using Ground Based Remote Sensing,,22,6
996638023101851,ETD-Doctoral,Yes,pdf,BARKING UP THE RIGHT TREE: A SOCIAL ASSESSMENT OF WOOD TO LIQUID BIOFUELS STAKEHOLDERS IN THE PACIFIC NORTHWEST,,0,7
996638023201851,ETD-Doctoral,Yes,pdf,Science Identity in Informal Education,,28,7
996638023301851,ETD-Doctoral,Yes,pdf,Genomic and Phylogenetic Consequences of Divergence with Gene Flow in Chipmunks (Sciuridae: Tamias),,36,3
996638023401851,ETD-Doctoral,Yes,pdf,SELF-EFFICACY: UNDERGRADUATE PROGRAM EVALUATION OF GENERAL AND HEALTH EDUCATION CORE COMPETENCIES,,23,7
996638023501851,ETD-Graduate,Yes,pdf,A Glimpse of Development Experiences,,19,9
996638023601851,ETD-Graduate,Yes,pdf,Automating Derivative Classification in Multi-Level Secure Documents,,38,6
996638023701851,ETD-Doctoral,Yes,pdf,"IDENTIFICATION AND SURVIVAL OF ISOLATES COLLECTED FROM THE MARS ROVER, CURIOSITY UNDER SIMULATED MARTIAN CONDITIONS AND IDENTIFICATION OF A SELENATE REDUCTION PATHWAY IN A NOVEL DECHLOROMONAS ISOLATE",,8,7
996638023801851,ETD-Doctoral,Yes,pdf,Communities of Practice as Professional Development for Remote Adjunct Instructors: Improving the Quality of the Online Student Experience,,31,8
996638023901851,ETD-Doctoral,Yes,pdf,APPLICATIONS OF HIGH THROUGHPUT TECHNOLOGIES IN MODERN GENOMICS,,34,10
996638024001851,ETD-Doctoral,Yes,pdf,CHIEF ACADEMIC OFFICERS' PERCEPTIONS OF ASSESSMENT DATA IN OPERATIONAL DECISION MAKING: WHERE ASSESSMENT AND DATA BASED DECISION MAKING COLLIDE,,25,6
996638024101851,ETD-Graduate,Yes,pdf,"COUPLED SOIL MOISTURE, SOIL TEMPERATURE, AND SNOW DYNAMICS IN COMPLEX TERRAIN OF A SEMI-ARID MOUNTAINOUS WATERSHED",,29,3
996638024201851,ETD-Graduate,Yes,pdf,Modeling Stochastic Scattering Loss due to Random Surface Roughness in Dielectric Waveguides using the Finite-Difference Time-Domain Method,,51,10
996638024301851,ETD-Graduate,Yes,pdf,"Development, Construction, and Operation of a Non-Nuclear Microreactor Experimental Capability",,43,4
996638024401851,ETD-Graduate,Yes,pdf,Electrochemical Corrosion Investigation of Structural Materials in Molten Fluoride Eutectic Salts,,26,9
996638024501851,ETD-Graduate,Yes,pdf,"Fatigue Crack Growth, Creep-Fatigue Crack Growth and Creep Crack Growth Behavior of  Inconel® 740H at Elevated Temperature",,41,13
996638024601851,ETD-Doctoral,Yes,pdf,Depletion Chain Simplification With Pseudo-Nuclides to Model Decay Effects,,49,10
996638024701851,ETD-Doctoral,Yes,pdf,Exploring the Roles of Down Syndrome Cell Adhesion Molecules in Neural Development and Degeneration: Implications for Novel Therapeutic Approaches,,14,14
996638024801851,ETD-Graduate,Yes,pdf,Skin Friction Measurement on a Flexible Membrane Using Oil Film Interferometry,,44,7
996638024901851,ETD-Doctoral,Yes,pdf,Unlocking keystone structures:  Opening the door to new uses of airborne and handheld lidar for remote characterization of standing dead trees and nest cavities in closed-canopy conifer forests,,33,11
996638025001851,ETD-Doctoral,Yes,pdf,Multi-Physics Investigation of a Natural Circulation Molten Salt Micro-Reactor that Utilizes an Experimental In-Pile Device to Improve Core Physics and System Thermal-Hydraulic Performance,,50,7
996638025101851,ETD-Graduate,Yes,pdf,Water-Energy Nexus Modeling in Cooling Towers and Hot Springs,,21,19
996638025201851,ETD-Doctoral,Yes,pdf,Lower Extremity Joint Stiffness Associated with Drop Jump Performance: Differences in Genders and Athletes,,52,8
996638025301851,ETD-Graduate,Yes,pdf,Production of Wild Bonneville Cutthroat Trout in Bear Lake: Evaluation of a Harvest Fishery,,28,6
996638025401851,ETD-Graduate,Yes,pdf,"“Until You do Right by Me, Everything You Even Think About Gonna Fail:” an Investigation Into the Macon Georgia Black Ancestors Buried Within Muscogee Nation Ceremonial Homelands who are Lost due to the Trauma of the Western Gaze",,31,14
996638025501851,ETD-Graduate,Yes,pdf,Unland,,24,4
996638025601851,ETD-Doctoral,Yes,pdf,Quantifying Burn Severity Patterns and Post-Fire Recovery,,14,7
996638025701851,ETD-Doctoral,Yes,pdf,"Oxidation Chemistry of n-Heptane, Selected Alkyl-Esters and Biodiesels in the Low to Intermediate-Temperature Regime",,57,9
996638025801851,ETD-Doctoral,Yes,pdf,Orientation-Dependent Analysis in Mineralogy: Methods and Practice,,31,9
996638025901851,ETD-Graduate,Yes,pdf,"Exploratory Spatial Data Analysis of Phosphorus in the Magic Valley, Idaho using Food-Energy-Water Systems (FEWs)",,23,2
996638026001851,ETD-Graduate,Yes,pdf,Professional Development Opportunities and Needs of Secondary Family and Consumer Science Teachers in the Northwest United States,,43,11
996638026101851,ETD-Graduate,Yes,pdf,Application of Generative Adversarial Networks for Generation and Classification of Human Movements,,31,9
996638026201851,ETD-Graduate,Yes,pdf,Finite Element Analysis Validation in Ball Bearing and Linkage Assemblies for Exoskeleton Robotics,,29,3
996638026301851,ETD-Graduate,Yes,pdf,Tissue Culture and Genetic Transformation of Hexaploid Wheat for Stripe Rust Resistance,,30,5
996638026401851,ETD-Doctoral,Yes,pdf,Perceptions of Social Media Use by Idaho Educators: Information for Policy Development,,35,3
996638026501851,ETD-Graduate,Yes,pdf,Production Performance And Nitrogen Utilization In Dairy Cows Fed Low Or High Crude Protein Diets Containing Corn Dried Distillers Grains With Solubles And Provided Supplemental By-Pass Protein/Amino Acids,,27,5
996638026601851,ETD-Graduate,Yes,pdf,An Expanding Meso-Carnivore: Fisher (Pekania pennanti) Occupancy and Coexistence with Native Mustelids in Southeast Alaska,,18,7
996638026701851,ETD-Graduate,Yes,pdf,Vitamin D Knowledge and Practices among Collegiate Athletes at the University of Idaho,,22,5
996638026801851,ETD-Graduate,Yes,pdf,How do Gender Issues Affect the Experience of Latina Business Owners?,,22,6
996638026901851,ETD-Doctoral,Yes,pdf,Mathematical Modeling and Analysis of Gene Expression to Understand Phenotypic Heterogeneity and the Response of Methylobacterium extorquens to Formaldehyde Toxicity,,68,13
996638027001851,ETD-Doctoral,Yes,pdf,Computational Modeling of Flow in a 10MWe Natural Convection Molten Salt Reactor,,25,8
996638027101851,ETD-Graduate,Yes,pdf,Real Time City Evacuation Planning using Transfer Learning,,29,5
996638027201851,ETD-Graduate,Yes,pdf,REVERSE ENGINEERING LEGACY MECHANISMS FOR MANUFACTURING,,35,9
996638027301851,ETD-Doctoral,Yes,pdf,Dislocation-Based Modeling of Creep Deformation and Fracture in Modified 9Cr-1Mo Steels,,42,9
996638027401851,ETD-Doctoral,Yes,pdf,Influences of environmental variation on the bold-shy continuum,,19,7
996638027501851,ETD-Graduate,Yes,pdf,Lithic Debitage Analysis of the Kelly Forks Work Center Site (10CW34),,0,8
996638027601851,ETD-Graduate,Yes,pdf,Weathering Alaska,,0,12
996638027701851,ETD-Graduate,Yes,pdf,"Winter, I Hope You Can Read This",,0,5
996638027801851,ETD-Graduate,Yes,pdf,DEVELOPMENT OF PREDICTION MODELS FOR SKID RESISTANCE OF ASPHALT PAVEMENTS,,22,13
996638027901851,ETD-Graduate,Yes,pdf,Energy Availability and Relative Energy Deficiency in Sport (RED-S) in Division I Athletes,,32,17
996638028001851,ETD-Doctoral,Yes,pdf,An Exploratory Study about the Influence of Distributed Leadership and Specialized Content Knowledge on Elementary Teacher Conversations about Mathematics Instruction,,18,5
996638028101851,ETD-Doctoral,Yes,pdf,A PRINCIPAL EVALUATION PROGRAM:  PERSPECTIVES FROM THE FIELD ABOUT REFLECTIVE PRACTICE AND PROFESSIONAL DEVELOPMENT,,23,5
996638028201851,ETD-Graduate,Yes,pdf,Communicating “Science” Through Art: Embracing Collective Activism Through Creative Research as a Participating Consumer of Fish and Welcoming the Active Viewer to Join the Conversation,,31,3
996638028301851,ETD-Graduate,Yes,pdf,"Enteric neurotransmission is inhibited by pure compounds isolated from Garcinia buchananii bark: (2R,3S,2″R,3″R)-GB-2, (2R,3S,2″S)-buchananiflavanone, and (2R,3S,2’’ R,3’’R)-  manniflavanone",,18,5
996638028401851,ETD-Graduate,Yes,pdf,ESTIMATING THE IMPACT OF CULTURAL VARIATION ON EPIDEMIC BEHAVIOR,,0,5
996638028501851,ETD-Doctoral,Yes,pdf,Understanding the Impact of Land Use Change on Bee Populations and Ecosystem Services in the Seasonally Dry Tropics: An Interdisciplinary Approach,,29,8
996638028601851,ETD-Doctoral,Yes,pdf,Culturally Sustaining Pedagogy in a Science Classroom: The Phenomenology of the Pit House,,18,16
996638028701851,ETD-Graduate,Yes,pdf,Factors Influencing Female Idaho Agricultural Education Graduates' Decisions Regarding Career Entrance,,26,4
996638028801851,ETD-Graduate,Yes,pdf,A Direct3D Implementation of the Unicon 3D Facilities,,35,7
996638028901851,ETD-Graduate,Yes,pdf,Everything We Wanted,,0,4
996638029001851,ETD-Graduate,Yes,pdf,POTATO VIRUS Y EVOLUTION AND RECOMBINATION,,23,2
996638029101851,ETD-Graduate,Yes,pdf,Application of Wind Catcher in Cooling Process of Data Centers,,36,8
996638029201851,ETD-Doctoral,Yes,pdf,Investigating the use of classification models to study microbial community associations with bacterial vaginosis,,26,3
996638029301851,ETD-Doctoral,Yes,pdf,Tidal Evolution of Extrasolar Moons and Its Applications,,39,2
996638029401851,ETD-Doctoral,Yes,pdf,Diversification of Wheat-based Cropping System in the Inland Pacific Northwest Using Winter Pea and Fall Seeded Forage Crops,,28,7
996638029501851,ETD-Graduate,Yes,pdf,"Design Improvement and Error Analysis of DARLING, a Device for Assessing the Resistance to Lodging in Grains.",,40,5
996638029601851,ETD-Graduate,Yes,pdf,Two-way Plant-mediated Interactions Between a Plant Parasitic Nematode and a Foliar Herbivore Arthropod,,39,6
996638029701851,ETD-Doctoral,Yes,pdf,Local position-space two-nucleon potentials from leading to fourth order of chiral effective field theory,,48,13
996638029801851,ETD-Graduate,Yes,pdf,Modeling and Exploring Consumer Demand and Firms Investment Decisions,,36,2
996638029901851,ETD-Doctoral,Yes,pdf,Optimizing the Culture Medium for Little-leaf Mockorange (Philadelphus microphyllus) by Using Statistical Modeling and Spectral Imaging,,19,5
996638030001851,ETD-Graduate,Yes,pdf,Control of Globodera pallida by combining Sinapis alba seed meal extract or 4-hydroxy benzyl alcohol with Brassica juncea seed meal extract or the trap crop Solanum sisymbriifolium,,22,9
996638030101851,ETD-Graduate,Yes,pdf,Keeping Dairy Producers in Business: The Efficacy of Risk Management Portfolio’s Ability to Provide Financial Stability,,38,11
996638030201851,ETD-Graduate,Yes,pdf,Indentation of Solid Nitrogen Between 30 K and 40 K,,26,6
996638030301851,ETD-Doctoral,Yes,pdf,"Diamondoid 2-Substituted 1,3-butadienes: Synthesis and Characterization of Thermal and Mechanical Properties",,34,4
996638030401851,ETD-Graduate,Yes,pdf,Design and Nuclear Criticality Safety Evaluation of the Fuel Salt Preparation and Handling Processes for the Molten Salt Nuclear Battery Design,,23,5
996638030501851,ETD-Doctoral,Yes,pdf,The effect of biological and chemical pretreatments during storage on corn stover physiochemical properties and reactivity,,16,4
996638030601851,ETD-Doctoral,Yes,pdf,Artisanal Kefir: Antimicrobial Activity and Bacterial Populations,,30,13
996638030701851,ETD-Graduate,Yes,pdf,Gravitational Influences on Ground Dominance in Control of Egospeed,,26,4
996638030801851,ETD-Doctoral,Yes,pdf,Analysis of the Temperature Dependent Band-Edge Distribution as a Function of Annealing in ZnO and Zno-Based Thin Film Alloys,,28,12
996638030901851,ETD-Graduate,Yes,pdf,Using site-specific weather information and canopy sensing to support disease management in Idaho vineyard,,28,4
996638031001851,ETD-Doctoral,Yes,pdf,Detection of Cyber Bullying Using Social Media Network Data,,20,7
996638031101851,ETD-Doctoral,Yes,pdf,Wildfire and Rehabilitation History Effects on Artemisia tridentata subsp. wyomingensis Communities Invaded by Bromus tectorum,,18,2
996638031201851,ETD-Graduate,Yes,pdf,Behavioral and environmental factors affecting nest site selection and nest survival in a colonial nesting waterbird,,35,4
996638031301851,ETD-Graduate,Yes,pdf,"The New Anglo-Saxons: Race, Place, and the Production of a Geopolitical Discourse",,18,1
996638031401851,ETD-Graduate,Yes,pdf,"Determining the mechanism of the recessive resistance to Bean common mosaic virus (BCMV) conferred by the bc-1 and bc-2 recessive genes in common bean, and biological and molecular characterization of a new strain of BCMV",,30,8
996638031501851,ETD-Doctoral,Yes,pdf,Model Guided Control of Radiant Slabs for Comfort and Efficiency,,5,7
996638031601851,ETD-Graduate,Yes,pdf,"Cadmium Uptake in Wheat: Effects of Phosphorus Management, Variety, and Nutrient Uptake Dynamics; Effects of Andic Mineralogy on Aluminum Toxicity in Acidifying Soils",,25,3
996638031701851,ETD-Graduate,Yes,pdf,Variation in the Nutritional Landscape Modulates Sublethal Effects of Competitors and Predators on Herbivore Fitness,,24,3
996638031801851,ETD-Graduate,Yes,pdf,The Effect of Tree Shelters on Survival of Salix SPP. In A Semi-Arid and Hydrologically Impacted Watershed,,17,8
996638031901851,ETD-Doctoral,Yes,pdf,Advanced methods for 3-D forest characterization and mapping from lidar remote sensing data,,46,3
996638032001851,ETD-Graduate,Yes,pdf,"Utilizing Anaerobically Digested Dairy Manure for the Cultivation of Duckweed for Biomass Production, Nutrient Assimilation, and Sugar Production",,27,3
996638032101851,ETD-Graduate,Yes,pdf,Otherness: Explorations at the Intersection of Fine Art and Conservation Biology,,60,21
996638032201851,ETD-Graduate,Yes,pdf,Artists,,0,1
996638032301851,ETD-Doctoral,Yes,pdf,"Of Milk and Microbes: The Interplay of Milk Cells, Macronutrients, Maternal Diet, and Various Microbiomes of the Mother-Infant Dyad",,28,6
996638032401851,ETD-Graduate,Yes,pdf,Processing and Characterization of HfB2 and ZrB2 Based Solid Solution Composites for Magnetohydrodynamic (MHD) Power Generation Applications,,30,6
996638032501851,ETD-Doctoral,Yes,pdf,Conservation Genetics of Kit Foxes (Vulpes macrotis) and Coyotes (Canis latrans): Using Noninvasive Genetic Sampling to Investigate Two Sympatric Carnivores,,27,6
996638032601851,ETD-Graduate,Yes,pdf,"Extended Programming and Design: A Language and Toolset for Integrating Requirements, Architecture, Design and Implementation when Developing Complex Software Systems",,26,2
996638032701851,ETD-Graduate,Yes,pdf,Narrative Passwords: Potential for Story-Based User Authentication,,28,4
996638032801851,ETD-Graduate,Yes,pdf,Analysis of Security Policies in Major Web Browsers and Development of a Multibrowser and Multiplatform Browser Configuration Tool: Open Browser GP,,38,3
996638032901851,ETD-Graduate,Yes,pdf,"Population ecology and the suppression of Burbot in the Green River, Wyoming",,26,5
996638033001851,ETD-Doctoral,Yes,pdf,RADIATION EFFECTS ON MAGNETIC NANOMATERIALS AND APPLICATIONS IN NUCLEAR ENERGY,,48,38
996638033101851,ETD-Doctoral,Yes,pdf,"DEVELOPMENT OF FISH GELATIN FILMS WITH ENHANCED PHYSICAL, ANTIOXIDANT AND ANTIMICROBIAL PROPERTIES",,26,4
996638033201851,ETD-Graduate,Yes,pdf,PROGRESSIVE LABOR REFORM: PROGRESSIVISM IN SEATTLE LABOR FROM THE GENERAL STRIKE TO THE CIO,,26,14
996638033301851,ETD-Graduate,Yes,pdf,Developing Marine Habitat Suitability Models In The Arctic From Remotely-Sensed Data And Traditional Ecological Knowledge,,22,11
996638033401851,ETD-Doctoral,Yes,pdf,The fractured ice shell of Saturn's moon Enceladus: Insights into the global stress history and interior structure,,20,8
996638033501851,ETD-Graduate,Yes,pdf,Explorations of a Misfit Southerner,,0,1
996638033601851,ETD-Graduate,Yes,pdf,Climate Change Vulnerability of Terrestrial Wildlife: An Idaho Case Study,,17,4
996638033701851,ETD-Graduate,Yes,pdf,"Combining multispectral and three-dimensional data from drone imagery to detect forest insect damage: an evaluation of a novel approach to identify the vertical structure of damage in trees in the northern Rocky Mountains, USA",,39,12
996638033801851,ETD-Graduate,Yes,pdf,The Optimization of Biochar for the Removal of Phosphorus from Water,,48,19
996638033901851,ETD-Doctoral,Yes,pdf,Operational Resilience Evaluation for Power Systems with Renewable Resources,,7,59
996638034001851,ETD-Graduate,Yes,pdf,Preserving Data Privacy for Smartwatch Atrial Fibrillation Detection Using Secure Multiparty Computation,,32,18
996638034101851,ETD-Doctoral,Yes,pdf,Influence of Variation in Mix Composition on Stability and Performance of Asphalt Mixtures,,4,3
996638034201851,ETD-Doctoral,Yes,pdf,The Exploration of Morphological and Mechanical Properties of the Plantar Fascia in Response to Imposed Running Demands,,50,3
996638034301851,ETD-Graduate,Yes,pdf,Other Places We Learned Religion,,0,6
996638034401851,ETD-Doctoral,Yes,pdf,Building a Food Web Portfolio: Hydrologic Heterogeneity Creates Food Web Diversity on a  Glacial Meltwater Landscape,,32,8
996638034501851,ETD-Doctoral,Yes,pdf,Modern Control of Smart Power Grids,,32,14
996638034601851,ETD-Graduate,Yes,pdf,Type III DFIG Wind Turbine Test Bench,,19,6
996638034701851,ETD-Graduate,Yes,pdf,Mass Continuity Constraints on Ice Ablation in Greenland,,47,5
996638034801851,ETD-Doctoral,Yes,pdf,IS IT JUST ME AND THE BALL? THE POWER OF THE AESTHETIC SPORT EXPERIENCE,,34,12
996638034901851,ETD-Graduate,Yes,pdf,Application of Elastic Net Regression for Modeling COVID-19 Sociodemographic Risk Factors,,39,3
996638035001851,ETD-Doctoral,Yes,pdf,Fine mapping and candidate gene analysis of a QTL QfSNS.uia-5A  controlling spikelet number per spike in wheat,,26,5
996638035101851,ETD-Graduate,Yes,pdf,Method Acting,,0,7
996638035201851,ETD-Doctoral,Yes,pdf,Enhancing the Resiliency and Cybersecurity of Power System State Estimation with High Breakdown Point Robust Estimators,,30,5
996638035301851,ETD-Graduate,Yes,pdf,Why I Love the Door: Essays,,0,3
996638035401851,ETD-Graduate,Yes,pdf,Remote Sensing of Tree Growth - New Approaches for Monitoring Annual Growth Onset and Intra-annual Variability,,30,6
996638035501851,ETD-Doctoral,Yes,pdf,Assessing Forest and Fuels Management Operations Using Integrated Mobile Technologies and Remotely Sensed Data,,69,6
996638035601851,ETD-Graduate,Yes,pdf,Carbon Dioxide Enabled Methane Dehydroaromatization Reaction with High Stability,,38,8
996638035701851,ETD-Graduate,Yes,pdf,Modeling Deep Infiltration from Irrigated Agriculture to Support Regional Water Management,,28,16
996638035801851,ETD-Graduate,Yes,pdf,Redefining fashion consumption and closing the gap of circularity within the fashion supply chain.,,45,2
996638035901851,ETD-Doctoral,Yes,pdf,Two Innovative Field Studies to Improve Transportation Safety: Vehicle-to-Infrastructure Reliability Testing and Analysis of Wind Forces on Cyclists,,61,10
996638036001851,ETD-Doctoral,Yes,pdf,Using Grammar Extracted from Sample Input to Generate Effective Fuzzing Files,,39,4
996638036101851,ETD-Doctoral,Yes,pdf,Irradiation Induced Phase Change in Low Enriched Uranium-­Molybdenum Fuel as it Relates to Microstructure,,39,8
996638036201851,ETD-Graduate,Yes,pdf,Degradation of Perfluorooctanoic Acid in Water by a Continuous Flow Liquid-Phase Plasma Discharge Process,,45,8
996638036301851,ETD-Graduate,Yes,pdf,Wood and Resin Composite Extrusion for  Additive Manufacturing,,27,11
996638036401851,ETD-Graduate,Yes,pdf,The Role of Social Norms in Producers’ Motives to Adopt Sustainable Practices,,37,5
996638036501851,ETD-Graduate,Yes,pdf,"""The Seeds of Morrow""",,38,6
996638036601851,ETD-Doctoral,Yes,pdf,Dissolution Phenomena of Nuclear Research Reactor Fuel Constituents in Molten Salt Systems,,34,3
996638036701851,ETD-Doctoral,Yes,pdf,Presence in Virtual Environments: Visual Factors and Measure Convergence,,22,20
996638036801851,ETD-Graduate,Yes,pdf,Corrosion and Electrocatalytic Behaviors of Additively Manufactured INCONEL 718 Alloy in pH Adjusted 3.5% NaCl Solutions at Room Temperature,,31,9
996638036901851,ETD-Graduate,Yes,pdf,The Effects and Implications of Oxidation on Nuclear Grade Graphite,,0,11
996638037001851,ETD-Graduate,Yes,pdf,Design and Manufacture of an Advanced Visual Inspection System to Monitor and Detect Boiling for an Out-of-Pile Setup,,37,5
996638037101851,ETD-Graduate,Yes,pdf,Magnetic Resonance Imaging Based Quantification of Ophthalmic Adaptations to Microgravity and Microgravity Analogs,,19,3
996638037201851,ETD-Doctoral,Yes,pdf,The Design and Performance of a Thermal Power Extraction System for an Existing Pressurized Water Reactor with Varying Condensate Reinsertion,,34,5
996638037301851,ETD-Graduate,Yes,pdf,Crop Physiological Characteristics and End-Use Quality Parameters of Spring Wheat in Response to Drought Stress at Different Growth Stages,,30,5
996638037401851,ETD-Doctoral,Yes,pdf,A QUANTITATIVE STUDY OF STUDENT PERCEPTIONS OF THE COMMUNITY OF INQUIRY PRESENCES IN COMMUNITY COLLEGE ONLINE COURSES,,42,25
996638037501851,ETD-Graduate,Yes,pdf,Understanding agricultural perspectives of cover crop adoption and symbols of good farming in the inland Pacific Northwest,,2,10
996638037601851,ETD-Doctoral,Yes,pdf,Elucidating mechanisms that drive changes in the composition of the human vaginal microbiome,,22,3
996638037701851,ETD-Doctoral,Yes,pdf,"INSIGHTS INTO THE PROCESSES AND LIMITING FACTORS OF BEDROCK RIVER EROSION USING FLUME EXPERIMENTS, TOPOGRAPHIC ANALYSES, AND DAMAGE CONTINUUM CONCEPTS",,57,9
996638037801851,ETD-Graduate,Yes,pdf,QTL Analysis of Wheat Grain Yield Components and Agronomic Traits Using Advanced Genotyping Platforms,,20,7
996638037901851,ETD-Graduate,Yes,pdf,Evaluating the Impact of Soil pH on Root and Crown Diseases of Wheat and Using Agricultural Limestone to Manage Soil Acidification in Northern Idaho,,20,21
996638038001851,ETD-Graduate,Yes,pdf,Design and Improvement of a Real-Time Simulated Microgrid  and SCADA System for the University of Idaho  Industrial Control System Testbed,,30,12
996638038101851,ETD-Doctoral,Yes,pdf,Respiratory Viral Coinfection Ameliorates Disease Severity in Mice,,29,5
996638038201851,ETD-Graduate,Yes,pdf,A Bayesian Hierarchical Poisson Approach to Estimate County Level Suicide Risks in Idaho,,28,7
996638038301851,ETD-Graduate,Yes,pdf,A River Runs Through It:  The Wild and Scenic Rivers Act as an Archetype for Complex Natural Resource Management Issues,,31,6
996638038401851,ETD-Graduate,Yes,pdf,Answer with Hunger,,0,5
996638038501851,ETD-Graduate,Yes,pdf,Evaluation of iceberg calving models against observations from Greenland outlet glaciers,,25,4
996638038601851,ETD-Graduate,Yes,pdf,Learning-Based Communication Systems,,29,1
996638038701851,ETD-Doctoral,Yes,pdf,Ionizing Radiation Sensitivity of Hydroxyl Terminated Polybutadiene Solid Propellant,,21,9
996638038801851,ETD-Doctoral,Yes,pdf,"Management of Kokanee in Idaho Lakes: Sampling Techniques, Growth Disparities, and Mysis-Kokanee Interactions",,28,6
996638038901851,ETD-Doctoral,Yes,pdf,"Elucidating evolutionary processes in three threatened carnivores: genetic substructure, admixture, and cancer susceptibility",,27,2
996638039001851,ETD-Graduate,Yes,pdf,COMPARATIVE ANALYSIS OF CRACKING AND RUTTING CHARACTERISTICS OF ASPHALT MIXES,,28,2
996638039101851,ETD-Doctoral,Yes,pdf,REMOTE SENSING OF THE PACIFIC NORTHWEST BUNCHGRASS PRAIRIE FOR LANDSCAPE SCALE MONITORING AND MANAGEMENT,,21,1
996638039201851,ETD-Graduate,Yes,pdf,Fertilizer Nitrogen Use Efficiency Determined using Enriched Isotope Tracers and Residue Decomposition of Irrigated Spring Malt Barley,,27,5
996638039301851,ETD-Graduate,Yes,pdf,"GARNET GRAIN SIZE ANALYSIS, GARNET COMPOSITION, AND HISTORICAL MINING WITHIN THE EMERALD CREEK AREA, NORTHERN IDAHO",,22,8
996638039401851,ETD-Graduate,Yes,pdf,"Experimental and Computational Studies on the Temperature Dependence of Thermal Conductivities for Water, Ethylene Glycol, Glycerol, and Propylene Glycol, Using the Transient Hot-Wire Method",,14,12
996638039501851,ETD-Graduate,Yes,pdf,Optimal Routing and Charging of Electric Mobility-on-Demand Systems,,31,5
996638039601851,ETD-Graduate,Yes,pdf,Low Complexity Algorithms for Automatic Modulation Classification Based on Machine Learning,,1,8
996638039701851,ETD-Graduate,Yes,pdf,EVALUATION OF ACOUSTIC ABSORPTION CHARACTERISTICS OF ASPHALT MIXTURES,,23,1
996638039801851,ETD-Graduate,Yes,pdf,A Chronostratigraphic Assessment of the Pronghorn Member of the Bakken Petroleum System,,0,1
996638039901851,ETD-Doctoral,Yes,pdf,Reproductive Life History Decisions in a Long-Distance Migrating Iteroparous Fish Model,,0,3
996638040001851,ETD-Graduate,Yes,pdf,"Early Field Performance and Allometry of Three Inland Northwest Conifer Species, Influence of Root Growth Potential and Site Characteristics",,28,5
996638040101851,ETD-Graduate,Yes,pdf,"EOCENE BASIN RECORDS OF VOLCANISM, TOPOGRAPHY, AND TECTONICS IN SOUTHERN BRITISH COLUMBIA, CANADA",,33,43
996638040201851,ETD-Graduate,Yes,pdf,My Lightning Summer,,0,3
996638040301851,ETD-Graduate,Yes,pdf,Energy Conversion Loop: A Testbed for Nuclear Hybrid Energy Systems Use in Biomass Pyrolysis,,38,2
996638040401851,ETD-Graduate,Yes,pdf,LONG-TERM VEGETATION RESPONSE FOLLOWING POST-FIRE STRAW MULCHING,,12,6
996638040501851,ETD-Graduate,Yes,pdf,The Role of Canopy Cover in the Home Ignition Zone in Loss of Homes During Timbered Wildland-Urban Interface Fires,,15,2
996638040601851,ETD-Doctoral,Yes,pdf,"INTEGRATED WATER RESOURCES MANAGEMENT IN A CHANGING CLIMATE: WATER QUALITY, QUANTITY, ALTERNATIVE, AND POLICY MAKING.",,27,14
996638040701851,ETD-Graduate,Yes,pdf,"Nursery Culture Effects on Western Redcedar Seedling Growth,  Defense, and Stress Resistance",,17,2
996638040801851,ETD-Graduate,Yes,pdf,On the Specification of Likelihood Functions for Matched Case-Control Designs: Implications for Resource Selection Studies,,42,8
996638040901851,ETD-Graduate,Yes,pdf,Assessment and Participant Feedback of Sandpoint Archaeology Project Teaching Kits in Idaho Elementary Classrooms,,29,2
996638041001851,ETD-Graduate,Yes,pdf,Using Cerebral Organoids to Model HCMV Infection in the Developing Brain,,21,5
996638041101851,ETD-Graduate,Yes,pdf,Reduced Order Modeling of Reactor Pressure Vessels for Probabilistic Fracture Mechanics,,25,8
996638041201851,ETD-Graduate,Yes,pdf,Our Lady of the Woodland: The Church that Pierce Built,,26,6
996638041301851,ETD-Graduate,Yes,pdf,"Stability and Passivity Analysis, Application of Vector Fitting in RLC Equivalent Circuit Synthesis",,42,11
996638041401851,ETD-Graduate,Yes,pdf,The Mercy of His Means: A Novel,,0,2
996638041501851,ETD-Graduate,Yes,pdf,Targeted Grazing Applied to Reduce Fire Behavior Metrics and Wildfire Spread,,21,8
996638041601851,ETD-Doctoral,Yes,pdf,An Examination of Manual Therapies and Patient-Centered Care in Athletic Training: A Dissertation of Clinical Practice Improvement,,27,2
996638041701851,ETD-Doctoral,Yes,pdf,Career Success for Construction Project Managers:A Qualitative Study of Construction Project Managers Coping with Stress to Complete Successful Projects,,34,12
996638041801851,ETD-Graduate,Yes,pdf,"Regulatory Floodplain Revisions, the National Flood Insurance Program, and Future Implications: A Case Study of Ada County, Idaho",,30,8
996638041901851,ETD-Doctoral,Yes,pdf,Ecohydrologic Dynamics and Social Impacts of Western Juniper in Snow-Dominated Sagebrush Steppe,,41,4
996638042001851,ETD-Doctoral,Yes,pdf,Voices of Place: The Affordances and Barriers for Teaching Underrepresented Students Who Employ Digital Stories to Articulate Their Interpretations of Place Meaning,,48,6
996638042101851,ETD-Graduate,Yes,pdf,[be]LONGING,,31,4
996638042201851,ETD-Doctoral,Yes,pdf,Developing and Evaluating Genetic Monitoring Tools for Sonoran Pronghorn (Antilocapra americana sonoriensis),,33,6
996638042301851,ETD-Doctoral,Yes,pdf,Mechanistic Photochemistry of Inorganic and Organometallic Complexes in Solution and Inert Matrices at 85K,,27,15
996638042401851,ETD-Graduate,Yes,pdf,An Incomplete Reality: Crafting Intimate Relationships with Place through Fragmented Environments,,35,1
996638042501851,ETD-Graduate,Yes,pdf,Bright Spots,,29,10
996638042601851,ETD-Doctoral,Yes,pdf,SIGNALIZED INTERSECTION OPERATIONS - CASE STUDIES OF HOW UNDERGRADUATE CIVIL ENGINEERING STUDENTS ACHIEVE CONCEPTUAL CHANGE AND CATEGORIZE KNOWLEDGE,,24,9
996638042701851,ETD-Graduate,Yes,pdf,Evaluating the Implications of Sex and Gender of Applicants on Job Placement,,28,5
996638042801851,ETD-Doctoral,Yes,pdf,"Perceived Organizational Support for Online Education and its Association with Motivation, Commitment and Satisfaction: A Study of Online Teaching Faculty and Organizational Leaders",,35,7
996638042901851,ETD-Graduate,Yes,pdf,"Examining ""Willingness to Participate"" in Community-Based Water Resources Management in a Transboundary Conservation  Area in Central America",,32,11
996638043001851,ETD-Doctoral,Yes,pdf,Development and Demonstration of Thin Waveguide Ultrasonic Thermometer,,19,9
996638043101851,ETD-Doctoral,Yes,pdf,"Synthesis, Reactions and Kinetics of Indenyl-Nitrosyl Group (VI) Metal Carbonyl Complexes with Phosphorus (III) Ligands",,0,8
996638043201851,ETD-Doctoral,Yes,pdf,FAITH IN HIGHER EDUCATION: THE INFLUENCE OF RELIGIOSITY ON PROFESSIONAL EDUCATORS,,0,8
996638043301851,ETD-Doctoral,Yes,pdf,Adventure Programs' Effect on Self-Efficacy of Business Students,,26,7
996638043401851,ETD-Graduate,Yes,pdf,"Safety Evaluation of IdaShield Signs at Passive Railroad Crossings Using Crash Data Analysis, User Assessment Surveys, and Driving Simulation",,29,6
996638043501851,ETD-Graduate,Yes,pdf,Simplified Sizing and Performance Models for Four-Stroke Spark-Ignition Engines for use in Electric Vehicle Range Extenders,,35,2
996638043601851,ETD-Graduate,Yes,pdf,AN ECONOMIC EFFICIENCY AND RESILENCY STUDY OF UNITED STATES COUNTIES USING FACTOR ANALYSIS AND DATA ENVELOPMENT ANALYSIS WITHIN A COMMUNITY CAPITALS FRAMEWORK,,27,4
996638043701851,ETD-Doctoral,Yes,pdf,AN ADAPTIVE PHASE QUANTIZATION NOISE CANCELLATION ARCHITECTURE FOR &#8710;&#931; FRACTIONAL-N FREQUENCY SYNTHESIZERS,,3,12
996638043801851,ETD-Graduate,Yes,pdf,Expression of a Unique Vision,,31,14
996638043901851,ETD-Graduate,Yes,pdf,"On-line, On-board, Evolutionary Learning from Demonstration in Autonomous, Mobile Robots",,34,3
996638044001851,ETD-Doctoral,Yes,pdf,A Correlational Study on Transformational Leadership and Resilience in Higher Education Leadership,,33,9
996638044101851,ETD-Doctoral,Yes,pdf,DEFINING ATTACKER BEHAVIOR PATTERNS IN THE CONTEXT OF AN INFORMATION SYSTEM,,32,10
996638044201851,ETD-Graduate,Yes,pdf,Process Investigation and Optimization of Heterogeneous Catalystic Decarboxylation of Fatty Acids and Fatty Acid Methyl Esters for Renewable Diesel Production,,0,9
996638044301851,ETD-Graduate,Yes,pdf,Development of a Thermally Activated Pyrotechnic Initiator Based on Fabrication of Low Temperature Co-Fired Ceramic Components,,4,2
996638044401851,ETD-Graduate,Yes,pdf,"Isotope Discrimination of Source Waters, Flowpaths, and Traveltimes at an Acid-Generating, Lead-Zinc-Silver Mine, Silver Valley, Idaho, USA",,6,2
996638044501851,ETD-Graduate,Yes,pdf,New Tool and Safety Performance Measure for Highway Safety Evaluation,,46,4
996638044601851,ETD-Graduate,Yes,pdf,3D Printing of Wood-Sodium Silicate Composites,,45,17
996638044701851,ETD-Doctoral,Yes,pdf,"A Rabbit’s Tale:  Genetic monitoring, genomic diversity, and habitat selection in the endangered Columbia Basin pygmy rabbit (Brachylagus idahoensis)",,29,5
996638044801851,ETD-Graduate,Yes,pdf,Connected by Water: The Confluence of Self and Place,,26,12
996638044901851,ETD-Doctoral,Yes,pdf,Hydraulic Properties and Processes of Conifer Trees in the Inland Northwest Through Extended Seasonal Drought,,47,9
996638045001851,ETD-Graduate,Yes,pdf,Memoir of an Ugly American,,0,5
996638045101851,ETD-Doctoral,Yes,pdf,Influences of Climate Change on Water Availability in Complex Terrain: Understanding Earth Processes and their Relation to Social Action,,30,7
996638045201851,ETD-Graduate,Yes,pdf,Separation of Adjacent Rare Earth Elements Using Solvent Extraction,,21,13
996638045301851,ETD-Doctoral,Yes,pdf,Understanding and Enhancing the Photostability of Nanoporous Metal Oxide Thin Films for Solar Hydrogen Generation,,4,7
996638045401851,ETD-Graduate,Yes,pdf,Improving Agricultural Nitrogen use through Policy Incentivized Management Strategies: Precision Agriculture on the Palouse,,23,9
996638045501851,ETD-Graduate,Yes,pdf,Improved MCNP Memory Locality by Neutron Grouping,,0,2
996638045601851,ETD-Doctoral,Yes,pdf,Autonomic Intelligent Network Sensor Model for Protection of Critical Infrastructure Systems,,27,6
996638045701851,ETD-Graduate,Yes,pdf,Actuated Control Parameters to Reduce Vehicle Emissions and Fuel Consumption at Isolated Intersections,,38,5
996638045801851,ETD-Doctoral,Yes,pdf,The Once-Bustling Basin: A Historical Archaeology of Chinese Mining Networks in Southern Idaho,,65,39
996638045901851,ETD-Doctoral,Yes,pdf,Navigating New Waters: A Case Study of Settler Colonialism in the Coeur d’Alene Tribe’s Legal Fight to Protect its Homeland,,41,11
996638046001851,ETD-Doctoral,Yes,pdf,Novel Security Models for IoT-Fog-Cloud Architectures in a Real-World Environment,,35,10
996638046101851,ETD-Doctoral,Yes,pdf,Leaders’ Well-Being: Exploring Implications for Leadership Theory and Organizational Practice,,36,11
996638046201851,ETD-Graduate,Yes,pdf,Escherichia coli exhibits single-cell heterogeneity in phenotypic tolerance to formaldehyde that is unrelated to persistence,,15,6
996638046301851,ETD-Graduate,Yes,pdf,"Evidence of High Relief Eocene Topography in the Southern Idaho Batholith and Constraints on Rift-related Exhumation in the Miocene Western Snake River Plain, Idaho, Using Apatite (U-Th)/He Thermochronometry",,42,31
996638046401851,ETD-Graduate,Yes,pdf,RECONCILING THE SHORTCOMINGS OF THE NATIONAL PRESERVATION ACT TRIBAL CONSULTATION MANDATE: CULTIVATING SPACE IN CONSULTATION PROTOCOL ORIENTED TOWARDS TRIBAL SELF-DETERMINATION AT KATMAI NATIONAL PARK AND PRESERVE,,16,4
996638046501851,ETD-Graduate,Yes,pdf,Evaluation and Mitigation of Alkali Silica Reaction (ASR) in Cementitious Materials,,32,9
996638046601851,ETD-Graduate,Yes,pdf,Evaluating the Use of Hyperspectral Remote Sensing and Narrowband Spectral Vegetation Indices to Diagnose Onion Pink Root at the Leaf and Canopy Level,,25,8
996638046701851,ETD-Doctoral,Yes,pdf,"Symbiotic of Ventenata dubia, Bromus tectorum, Boechera stricta, and Phoenix dactylifera L",,36,2
996638046801851,ETD-Graduate,Yes,pdf,The Relationship Between Food Insecurity and Financial Behaviors Among Undergraduate College Students,,38,7
996638046901851,ETD-Graduate,Yes,pdf,"Perceiving the Ecological, Cultural and Economic Significance of Pacific Lamprey in Nez Perce and Other Regions: From an Outsider’s Perspective",,25,13
996638047001851,ETD-Graduate,Yes,pdf,Electrochemical Energy Characteristics of Bismuth Oxide with Different Polymorphs,,30,7
996638047101851,ETD-Doctoral,Yes,pdf,"Tuning the Electronic Properties of Graphite for Enhanced and Sustained Electron Transfer Kinetics: Characterization, Properties and Applications",,53,15
996638047201851,ETD-Doctoral,Yes,pdf,Authentic Leadership and Entrepreneurial Thinking in the Context of Professional Standards for Educational Leaders: Perspectives of Practicing Charter School Leaders,,54,8
996638047301851,ETD-Graduate,Yes,pdf,Feeding and Supplementation Strategies During Weaning in Dairy Calves,,28,4
996638047401851,ETD-Graduate,Yes,pdf,Shear Behavior of HSC Beams Reinforced with Steel and Fiber Composite Grids,,1,3
996638047501851,ETD-Graduate,Yes,pdf,Dynamic Modular Model of a Flywheel Energy Storage System,,23,4
996638047601851,ETD-Doctoral,Yes,pdf,The challenge of defining species boundaries in incipient plant lineages: a case study in the paintbrushes (Castilleja; Orobanchaceae),,20,6
996638047701851,ETD-Graduate,Yes,pdf,Investigation of fault location performance utilizing synchronized phasor measurements with two-ended fault location impedance method,,19,7
996638047801851,ETD-Doctoral,Yes,pdf,Photoreceptor Transcriptome Analysis in Zebrafish,,17,3
996638047901851,ETD-Graduate,Yes,pdf,Gathering Tule: Cultural and Ecological Significance of Tule to the Nez Perce in their Homelands,,38,8
996638048001851,ETD-Graduate,Yes,pdf,Occurrence and Environmental Fate of Chemicals of Emerging Concern in Biosolids- and Dairy Manure Amended-Agricultural Soil,,0,12
996638048101851,ETD-Doctoral,Yes,pdf,An Assessment Methodology and Models for Cyber Systems,,35,3
996638048201851,ETD-Doctoral,Yes,pdf,"Identification and Survival of Microbial Isolates Collected from the Viking Spacecraft Surfaces Subjected to Simulated Environmental Conditions of Mars and a Conceptualized Model for the Advancement of Connecting Stakeholders in Science, Technology, Engineering, and Mathematics (STEM) Education",,23,19
996638048301851,ETD-Doctoral,Yes,pdf,"INFLUENCE OF DIETARY PURPLE CORN EXTRACT ON PRODUCTION, REDOX PARAMETERS AND MYOGENESIS IN RAINBOW TROUT",,32,5
996638048401851,ETD-Graduate,Yes,pdf,"A Nutrient Mass Balance of Fernan Lake, Idaho, and Directions for Future Research",,55,14
996638048501851,ETD-Graduate,Yes,pdf,Spatial and Seasonal Variability of Earthworms in Wheat Fields of the Inland Pacific Northwest,,29,4
996638048601851,ETD-Graduate,Yes,pdf,Silsesquioxane Hybrid Nano-Building Blocks for Extreme Ultra-violet Photoresists,,0,8
996638048701851,ETD-Graduate,Yes,pdf,"PREHISTORIC USE OF QUARTZ CRYSTAL LITHIC MATERIAL IN THE CLEARWATER RIVER BASIN, NORTH CENTRAL IDAHO: A REPLICATIVE STUDY IN MANUFACTURE AND USE-WEAR ANALYSIS",,5,38
996638048801851,ETD-Graduate,Yes,pdf,"“A Beautiful River that Eats People” The Value of Streamflow for the Salmon River Bioregion, Idaho",,34,2
996638048901851,ETD-Graduate,Yes,pdf,Advancing a Post-Anoxic Biological Nutrient Removal Process Selecting for Niltritation,,43,11
996638049001851,ETD-Graduate,Yes,pdf,A More Conservative Form of Governing Equations in RELAP5,,1,4
996638049101851,ETD-Graduate,Yes,pdf,Modeling and Simulation of a High-Head Pumped Hydro System,,18,8
996638049201851,ETD-Doctoral,Yes,pdf,A FUNCTIONAL TRAIT BASED APPROACH TO UNDERSTAND TROPICAL FOREST COMPOSITION AND FUNCTION IN A COSTA RICAN LANDSCAPE,,21,9
996638049301851,ETD-Doctoral,Yes,pdf,A Family and Consumer Sciences Education Teacher Preparation Program: A Snapshot of Teacher-Efficacy,,32,9
996638049401851,ETD-Graduate,Yes,pdf,Disassembly,,0,3
996638049501851,ETD-Graduate,Yes,pdf,Active Magnetic Bearing Control for an Experimental Flywheel Energy Storage System,,1,9
996638049601851,ETD-Graduate,Yes,pdf,POST-RELEASE ASSESSMENT OF CLASSICAL BIOLOGICAL CONTROL OF CANADA THISTLE (CIRSIUM ARVENSE) IN THE WESTERN UNITED STATES,,17,6
996638049701851,ETD-Doctoral,Yes,PDF,BRIDGING NATURAL RESOURCE COMMUNICATION BOUNDARIES: PUBLIC PERCEPTIONS OF SMOKE FROM WILDLAND FIRES AND FOREST MANAGERS' PERSPECTIVES OF CLIMATE CHANGE SCIENCE,,36,6
996638049701851,ETD-Doctoral,Yes,pdf,BRIDGING NATURAL RESOURCE COMMUNICATION BOUNDARIES: PUBLIC PERCEPTIONS OF SMOKE FROM WILDLAND FIRES AND FOREST MANAGERS' PERSPECTIVES OF CLIMATE CHANGE SCIENCE,,36,6
996638049801851,ETD-Doctoral,Yes,pdf,Exploring the Extinction of Retrotransposons in Mammalian Genomes,,0,8
996638049901851,ETD-Graduate,Yes,pdf,An Adolescent Nutrition Learning Model to Facilitate Behavior Change in a Teen Obesity Intervention Study,,20,4
996638113201851,ETD-Graduate,Yes,pdf,Spatiotemporal Variation of Demographic Parameters and Seasonal Habitat Fidelity by Moose in Idaho.,,28,5
996638113301851,ETD-Doctoral,Yes,pdf,Improving Mapping Accuracy of Wildland Fire Effects from Hyperspatial Imagery Using Machine Learning,,11,11
996638113401851,ETD-Doctoral,Yes,pdf,Complex hydrocarbons in the Saturn system,,38,5
996638113501851,ETD-Doctoral,Yes,pdf,Regulation of the Defense-related SlNAC1 Transcription Factor During Defense Signaling in Tomato,,47,8
996638113601851,ETD-Doctoral,Yes,pdf,Spatial and Temporal Dynamics of Dissolved Oxygen and Nitrous Oxide Concentrations in the Hyporheic Zone,,20,10
996638113701851,ETD-Graduate,Yes,pdf,Shortcomings of Teaching Chemical Group Theory with a Limited Use of Linear Algebra,,16,1
996638113801851,ETD-Doctoral,Yes,pdf,Improving Shelf-Life and Tenderness of Beef During Extended Aging,,22,7
996638113901851,ETD-Graduate,Yes,pdf,Effectiveness of Three Foodservice Equipment Training Interventions for Food and Nutrition Students,,19,9
996638114001851,ETD-Graduate,Yes,pdf,EFFECTS OF FEEDING POLYUNSATURATED OR SATURATED FATTY ACIDS TO PRE-RUMINATING CATTLE ON DIFFERENTIATION AND GROWTH OF BOVINE PREADIPOCYTES FROM INTRAMUSCULAR AND SUBCUTANEOUS FAT DEPOTS,,37,9
996638114101851,ETD-Graduate,Yes,pdf,"Application of Wrapping Cams in an Unpowered, Upper-Limb Assistive Device",,22,1
996638114201851,ETD-Graduate,Yes,pdf,"LEGACY LEAD AND ARSENATE SOIL CONTAMINATION AT CHILDCARE CENTERS IN THE YAKIMA VALLEY, CENTRAL WASHINGTON",,18,10
996638114301851,ETD-Graduate,Yes,pdf,Stress-Mediated Disease Susceptibility and Thermal Physiology of Burbot Lota lota maculosa,,32,11
996638114401851,ETD-Graduate,Yes,pdf,Partial Migration in Steelhead (Oncorhynchus mykiss): Identifying factors that influence migratory behavior and population connectivity across a watershed,,33,5
996638114501851,ETD-Doctoral,Yes,pdf,"A Social-Ecological Systems Approach to Understanding Environmental Changes, Impacts, Learning, and Well-Being in Rangelands",,44,11
996638114601851,ETD-Doctoral,Yes,pdf,Genetic Monitoring of the Endangered Columbia Basin Pygmy Rabbit Recovery,,31,4
996638114701851,ETD-Graduate,Yes,pdf,Carbon Stocks and Tillage in Palouse Agricultural Soils,,25,13
996638114801851,ETD-Doctoral,Yes,pdf,"Utilizing the Concerns-Based Adoption Model to Assess the Integration of Science, Technology, Engineering, and Mathematics (STEM) in Secondary Introductory Agricultural Mechanics Courses: A Descriptive Study of Idaho Secondary Agricultural Educators",,39,10
996638114901851,ETD-Graduate,Yes,pdf,Spectral Characterization of Agricultural Burned Areas for Satellite Mapping,,33,6
996638115001851,ETD-Graduate,Yes,pdf,Contextual Influences on Detecting the Presence of a Firearm,,44,3
996638115101851,ETD-Graduate,Yes,PDF,Modified SPARC Instruction Simulator (SIS) to Support Experimental Tagging,,36,7
996638115201851,ETD-Graduate,Yes,pdf,Class Integration Through Class Division: A Structural-Functionalist Interpretation of Plato's Republic,,28,6
996638115301851,ETD-Graduate,Yes,pdf,Nanocomposites of  Bacterial Nanocellulose and Paramagnetic Iron Oxide Nanoparticles,,25,3
996638115401851,ETD-Graduate,Yes,pdf,ULTRA AFFORDABLE RAPID PROTOTYPING: CREATION AND SETUP OF AN EXPERIMENTAL FABRICATION MACHINE,,34,5
996638115501851,ETD-Graduate,Yes,pdf,Design of Molecular Oxide Auxetic Materials and Their Effect on Energy Storage,,21,7
996638115601851,ETD-Doctoral,Yes,pdf,The Use of Technology for Enhancing the Learning Experiences of Undergraduate Students:From Online Education to the Use of Mobile Devices and Web-based Programs,,20,5
996638115701851,ETD-Graduate,Yes,pdf,PERFORMANCE MEASURE CALCULATION USING HIGH-RESOLUTION DATA,,18,4
996638115801851,ETD-Graduate,Yes,pdf,LIMING FOR IMPROVED NUTRIENT UTILIZATION AND WEED MANAGEMENT,,54,15
996638115901851,ETD-Graduate,Yes,pdf,Market Class Differences in Response to Applied Nitrogen in Spring Barley,,35,6
996638116001851,ETD-Doctoral,Yes,pdf,Exploring the Health Benefits of Canoe and Paddle Building: A Case Study of Physically Active Lessons for Elementary Students,,36,6
996638116101851,ETD-Doctoral,Yes,pdf,Negotiating Access and Participation in K-12 Schools: The Experience of Latinx Im/migrant Families,,51,13
996638116201851,ETD-Doctoral,Yes,pdf,Causes and Consequences of Behavioral Variation in Large Mammals,,4,11
996638116301851,ETD-Graduate,Yes,pdf,Discovery of a Novel Hemolysin in Methylobacterium extorquens; Methylolysin A,,33,7
996638116401851,ETD-Graduate,Yes,pdf,Evaluate and Develop a Correlation between CoreLok and AASHTO T-85 for Determining the Specific Gravity and Absorption Properties of Coarse Aggregates used in Idaho,,31,6
996638116501851,ETD-Graduate,Yes,pdf,Soil Health and Crop Connectivity in Barley-Pulse Intercropping Systems,,49,7
996638116601851,ETD-Graduate,Yes,pdf,Tracking the Development of Common Bunt Colonization Throughout the Plant Life Cycle in Compatible and Incompatible Reactions Using qPCR,,25,2
996638116701851,ETD-Graduate,Yes,pdf,From Kurdistan to London And Nashville: Identity Negotiation and the Emergence of Kurdish Cultural Identity In Diaspora,,43,14
996638116801851,ETD-Graduate,Yes,pdf,Thermal Characterization of Printable Wood Composite and Life Cycle Assessment of a Novel Wood-Based 3D-Printed Exterior Wall,,33,2
996638116901851,ETD-Graduate,Yes,pdf,Estimation of the Strength of Mate Preference from Mated Pairs Observed in the Wild,,34,5
996638117001851,ETD-Graduate,Yes,pdf,Numerical Simulation of the Nonlinear Magnetic Quantum Response of a Torus,,36,2
996638117101851,ETD-Graduate,Yes,pdf,Applying Omics Techniques to Uncover Polyhydroxyalkanoate (PHA) Feast-Famine Metabolisms by Mixed Microbial Consortia Cultured on Fermented Dairy Manure,,36,12
996638117201851,ETD-Graduate,Yes,pdf,Effect of a Commercial Active Dry Yeast (CNCM I-1079) on Productive and Metabolic Measures during the Periparturient Transition,,17,3
996638117301851,ETD-Graduate,Yes,pdf,Corrosion Behavior of Calcium Containing 5xxx/6xxx Aluminum Alloys,,17,6
996638117401851,ETD-Graduate,Yes,pdf,The Relationship Between FFA and SAE Involvement and College Involvement with College of Agricultural and Life Sciences College Students,,30,7
996638117501851,ETD-Doctoral,Yes,pdf,Community Learning in Social Resilience,,33,10
996638117601851,ETD-Graduate,Yes,pdf,Improving Beef Cattle Reproductive Efficiency: Hormonal and Fertility Responses to Different Doses of Prostaglandin F2⍺ in Postpartum Beef Cows Subjected to a Timed-Artificial Insemination Protocol,,46,4
996638117701851,ETD-Graduate,Yes,pdf,Evaluation of Resilient Modulus of Unbound Coarse  Materials in Idaho,,19,11
996638117801851,ETD-Graduate,Yes,pdf,CRISPR/Cas9-Based Editing of Alpha-Amylase 3 (Amy3) Genes in Wheat,,27,21
996638117901851,ETD-Doctoral,Yes,pdf,Optimization Problems in Computational Physics: from Atoms to Molecular Assemblies,,21,5
996638118001851,ETD-Graduate,Yes,pdf,"FEASIBILITY OF A SUSTAINABLE CONSTRUCTED WETLAND TO TREAT WASTEWATER FOR THE CITY OF JULIAETTA, IDAHO",,0,6
996638118101851,ETD-Graduate,Yes,pdf,"An Assessment of Grassland Bird Communities, Shrub Use, and Reproduction In the Context of Shrub Encroachment",,32,7
996638118201851,ETD-Graduate,Yes,pdf,Coffee Roasting Process Monitoring with In Situ NIR Spectroscopy,,0,7
996638118301851,ETD-Graduate,Yes,pdf,Investigation of Fatigue and Creep-Fatigue Crack Growth in Alloy 709 at Elevated Temperatures,,40,9
996638118401851,ETD-Graduate,Yes,pdf,Drought and Moisture Availability and Recent Western Spruce Budworm Outbreaks in the Western United States,,7,1
996638118501851,ETD-Graduate,Yes,pdf,UNDERSTANDING CHROMOSOMES TO MAKE GENETIC IMPROVEMENTS IN RUMINANT LIVESTOCK SPECIES,,55,3
996638118601851,ETD-Graduate,Yes,PDF,STUDY OF CARBON BASED ELECTRODES IN CAPACITIVE DEIONIZATION FOR DESALINATION,,23,3
996638118701851,ETD-Doctoral,Yes,pdf,Electrochemical and High Temperature Characterizations of Hafnium and Zirconium Diboride Solid Solutions with Different Additives,,33,5
996638118801851,ETD-Graduate,Yes,pdf,"Leachate Experiments to Evaluate Weathering of Waste Rock for Backfill Aquifers in Restored Open Coal Mine Pits, Powder River Basin, USA",,34,2
996638118901851,ETD-Doctoral,Yes,pdf,Measuring Psychological Flexibility in High-Risk Military Occupations: A Psychometric Evaluation,,16,9
996638119001851,ETD-Doctoral,Yes,pdf,Western Coniferous Forest Responses to Reclaimed Water Along a Time Series of Water Reuse Facilities,,48,5
996638119101851,ETD-Doctoral,Yes,pdf,Novel Approaches for Analyzing Single Leg Movement Screens and Applications for Clinical Practice,,51,3
996638119201851,ETD-Doctoral,Yes,pdf,Low Temperature Electrolysis of Rare Earth Elements: Immobilization of Rare Earth Elements in Novel Cathodes,,38,5
996638119301851,ETD-Graduate,Yes,pdf,A Study of the Cytotoxic Mechanism of KP4 - Like Proteins,,21,10
996638119401851,ETD-Doctoral,Yes,pdf,The Effect of Impurities and Geometry on the Corrosion and Thermodynamic Behavior of Molten Salts,,36,44
996638119501851,ETD-Graduate,Yes,pdf,Bioassays for Assessing the Fate of Brassicaceae-derived Biopesticides in Soil and an Analysis of the Kinetics of Myrosinase Isoenzymes from Select Brassicaceae Species,,1,5
996638119601851,ETD-Graduate,Yes,pdf,Neurodiversity and Extended Reality: Community Growth Through Virtual Worlds,,47,22
996638119701851,ETD-Doctoral,Yes,pdf,Polyhydroxyalkanoate Production from Dairy Manure Using Mixed Microbial Consortia,,29,5
996638119801851,ETD-Doctoral,Yes,pdf,Using modeling to understand structure-function relationships in proteins,,42,3
996638119901851,ETD-Graduate,Yes,pdf,Regional Habitat Variation for Pygmy Rabbits,,27,9
996638120001851,ETD-Graduate,Yes,pdf,A Model for Engaging Psalms in Liturgical and Recreational Settings: A History-Based Account in Support of Transcribing Claude Goudimel’s Homorhythmic Harmonization of Genevan Psalter Melodies,,49,5
996638120101851,ETD-Doctoral,Yes,pdf,Using Remote Sensing Data to Model Habitat Selection and Forage Quality  for Herbivores in High Northern Latitudes in a Changing Climate,,29,5
996638120201851,ETD-Graduate,Yes,pdf,Improving the Resilience and Stability of the Power Grid through the Deployment of Remedial Action Schemes,,24,3
996638120301851,ETD-Graduate,Yes,pdf,Additions and Improvements to the Mechanical Design of the FINGER Exoskeleton,,36,7
996638120401851,ETD-Graduate,Yes,pdf,"Spirits, an Original Wind Ensemble Work",,24,3
996638120501851,ETD-Graduate,Yes,pdf,Overpopulation in Late Twentieth-Century American Imagination,,26,6
996638120601851,ETD-Graduate,Yes,pdf,The Effect of Leaf Litter Legacies and Nutrient Additions on Microbial Function,,17,6
996638120701851,ETD-Doctoral,Yes,pdf,Nature Engagement for Health: Enhanced Methods to Improve Connection and Reduce Stress,,20,15
996638120801851,ETD-Graduate,Yes,pdf,Evaluating integrated pest management approaches to control wireworms in cereal crops,,18,13
996638120901851,ETD-Graduate,Yes,pdf,Effect of Irrigation on Fiber Concentration and In-Vitro Fiber Digestibility of Corn Plant Tissues,,22,2
996638121001851,ETD-Graduate,Yes,pdf,PERSONAS OF AGRICULTURAL EDUCATION SUPPORTERS: A Q-METHOD STUDY,,27,2
996638121101851,ETD-Graduate,Yes,pdf,Forest Fungi and their Interactions,,30,8
996638121201851,ETD-Doctoral,Yes,pdf,Characteristics of High-Quality Career and Technical Education Teachers,,24,11
996638121301851,ETD-Graduate,Yes,pdf,How Viral Interactions in Coinfection Shape Viral Kinetics,,11,8
996638121401851,ETD-Graduate,Yes,pdf,MODELING PLANT SPECIES DISTRIBUTIONS ACROSS IDAHO TO INFORM UNGULATE NUTRITION,,36,7
996638121501851,ETD-Graduate,Yes,pdf,Autoignition Studies on Bio-Derived Fuels in a Constant Volume Combustion Chamber,,48,3
996638121601851,ETD-Graduate,Yes,pdf,Taxonomy of Information Security Threats in Wide Area Measurement Systems,,35,6
996638121701851,ETD-Doctoral,Yes,pdf,Development of a Six-Field Two-Phase Model for use in Reactor System Codes,,1,15
996638121801851,ETD-Graduate,Yes,pdf,"AN EXAMINATION OF THE EFFECTS OF DIETARY RUMEN-PROTECTED HISTIDINE SUPPLEMENTATION ON FINISHING BEEF CATTLE GROWTH, CARCASS, AND MEAT QUALITY PARAMETERS.",,32,7
996638121901851,ETD-Graduate,Yes,pdf,"Exploring Cultivar Response of Soft White Winter Wheat to Nitrogen and Seeding Rates, and On Farm Testing of Variable Rate Seeding",,18,3
996638122001851,ETD-Doctoral,Yes,pdf,Evaluating Future Agricultural Water Needs using Integrated Modeling Methods,,18,5
996638122101851,ETD-Graduate,Yes,pdf,Evaluation of Viscoelastic Poisson's Ratio and Anisotropy of Asphalt Mixtures,,41,9
996638122201851,ETD-Graduate,Yes,pdf,"Modeling, Design, and Optimization of a High-Speed Flywheel for an Energy Storage System",,16,10
996638122301851,ETD-Doctoral,Yes,pdf,Mitigation Strategies for Safety Applications in Vehicular Ad Hoc Networks Subjected to Jamming,,42,5
996638122401851,ETD-Graduate,Yes,pdf,Collaboration Between Idaho 4-H Extension Professionals and Secondary Agriculture Teachers: A Descriptive Study,,28,5
996638122501851,ETD-Graduate,Yes,pdf,An Investigation of Crop Senescence Patterns Observed in Palouse Region Fields Using Satellite Remote Sensing and Hydrologic Modeling,,38,5
996638122601851,ETD-Doctoral,Yes,pdf,Exploiting the Energy of Intercalation for Sequence-Specific Recognition of  Double-Stranded DNA,,27,4
996638122701851,ETD-Graduate,Yes,pdf,Grocery Store and Restaurant Willingness to Pay for Local Foods in the Northwest,,28,4
996638122801851,ETD-Doctoral,Yes,pdf,Development and evaluation of an active framework for undergraduate biology instruction,,52,3
996638122901851,ETD-Graduate,Yes,pdf,"Population Dynamics and Trophic Ecology of Nonnative Lake Trout in Priest Lake, Idaho",,35,3
996638123001851,ETD-Doctoral,Yes,pdf,"Phenotypic, Spectral Reflectance and Genetic Analysis of Spring Wheat Accessions from the NSGC",,37,4
996638123101851,ETD-Graduate,Yes,pdf,APPLIED STATISTICAL METHODS ON PRICE DATA AND ANALYZING THE EFFECTS OF ENVIRONMENTAL AND CHEMICAL FACTORS FOR APHANIZOMENON FLOS-AQUAE DENSITY,,2,9
996638123201851,ETD-Graduate,Yes,pdf,A Study on the Impact of Nuclear Power Plant Construction Relative to Decommissioning Fossil Fuel Power Plants in Order to Reduce Carbon Dioxide Emissions Using a Modified Nordhaus Vensim DICE Model,,21,10
996638123301851,ETD-Graduate,Yes,pdf,Developing a Decision Support Tool for Ventenata (Ventenata dubia) Integrated Pest Management in the Inland Northwest,,25,4
996638123401851,ETD-Doctoral,Yes,pdf,APPLIED OUTCOME MEASURES IN CLINICAL ATHLETIC TRAINING: A DISSERTATION OF IMPROVED CLINICAL PRACTICE,,29,4
996638123501851,ETD-Graduate,Yes,pdf,Anodic Titanium Dioxide: Electrochemical Synthesis of Core-Shell and Honeycomb Nanostructures,,20,5
996638123601851,ETD-Doctoral,Yes,pdf,What Do I Need to Succeed: The Case of Arab Engineering Graduate Students,,16,6
996638123701851,ETD-Doctoral,Yes,pdf,Electromagnetic Shielding Potential of Polyaniline Nanopowders,,1,11
996638123801851,ETD-Graduate,Yes,pdf,An Explainable Multi-Task Neural Network Model for Breast Cancer Detection in Ultrasound Images,,41,10
996638123901851,ETD-Graduate,Yes,pdf,How Climate Influences Occupancy and Behavior of Pikas in Alaska,,37,15
996638124001851,ETD-Doctoral,Yes,pdf,Microstructural Modification and Mechanical Properties Evaluation of an Austenitic Stainless Steel Subjected to Friction Stir Based Repair and Mitigation Techniques,,6,7
996638124101851,ETD-Graduate,Yes,pdf,The Perception of Autonomous Driving in Rural Communities,,53,11
996638124201851,ETD-Doctoral,Yes,pdf,Characterization of Fusarium Dry Rot Pathogens of Potato and Fusarium Dry Rot Disease Management in the Pacific Northwest of the United States,,51,6
996638124301851,ETD-Doctoral,Yes,pdf,In-Vitro Modeling of the Human Cerebrospinal Fluid System: Development and Application for Intrathecal Filtration and Drug Delivery,,16,10
996638124401851,ETD-Doctoral,Yes,pdf,Gravitational Interactions and Resonances in Ring-Moon Systems,,49,4
996638124501851,ETD-Graduate,Yes,pdf,Microbial Community Dynamics and Function During Coarse Woody Debris and Leaf Litter Decomposition,,41,5
996638124601851,ETD-Graduate,Yes,pdf,"Particle Density, Particle Size, and Nutrient Distribution of Flushed Dairy Manure",,34,13
996638124701851,ETD-Graduate,Yes,pdf,Mobile Computer-Aided Diagnosis (CAD) for Breast Cancer Detection,,29,6
996638124801851,ETD-Graduate,Yes,pdf,Spatial Clustering of Fatal and Severe Automobile Crashes in Idaho and Analysis of Emergency Medical Service Response Times,,40,5
996638124901851,ETD-Doctoral,Yes,pdf,A Grid Partition-based Local Outlier Factor for Big Data Stream Processing,,50,6
996638125001851,ETD-Doctoral,Yes,pdf,"Study of Electrochemical Behavior of Iodide in LiCl-KCl eutectic and LiCl-KCl-Li2O Molten salts at High Temperatures of 450, 500 and 550 C",,2,11
996638125101851,ETD-Doctoral,Yes,pdf,Assessing Mobile Device Location Behavior  to Enable Building  Mobile Ad Hoc Networks of Trusted Nodes,,56,6
996638125201851,ETD-Doctoral,Yes,pdf,"Label-free, Isothermal DNA-DNA Strand Displacement Amplification: Application in Bioanalysis",,21,6
996638125301851,ETD-Doctoral,Yes,pdf,Bayesian Inference of Biological Networks Using Probabilistic Graphical Models,,32,10
996638125401851,ETD-Graduate,Yes,pdf,"Summer Mélange Stabilizes Rifting Terminus Ice at Rink Isbrae, West Greenland",,45,5
996638125501851,ETD-Graduate,Yes,pdf,"Finding Displacements Using Castigliano’s Theorem, LaGrange Multipliers, Heaviside Step Functions, and Numerical Integration",,28,1
996638125601851,ETD-Graduate,Yes,pdf,"Investigating the Relationships Among Self-Reported Carotenoid Intakes, Skin Carotenoid Concentrations and Cognitive Outcomes in Early Adolescents",,27,12
996638125701851,ETD-Graduate,Yes,pdf,HOST SELECTION BEHAVIOR IN A SPECIALIST WEEVIL USED FOR BIOLOGICAL CONTROL OF AN INVASIVE PLANT USING OLFACTORY CUES,,32,9
996638125801851,ETD-Graduate,Yes,pdf,Effective Security Schemes for Wireless Implantable Medical Devices,,0,5
996638125901851,ETD-Doctoral,Yes,pdf,How do rocks move in rivers?  The grain-scale mechanisms that control the onset of motion,,24,9
996638126001851,ETD-Doctoral,Yes,pdf,Material Properties of Thermoelectric and Nuclear Energy Sources,,6,10
996638126101851,ETD-Graduate,Yes,pdf,Evaluating Structural Breaks and the Drivers of Structural Change in Live Cattle Basis,,28,14
996638126201851,ETD-Graduate,Yes,pdf,Habitat Selection and Dispersal in Juvenile Steelhead (Oncorhynchus mykiss): Identifying Drivers and Consequences,,40,4
996638126301851,ETD-Graduate,Yes,pdf,"Kii hii-wes ii-nim, ii-nim wen'ipt! (This is mine, my song!)",,45,14
996638126401851,ETD-Doctoral,Yes,pdf,PREPARATION AND CHARACTERIZATION OF SILICA NANOSPRINGS-SUPPORTED FISCHER-TROPSCH CATALYSTS FOR BIOFUEL PRODUCTION,,37,6
996638126501851,ETD-Graduate,Yes,pdf,Enhancement of Distribution System Resilience Through the Application of Volt-Var Regulation Devices,,19,0
996638126601851,ETD-Graduate,Yes,pdf,"SCREENING FOR RESISTANCE AGAINST THE SUGAR BEET ROOT MAGGOT, TETANOPS MYOPAEFORMIS (DIPTERA: ULIDIIDAE), USING A GREENHOUSE BIOASSAY",,26,5
996638126701851,ETD-Graduate,Yes,pdf,Environmental Effects on Human Decomposition in the Palouse Region,,20,6
996638126801851,ETD-Doctoral,Yes,pdf,Lost and Transferred Information by Changing Spatial and Temporal Resolution in Hydrological Modeling,,46,7
996638126901851,ETD-Graduate,Yes,pdf,Camgirl,,0,5
996638127001851,ETD-Doctoral,Yes,pdf,"Associations among Sitting, Physical Activity, Resilience, and Quality of Life in People with Inflammatory Bowel Disease Compared to Healthy Controls",,46,3
996638127101851,ETD-Doctoral,Yes,pdf,An Interdisciplinary Exploration of the Intersection between Economic Value and Ecological Quality to Inform Palouse Prairie Conservation,,32,8
996638127201851,ETD-Graduate,Yes,pdf,Impacts of Wild Horses and Grazing Ungulates on Riparian Areas in Idaho,,34,7
996638127301851,ETD-Graduate,Yes,pdf,The Relationship Between Financial Stress and College Retention Rates,,2,11
996638127401851,ETD-Graduate,Yes,pdf,Potential of Including Cover Crops into Dryland Winter Wheat Cropping Systems in Northern Idaho,,16,5
996638127501851,ETD-Graduate,Yes,pdf,Symphony for Winds No. 1,,38,10
996638127601851,ETD-Doctoral,Yes,pdf,"Quest for green energetic materials, green rocket fuels and polyiodo biocides",,45,17
996638127701851,ETD-Doctoral,Yes,pdf,Improving Shoot Growth and Multiplication of Native Plants in Tissue Culture,,27,3
996638127801851,ETD-Graduate,Yes,pdf,Ghanaian Nurses’ Nutrition and Young Child Feeding Education:  A Need for Further Education,,36,8
996638127901851,ETD-Graduate,Yes,pdf,MECHANICAL BEHAVIOR of ALUMINUM-BEARING FERRITIC ALLOYS for ACCIDENT-TOLERANT FUEL CLADDING APPLICATIONS,,27,2
996638128001851,ETD-Graduate,Yes,pdf,Accurate Characterization of  Power Distribution Networks with Differential S-Parameters,,16,3
996638128101851,ETD-Doctoral,Yes,pdf,Diversity and dynamics of the vaginal microbiome: exploring the boundaries between health and disease,,21,6
996638128201851,ETD-Doctoral,Yes,pdf,Fuel Particle Heat Exchange during Wildland Fire Spread,,16,2
996638128301851,ETD-Graduate,Yes,pdf,Late Benedictions,,0,5
996638128401851,ETD-Doctoral,Yes,pdf,ECOHYDROLOGIC EVALUATION OF RUNOFF AND EROSION PROCESSES ON DISTURBED RANGELAND ECOSYSTEMS,,2,18
996638128501851,ETD-Doctoral,Yes,pdf,Perceptions of Families and Coaches on the Importance of Emergent Literacy Activities of Young Children with Disabilities,,35,6
996638128601851,ETD-Doctoral,Yes,pdf,Student Use of Example Generation to Understand Novel Mathematical Concepts: A Teaching Experiment in a First-Semester Calculus Course,,20,7
996638128701851,ETD-Graduate,Yes,pdf,Real Time Traffic Signal Instrumentation Using NEMA TS2 Synchronous Data Link Control Networks,,38,3
996638128801851,ETD-Graduate,Yes,pdf,A Place-Based Assessment of Food Insecurity In The North Central Health District of Idaho,,0,6
996638128901851,ETD-Doctoral,Yes,pdf,Energy Autonomous CMOS Image Sensors,,4,10
996638129001851,ETD-Graduate,Yes,pdf,Research in the Willow Creek watershed: Estimates of sediment and phosphorus loads from sub-catchments; gauging public response to a constructed wetland; and a quantitative assessment of a conceptual constructed wetland,,33,11
996638129101851,ETD-Doctoral,Yes,pdf,Analysis of Due Process Decisions In Idaho: 2004 To 2012,,0,5
996638129201851,ETD-Doctoral,Yes,pdf,"Servant Leadership, Self-Efficacy, and Communities of Inquiry in Higher Education Online Learning",,19,9
996638129301851,ETD-Graduate,Yes,pdf,A Simple Method to Analyze and Predict Shaft Misalignment In Marine Vessels,,13,8
996638129401851,ETD-Graduate,Yes,pdf,"Cooperation in the Wilds of the Idaho Territory:  Interaction between the Jesuits and Coeur d'Alene Indians at the Cataldo Mission, 1848-1878",,21,3
996638129501851,ETD-Doctoral,Yes,pdf,A New Paradigm in ESL Teaching and Learning Environments: Online Professional Development for Taiwanese Instructors,,22,12
996638129601851,ETD-Graduate,Yes,pdf,Maximizing Soil Health on Small-Scale Organic Farms in the Inland Pacific Northwest,,5,8
996638129701851,ETD-Graduate,Yes,pdf,Life Cycle Assessment of Carbon Capture Membrane Separation Technologies,,37,7
996638129801851,ETD-Graduate,Yes,pdf,Anthropological Practices: Correcting Anthropologists’ Disregard of Contemporary Issues in Indigenous Communities,,58,6
996638129901851,ETD-Graduate,Yes,pdf,Gravity Compensation and Design Modification of a Scapulohumeral Exoskeleton Joint,,25,9
996638130001851,ETD-Doctoral,Yes,pdf,Prime Level Paramodular Hecke Algebras,,53,7
996638130101851,ETD-Graduate,Yes,pdf,Development of a Watershed Health Index for Washington State,,24,3
996638130201851,ETD-Doctoral,Yes,pdf,"Quantifying the Effects of Landscape Fragmentation on Biodiversity at Multiple Scales: Community Assembly, Community Diversity, and Population Genetic Diversity",,22,9
996638130301851,ETD-Doctoral,Yes,pdf,Synthesis and Development of a Series of Peptide Based Zwitterionic Cross-Linkers,,66,99
996638130401851,ETD-Graduate,Yes,pdf,Detection of Atmospheric Gravity Waves Through High-Altitude Ballooning,,35,5
996638130501851,ETD-Graduate,Yes,pdf,Examining Global Competency and Content Knowledge of  Secondary Agricultural Educators and Students Before and After the Implementation of  a Globally Centered Curriculum Thesis,,18,11
996638130601851,ETD-Graduate,Yes,pdf,The dynamics ofPhysarum polycephalumfungitaxis and photoavoidance.,,20,5
996638130701851,ETD-Doctoral,Yes,pdf,Toward an Implementable Framework of the FAIR Data Principles for Earth Science Data Management and Stewardship,,28,6
996638130801851,ETD-Doctoral,Yes,pdf,Stealthy False Data Injection Attack Detection in Power Transmission System using Security Analytics,,57,18
996638130901851,ETD-Graduate,Yes,pdf,Polyoxometalate Incorporation and Effects on Proton Transport in Hydrogel Polymers,,20,6
996638131001851,ETD-Doctoral,Yes,pdf,Using Intelligent Anticipation to Improve Error-Prone Communication in Social Robots,,2,5
996638131101851,ETD-Graduate,Yes,pdf,Habitat Selection and Physiological Condition of Female Greater Sage-grouse in Relation to Western Juniper,,18,4
996638131201851,ETD-Doctoral,Yes,pdf,Wear behavior of cheese as affected by varying fat contents,,13,41
996638131301851,ETD-Graduate,Yes,pdf,"FRESH, MECHANICAL, DURABILITY AND CORROSION PROPERTIES OF BASALT FIBER REINFORCED CONCRETE",,39,2
996638131401851,ETD-Graduate,Yes,pdf,"Climatic Constraints on Energy Balance, Behavior and  Spatial Distribution of Grizzly Bears",,24,9
996638131501851,ETD-Graduate,Yes,pdf,"Spatial and Temporal Growth Opportunity for Juvenile Fall Chinook Salmon in the Snake and Clearwater Rivers, Idaho",,20,4
996638131601851,ETD-Graduate,Yes,pdf,SAFETY IMPACT OF WIDER PAVEMENT EDGE LINE MARKINGS,,40,4
996638131701851,ETD-Doctoral,Yes,pdf,Exploring Temporal Phases of Wildfire Adaptation: Experiences Across Socially Diverse Communities,,53,11
996638131801851,ETD-Doctoral,Yes,pdf,"Silicon Photonics: Overview, Building Block Modeling, Chip Design and its Driving Integrated Circuits Co-Design",,40,52
996638131901851,ETD-Doctoral,Yes,pdf,Impact of Wildfire on Annual Water Yield in Large Watersheds,,32,6
996638132001851,ETD-Doctoral,Yes,pdf,"IMPROVING CATTLE FERTILITY: THE INFLUENCES OF ASPIRIN, NUTRITION, AND PROSTAGLANDIN ON THE REPRODUCTIVE PERFORMANCE OF CATTLE",,28,8
996638132101851,ETD-Graduate,Yes,pdf,The Effect of Different Management Factors on Health and Performance of Pre-weaned and Post-Weaned Dairy Calves,,32,7
996638132201851,ETD-Graduate,Yes,pdf,The Error Performance of Space-Time Codes over MIMO Millimeter-Wave Channels: Design Criteria and New Insights,,14,6
996638132301851,ETD-Graduate,Yes,pdf,The Effects of Lite Salad Dressing Formulation on Zygosaccharomyces parabailii Growth and Rheological Behavior,,7,5
996638132401851,ETD-Graduate,Yes,pdf,Deterioration Characteristics of Pavement Markings,,58,4
996638132501851,ETD-Graduate,Yes,pdf,Computer Controlled Eddy Current Brake Bicycle Trainer,,0,5
996638132601851,ETD-Graduate,Yes,pdf,"RHEOLOGICAL, CHEMICAL AND MICROSTRUCTURAL CHARACTERIZATION OF ASPHALT BINDERS AGED AT DIFFERENT CONDITIONS AND EVALUATION OF THE USE OF ANTIOXIDANTS AND COPOLYMERS TO RETARD AGING",,18,1
996638132701851,ETD-Graduate,Yes,pdf,"Effects of Seed Piece Spacing, Nitrogen Rate, and Nitrogen Application Timing on Clearwater Russet",,29,1
996638132801851,ETD-Graduate,Yes,pdf,Characterizing Biosorption of Lanthanides to Cupriavidus necator,,25,3
996638132901851,ETD-Doctoral,Yes,pdf,Large-eddy Simulations of Microscale Turbulent Winds over Arbitrarily Complex Terrain,,35,10
996638133001851,ETD-Graduate,Yes,pdf,SPATIAL FOLIAGE DISTRIBUTION MODELS FOR WESTERN LARCH (LARIX OCCIDENTALIS),,43,8
996638133101851,ETD-Graduate,Yes,pdf,"Evidence of Public Voice and Fame in the London Consistory Court, c. 1486-1494",,36,5
996638133201851,ETD-Graduate,Yes,pdf,Essays on Agricultural Cooperative Membership and Markets for Local Produce,,28,3
996638133301851,ETD-Graduate,Yes,pdf,INVESTIGATION OF THE ROLE OF PEPTIDE BOND CONFORMATIONS IN THE BINDING OF INTRINSICALLY DISORDERED PROTEINS,,19,6
996638133401851,ETD-Graduate,Yes,pdf,Critical Load Serving Capability by Microgrid Operation,,31,12
996638133501851,ETD-Doctoral,Yes,pdf,"Tectonic-magmatic controls on volcanism, rifting, and volatile release",,46,3
996638133601851,ETD-Graduate,Yes,pdf,Understanding and Diagnosing Estimability Issues in Ecology with an Emphasis on Occupancy Models,,39,3
996638133701851,ETD-Doctoral,Yes,pdf,The Effects of Chronic Nitrogen Deposition on Tree Leaf and Fine Root Decomposition,,26,6
996638133801851,ETD-Graduate,Yes,pdf,Visual Succession: Manifestations of Causality in Art,,29,5
996638133901851,ETD-Graduate,Yes,pdf,A World of Beasts,,0,9
996638134001851,ETD-Graduate,Yes,pdf,Here for Now,,0,4
996638134101851,ETD-Graduate,Yes,pdf,Effectiveness of the Healthy Diabetes Plate and Social Media Project,,0,5
996638134201851,ETD-Graduate,Yes,pdf,"Palynology of the Devonian-Carboniferous Boundary Sappington Formation, Montana",,27,13
996638134301851,ETD-Graduate,Yes,pdf,Industrial Design Engineering in Three Projects,,17,2
996638134401851,ETD-Graduate,Yes,pdf,Vessel Size and Feasting in Three Chacoan Great House Communities,,17,7
996638134501851,ETD-Doctoral,Yes,pdf,A CFD DESIGN STUDY OF AN AIR REACTOR CAVITY COOLING SYSTEM USING TRADITIONAL THERMAL ANALYSIS TECHNIQUES AND ENTROPY GENERATION ANALYSIS,,1,9
996638134601851,ETD-Doctoral,Yes,pdf,Biodiversity and Culturally Significant Plants of the Palouse Prairie,,30,30
996638134701851,ETD-Graduate,Yes,pdf,Migration Patterns and Behaviors of Adult Pacific Lamprey (Entosphenus tridentatus) at Large Hydropower Dams on the Columbia River,,34,4
996638134801851,ETD-Graduate,Yes,pdf,"THE RELATIONSHIP BETWEEN RESIDUAL FEED INTAKE, FEEDING BEHAVIORS, FEED INTAKE AND EVALUATION OF SAMPLING ERROR ASSOCIATED WITH POST WEANING GAIN TESTS",,20,3
996638134901851,ETD-Graduate,Yes,pdf,A Computer Simulation of Plasmid Evolution in Bacteria,,23,11
996638135001851,ETD-Doctoral,Yes,pdf,Neuromechanics of Barefoot and Shod Running,,17,12
996638135101851,ETD-Graduate,Yes,pdf,Counting Cars: A Novel,,0,9
996638135201851,ETD-Graduate,Yes,pdf,A Comparison of Park Valuation Methods,,37,8
996638135301851,ETD-Doctoral,Yes,pdf,Until they know you care: The influence of coach servant leadership on motivational climate and athlete psychosocial outcomes,,17,17
996638135401851,ETD-Graduate,Yes,pdf,ORGANIC CONSERVATION TILLAGE PRODUCTION SYSTEMS IN THE PALOUSE,,18,6
996638135501851,ETD-Graduate,Yes,pdf,Total Synthesis of Veranamine,,27,8
996638135601851,ETD-Doctoral,Yes,pdf,UTILIZING SUPERCRITICAL CO2 AND IONIC LIQUIDS FOR THE EXTRACTION OF ACTINIDES AND LANTHANIDES: APPLICATIONS OF NON-CONVENTIONAL SOLVENTS FOR NUCLEAR WASTE MANAGEMENT,,3,6
996638135701851,ETD-Graduate,Yes,pdf,Thrown Away: Litter and Littering Behavior in Outdoor Public Recreational Areas in Idaho,,39,87
996638135801851,ETD-Doctoral,Yes,pdf,Experimentally Investigating the Hydrodynamics of a Salmon Redd using Non-Intrusive Measurement Techniques,,12,12
996638135901851,ETD-Doctoral,Yes,pdf,Transcriptional Heterogeneity and Plasticity in Cone Photoreceptors,,21,9
996638136001851,ETD-Doctoral,Yes,pdf,Abelian Surfaces with Complex Multiplication Admitting Nonprincipal Polarizations,,60,9
996638136101851,ETD-Graduate,Yes,pdf,The Effect of Sampling Bias on Results Reproducibility,,6,9
996638136201851,ETD-Graduate,Yes,pdf,Hierarchical Graph Neural Network for learning high-dimensional Gene Regulatory Networks,,31,40
996638136301851,ETD-Doctoral,Yes,pdf,Techno-Economic Analysis of Nuclear Integrated Energy Systems for Water Desalination and Hydrogen Production,,39,31
996638136401851,ETD-Graduate,Yes,pdf,"A MIND, A MAN, A MYSTERY: The Complex Life of David Shelton Cochran",,50,10
996638136501851,ETD-Graduate,Yes,pdf,The Effect of Chemical Storage Pretreatment on Loblolly Pine Bark Pyrolysis,,16,2
996638136601851,ETD-Graduate,Yes,pdf,"Climate Sensitivity of an Inland Population of Mountain Hemlock (Tsuga mertensiana (Bong.) Carr.) at its Southern Range Limit, Rocky Mountains, USA",,19,16
996638136701851,ETD-Doctoral,Yes,pdf,"The Full Professor: Stories from the Past, Guiding the Future",,50,3
996638136801851,ETD-Graduate,Yes,pdf,Post-Laramide exhumation and topography in the Madison and Gallatin Ranges of southwest Montana from apatite (U-Th)/He thermochronometry,,38,4
996638136901851,ETD-Graduate,Yes,pdf,"Bears, berries, bearings on the landscape: Monitoring American black bear (Ursus americanus) populations, habitat use, and movements in Idaho",,37,6
996638137001851,ETD-Graduate,Yes,pdf,The Moving Image: Essays and Stills,,0,6
996638137101851,ETD-Doctoral,Yes,pdf,Identify The Individuals Status During Crowds Movement,,19,8
996638137201851,ETD-Graduate,Yes,pdf,Abraham of the Mountains: An Interactive Novel,,0,4
996638137301851,ETD-Graduate,Yes,pdf,"Hatching and Development of the Cereal Cyst Nematode, Heterodera avenae",,37,4
996638137401851,ETD-Graduate,Yes,pdf,Data-Driven Modeling and Control of Cardiac System,,39,4
996638137501851,ETD-Graduate,Yes,pdf,The Effect of Anaerobic Mass Fraction on Enhanced Biological Phosphorous Removal Process Health and Performance,,28,3
996638137601851,ETD-Graduate,Yes,pdf,An Energy Absorption Investigation of CFRP Composite Thin-Walled Tubes with PVC Foam-Filled Cores,,44,6
996638137701851,ETD-Graduate,Yes,pdf,Mitochondrial function in extramammary tissues of dairy cattle across lactation and in association with milk production,,17,8
996638137801851,ETD-Graduate,Yes,pdf,The Communication Preferences and Science Communicator Identities of University of Idaho Extension Faculty and Educators,,0,8
996638137901851,ETD-Graduate,Yes,pdf,Physiochemical Properties of Pulse Protein Isolates Based on Isoelectric Extraction,,18,2
996638138001851,ETD-Doctoral,Yes,pdf,Developing a Pre-service Teachers’ Critical Literacy Beliefs Instrument,,33,15
996638138101851,ETD-Graduate,Yes,pdf,Nitrogen Trifluoride and Furfural Supply Chains: Life Cycle Assessment and Techno-Economic Analysis,,31,12
996638138201851,ETD-Graduate,Yes,pdf,Everything in the Universe is either a Potato or not a Potato:  Solving for Optimal Crop Rotations through Linear Programming,,30,4
996638138301851,ETD-Doctoral,Yes,pdf,On Task Allocation in Mobile Edge Computing with a Focus on Machine Learning Applications,,22,3
996638138401851,ETD-Doctoral,Yes,pdf,"Life-history Evolution, Abiotic Constraints, and Climate Adaptability of Burrowing Owls (Athene cunicularia) Breeding Along a Latitudinal Gradient",,33,12
996638138501851,ETD-Doctoral,Yes,pdf,Fundamental Limits of Multiuser Optical Wireless Communications With and Without Secrecy Constraints,,31,5
996638138601851,ETD-Graduate,Yes,pdf,Procedural Content Generation via Diversity Engines,,23,12
996638138701851,ETD-Graduate,Yes,pdf,"Marvelous, So Marvelous: Essays, Instructions, Obituaries",,27,7
996638138801851,ETD-Doctoral,Yes,pdf,An Investigation of the Impact of Distributed Flexible AC Transmission System (D-FACTS) Devices on Transmission Line Protection,,25,6
996638138901851,ETD-Doctoral,Yes,pdf,"Inter-disciplinary approaches in food safety to expand mycotoxin detection, compare bacterial transfer rates, and forecast fungal inoculum under climate change",,6,11
996638139001851,ETD-Doctoral,Yes,pdf,Agricultural Insurance Loss and Relationships to Climate Across the Inland Pacific Northwest Region of the United States,,30,10
996638139101851,ETD-Graduate,Yes,pdf,Obligate Rust Fungi as a Biological Control for Invasive Cheatgrass in North America.,,29,6
996638139201851,ETD-Graduate,Yes,pdf,"An Experimental Approach to Determine Skill Level at Obsidian Biface Cache Site 35MA375, Salem, Oregon",,20,8
996638139301851,ETD-Doctoral,Yes,pdf,Building the Oceanic Lithosphere: Geophysical Analysis and Numerical Simulations of Rheology and Dynamics in the Formation of Transform Faults and Hotspot Island Chains,,30,8
996638139401851,ETD-Graduate,Yes,pdf,"Biochar Production, Applications, and Waste Management for Enhancing Sustainability Benefits across Food-Energy-Water Systems",,19,2
996638139501851,ETD-Doctoral,Yes,pdf,Ethical Frameworks of Our Moral Obligations to Climate Change: Advancing Policy through Philosophy,,49,6
996638139601851,ETD-Graduate,Yes,pdf,"The growth, diet, and consumption of a lentic caddisfly, Nectopsyche albida, in Coeur d’Alene Lake, Idaho",,29,19
996638139701851,ETD-Graduate,Yes,pdf,THE PUBLIC’S ROLE AS ENVIRONMENTAL STEWARDS:  A STUDY OF THE IDAHO MASTER NATURALIST PROGRAM,,27,4
996638139801851,ETD-Graduate,Yes,pdf,Understanding Microhabitat Distribution at the Riverscape: Insights from Coupled Hydrodynamic and Bioenergetic Modeling,,15,3
996638139901851,ETD-Doctoral,Yes,pdf,Training and Supporting General Education Teachers to Promote Inclusive Practices,,29,4
996638140001851,ETD-Graduate,Yes,pdf,NUMERICAL SIMULATIONS OF FLUID-STRUCTURE INTERACTION IN BIOLOGICAL AIRWAYS VALIDATED WITH EX-VIVO LUNGS,,31,8
996638140101851,ETD-Graduate,Yes,pdf,The Effect of Maturity at Harvest of Eragrostis tef (“Moxie”) on Nutritive Value as a Forage for Beef Cattle,,35,4
996638140201851,ETD-Graduate,Yes,pdf,RISK-INFORMED NUCLEAR SAFEGUARDS OF PYROPROCESSING FOR ADVANCED NUCLEAR FUEL CONCEPTS,,23,19
996638140301851,ETD-Graduate,Yes,pdf,High-Frequency GaN-Based Inverter Control Design Using PSIM,,27,5
996638140401851,ETD-Graduate,Yes,pdf,Microlocal Analysis and Imaging,,17,12
996638140501851,ETD-Graduate,Yes,pdf,There's a Party at the Graveyard and You're Invited,,0,3
996638140601851,ETD-Doctoral,Yes,pdf,Bioenergy and Biochar as Climate Change Mitigation Factors in Northwestern USA Forests,,24,25
996638140701851,ETD-Graduate,Yes,pdf,GROWTH AND CHARACTERIZATION OF ZIRCONIUM TELLURIDE (ZRTE5),,33,6
996638140801851,ETD-Doctoral,Yes,pdf,The superparameters of population matrix models and their applications,,38,4
996638140901851,ETD-Graduate,Yes,pdf,VARIATION IN PERENNIAL GRASS HEIGHT WITHIN GREATER SAGE-GROUSE NESTING HABITAT,,31,3
996638141001851,ETD-Graduate,Yes,pdf,Valuing Irrigation Water and Irrigation Water Security in the Columbia Basin Project: A Hedonic Analysis of Agricultural Land Sales,,31,8
996638141101851,ETD-Graduate,Yes,pdf,Investigating wheat starch functionality associated with weather triggered low falling number and improvement in the quantification of reducing sugars,,19,3
996638141201851,ETD-Doctoral,Yes,pdf,From Carbon to Fish: Understanding Mechanisms of Human Impacts on Freshwater Ecosystems,,24,20
996638141301851,ETD-Doctoral,Yes,pdf,A Comparison of Regional and Site Specific Biomass Equations for Three North Idaho Conifers,,66,12
996638141401851,ETD-Graduate,Yes,pdf,THE RELATIONSHIP BETWEEN INVOLVEMENT IN THE NATIONAL FFA ORGANIZATION AND THE CAREER DECISION SELF-EFFICACY OF AGRICULTURAL AND LIFE SCIENCES STUDENTS,,26,6
996638141501851,ETD-Graduate,Yes,pdf,Evaluating the Impact of Algal Biomass Augmentation on Primary Solids Fermentation and Associated Impacts of Fermenter Liquor on a Novel Post-Anoxic Enhanced Biological Phosphorus Removal Process,,33,3
996638141601851,ETD-Graduate,Yes,pdf,Two-Headed Girl,,0,2
996638141701851,ETD-Graduate,Yes,pdf,CREATION OF A TRANSCRIPTOME OF S. ETUBEROSUM WITH SEQUENCING OF A SEGREGATING POTATO POPULATION TO EVALUATE DIFFERENTIAL GENE EXPRESSION ASSOCIATED WITH POTATO LEAFROLL VIRUS RESISTANCE,,35,5
996638141801851,ETD-Doctoral,Yes,pdf,Effects of Harvest Date and Storage Duration on End-Product Quality of Three Processing Potato Varieties,,27,15
996638141901851,ETD-Graduate,Yes,pdf,Pass On Plastic: Community Attitudes and Behaviors Towards Single-Use Plastic Bags and the Impact of Local Government Legislation,,24,14
996638142001851,ETD-Graduate,Yes,pdf,"Microhabitat Use by Native Fishes in Rehabilitated Reaches of the Kootenai River, Idaho",,36,4
996638142101851,ETD-Doctoral,Yes,pdf,Ethical Decision-Making: Navigating the Tensions of the Faculty Chair’s Dual Role as Authentic Transformational Leader and Administrative Task Manager in Higher Education,,37,8
996638142201851,ETD-Doctoral,Yes,pdf,Baby-Boomer First-Generation Students,,50,8
996638142301851,ETD-Graduate,Yes,pdf,"The Influence of Salt Reduction and Replacement on Cottage Cheese Cream Dressing Rheology, Tribology, and Sensory Behavior",,0,3
996638142401851,ETD-Graduate,Yes,pdf,Germination and Development of Two Inland Northwest Native Plants,,0,5
996638142501851,ETD-Graduate,Yes,pdf,Developing a Low-Noise Data Acquisition System for Detection of Electric and Magnetic Fields in Seawater,,19,3
996638142601851,ETD-Doctoral,Yes,pdf,Talc Characterization: A Provenance Study,,22,36
996638142701851,ETD-Graduate,Yes,pdf,Veneration,,41,1
996638142801851,ETD-Graduate,Yes,pdf,Space Vector Modulation of a Brushless DC Motor and Resolver Position Sensor for a Force-Feedback Application,,25,19
996638142901851,ETD-Doctoral,Yes,pdf,Social-Ecological Research in the Sagebrush Ecosystem: Evaluating the Landscape Ecology of Burrowing Animals and Implementing a Social-Ecological Impact Assessment,,39,3
996638143001851,ETD-Doctoral,Yes,pdf,Development and Verification of a CFD Based Simulation Software for Floating Offshore Wind Turbines,,45,6
996638143101851,ETD-Doctoral,Yes,pdf,Precompound Emission of Energetic Light Fragments in Spallation Reactions,,26,5
996638143201851,ETD-Graduate,Yes,pdf,POWER LOOP MODELING AND SIMULATION USING LabVIEW COUPLED WITH RELAP5,,17,0
996638143301851,ETD-Graduate,Yes,pdf,The Evolution and Influence of Outlaw Motorcycle Clubs in the American West,,1,7
996638143401851,ETD-Graduate,Yes,pdf,A Bayesian Method for Estimating the Strength of Natural Selection Driving Parallel Evoltuion,,24,6
996638143501851,ETD-Doctoral,Yes,pdf,GUIDELINES FOR ECO-TRAFFIC SIGNAL SYSTEM OPERATIONS IN SMALL AND MEDIUM SIZE CITY ENVIRONMENTS,,51,12
996638143601851,ETD-Doctoral,Yes,pdf,Characterization and modification of selected bioplastics,,35,8
996638143701851,ETD-Doctoral,Yes,pdf,"PERI-URBANIZATION IN A GLOBALIZING WORLD: A RETROSPECTIVE EVALUATION OF THE COMPLEXITIES OF GEOSPATIAL URBAN GROWTH AND PLANNING IN THE NAIROBI METROPOLITAN REGION, KENYA",,40,8
996638143801851,ETD-Doctoral,Yes,pdf,Molecular dissection of Prf-mediated immune signaling in tomato,,44,11
996638143901851,ETD-Doctoral,Yes,pdf,Security Tagging for a Real-Time Zero-Kernel Operating System: Implementation and Verification,,36,3
996638144001851,ETD-Doctoral,Yes,pdf,BRANCH-AND-BOUND ALGORITHM APPLIED TO DYNAMIC EVENT TREES AND UNCERTAINTY QUANTIFICATION IN NUCLEAR REACTORS,,1,18
996638144101851,ETD-Graduate,Yes,pdf,Genetic And Evolutionary Feature Extraction For Autonomous Road Following,,26,4
996638144201851,ETD-Graduate,Yes,pdf,GRID-CONNECTED IN-STREAM HYDROELECTRIC GENERATION BASED ON THE DOUBLY FED INDUCTION MACHINE,,23,6
996638144301851,ETD-Graduate,Yes,pdf,"ENERGY ACQUISITION AND RETENTION BY JUVENILE AND ADULT PADDLEFISH IN RELATION TO AGE, GROWTH, AND REARING CONDITIONS",,29,4
996638144401851,ETD-Graduate,Yes,pdf,Lab-Scale Treatability of Pharmaceuticals in Wastewater,,37,6
996638144501851,ETD-Graduate,Yes,pdf,Things & Stuff,,0,4
996638144601851,ETD-Doctoral,Yes,pdf,Alone on the Range: A phenomenological study on the lived experiences of female Board of Trustee members at Community Colleges in the Pacific Northwest,,0,7
996638144701851,ETD-Graduate,Yes,pdf,An Evaluation of Ticketing Preferences and the Effects of a Fee Increase at Timpanogos Cave National Monument,,19,6
996638144801851,ETD-Graduate,Yes,pdf,INFLUENCE OF EXTENDED AGING ON BEEF QUALITY CHARACTERISTICS AND SENSORY PERCEPTION OF FOUR BEEF MUSCLES,,26,14
996638144901851,ETD-Graduate,Yes,pdf,Presence and Absence,,28,6
996638145001851,ETD-Graduate,Yes,pdf,Branch Inspired Textures,,21,8
996638145101851,ETD-Graduate,Yes,pdf,"GREATER SAGE-GROUSE IN THE BI-STATE DISTINCT POPULATION SEGMENT: AN EVALUATION OF GENETIC STRUCTURE, CONNECTIVITY,  AND VITAL RATES IN MONO COUNTY, CALIFORNIA",,20,9
996638145201851,ETD-Graduate,Yes,pdf,ELECTROOSMOTIC SEPARATION OF DOUBLE STRANDED DNA BY STEADY AND PULSED ELECTRIC POTENTIALS IN A MICROCHANNEL,,43,3
996638145301851,ETD-Graduate,Yes,pdf,Bending Behavior of Insulated FRP-Confined Concrete Sandwich Panels with FRP Plate Shear Connectors,,23,23
996638145401851,ETD-Graduate,Yes,pdf,Knowingly Causing Catastrophe,,0,7
996638145501851,ETD-Graduate,Yes,pdf,AT THE CONFLUENCE OF LAW AND HISTORY: AN INVESTIGATION OF WATER RIGHTS IN NEZ PERCE COUNTRY,,7,12
996638145601851,ETD-Graduate,Yes,pdf,INFLUENCE OF DUFF DISTRIBUTION IN POST-FIRE VEGETATION RECOVERY PATTERNS IN WESTERN JUNIPER (JUNIPERUS OCCIDENTALIS) WOODLANDS IN SOUTHWESTER IDAHO,,17,11
996638145701851,ETD-Doctoral,Yes,pdf,The Attitudes of Inland Northwest Pre-Service Foreign Language Teachers: Got Privilege?,,0,3
996638145801851,ETD-Graduate,Yes,pdf,Population Dynamics and Trophic Ecology of Northern Pike and Smallmouth Bass in Coeur d'Alene Lake: Implications for the Conservation of Westslope Cutthroat Trout,,28,2
996638145901851,ETD-Graduate,Yes,pdf,Effects of dietary supplementation of immunostimulants and probiotics on immune response and disease resistance in rainbow trout (Oncorhynchus mykiss),,25,7
996638146001851,ETD-Doctoral,Yes,pdf,THE ULTIMATE GOAL: ACHIEVING OPTIMAL PERFORMANCE THROUGH INCREASED SPORT ENJOYMENT IN COLLEGIATE WOMEN'S SOCCER,,18,11
996638146101851,ETD-Graduate,Yes,pdf,Shear Force Production in Dogs: Differential Force Production in the Forelimbs and Hindlimbs During Pulling,,39,12
996638146201851,ETD-Doctoral,Yes,pdf,The biogeochemical responses of central Idaho riparian forests to the deposition of anadromous fish carcasses,,19,7
996638146301851,ETD-Graduate,Yes,pdf,Interactions Between Below-ground on Sugar Beet,,30,9
996638146401851,ETD-Doctoral,Yes,pdf,Unlocking the District Office Door: A Grounded Theory Study of Induction and  Mentoring for Female Superintendents in the State of Idaho,,63,11
996638146501851,ETD-Doctoral,Yes,pdf,Measuring Intake and Behavioral Responses to Phenylthiocarbamide for the Identification of Phenotypic Expression of Bitter Tasting Ability in Sheep,,35,12
996638146601851,ETD-Graduate,Yes,pdf,Ingested Histamine and Serotonin by Anopheles stephensi Interact to Impact Transmission Behavior with Plasmodium Parasites,,3,4
996638146701851,ETD-Doctoral,Yes,pdf,Design of a Fast and Secure MTDC Protection System Based on Complementary Single-ended and Communication-Based Methods,,4,7
996638146801851,ETD-Graduate,Yes,pdf,Modeling of Plasticity-Induced Crack Closure Under Creep-Fatigue Variable Amplitude Loading,,38,11
996638146901851,ETD-Graduate,Yes,pdf,"between us,",,0,4
996638147001851,ETD-Graduate,Yes,pdf,Applications of Artificial Intelligence in Pavement Engineering,,19,9
996638147101851,ETD-Graduate,Yes,pdf,Blair: A Novel,,0,5
996638147201851,ETD-Graduate,Yes,pdf,Method to Accelerate Student Proficiency in CSWP/CSWPA Solidworks Certification Exams and Fusee Mechanism Profile Analysis,,22,4
996638147301851,ETD-Doctoral,Yes,pdf,An Examination of Satellite-Based Cropland Canopy Water Content Maps for Yield Ratio Prediction,,42,13
996638147401851,ETD-Doctoral,Yes,pdf,Assessment of Various Mitigation Strategies of Alkali-Silica Reactions in Concrete and Implementing the Outlier Detection Method in Industrial Applications,,44,11
996638147501851,ETD-Graduate,Yes,pdf,Developing and Implementing a UAS-Based Reach-Scale Protocol to Understand and Test Indicators for Monitoring Beaver Dam Analog Effectiveness,,40,11
996638147601851,ETD-Graduate,Yes,pdf,Drought Preparedness in Large Landscape Management: Using Adaptation Pathways and Decision-Support Tools to Increase Resilience,,0,7
996638147701851,ETD-Graduate,Yes,pdf,Assessing Plant Community Attributes Along Environmental Gradients in two Critical Landscapes,,15,6
996638147801851,ETD-Doctoral,Yes,pdf,"Association of a high fat diet, gut microbiota and host interactions with enteric neuropathy and dysmotility in a mouse model of type two diabetes",,39,4
996638147901851,ETD-Doctoral,Yes,pdf,Virtual Reality Interview Skills Training for Young Adults with a Diagnosis of Autism Spectrum Disorder: Making Employment a Reality,,32,8
996638148001851,ETD-Graduate,Yes,pdf,Artifacts of Memory,,39,4
996638148101851,ETD-Graduate,Yes,pdf,Mapping Percent Tree Mortality Due to Drought in Piñon-Juniper Woodlands Using a Landsat Time Series from Northern New Mexico,,19,5
996638148201851,ETD-Graduate,Yes,pdf,Nitrogen Mineralization of Dairy Manure in a Calcareous Soil Under Field Conditions,,0,4
996638148301851,ETD-Graduate,Yes,pdf,Assessing Manufacturing Knowledge Relevant to Graduating Mechanical Engineers and Addressing Shortcomings in Geometric Dimensioning and Tolerancing,,39,5
996638148401851,ETD-Graduate,Yes,pdf,Towards Intra-Seasonal Estimation Of Forest Net Primary Productivity: Evaluating Automated Dendrometers For High-Temporal Resolution Woody Growth Signals,,29,2
996638148501851,ETD-Doctoral,Yes,pdf,Forest Restoration on the National Forest System in the Inland Northwest Region: A Path Dependence Perspective,,43,4
996638148601851,ETD-Graduate,Yes,pdf,"Several Ways, A Son Can Vanish",,0,7
996638148701851,ETD-Graduate,Yes,pdf,Symbionts of Woody Plants in the Pacific Northwest,,18,1
996638148801851,ETD-Doctoral,Yes,pdf,Disentangling drivers of floristic diversity in island systems using phylogenetic approaches,,30,5
996638148901851,ETD-Graduate,Yes,pdf,HEAT STABILITY OF OCHRATOXIN A,,22,10
996638149001851,ETD-Graduate,Yes,pdf,Statistical Applications in Natural Resources,,29,2
996638149101851,ETD-Graduate,Yes,pdf,The Cooperative Value Proposition: Portrayal and Perception,,0,12
996638149201851,ETD-Graduate,Yes,pdf,Interactions between Fluctuating Reservoir Water Levels and Bull Trout (Salvelinus confluentus) Ecology,,41,5
996638149301851,ETD-Graduate,Yes,pdf,Population and Status Assessment of Snapping Turtles Chelydra serpentina in North Dakota,,43,8
996638149401851,ETD-Graduate,Yes,pdf,The use of elevated pH to reduce the risk of release of select invasive mollusk species from vessel ballast and bilge water,,17,7
996638149501851,ETD-Graduate,Yes,pdf,"Potato Yields, Beet Leaf Hoppers and Green Peach Aphids:  Empirical Examination in the Columbia Basin",,17,4
996638149601851,ETD-Graduate,Yes,pdf,THE SEQUENTIAL EDGE DETECTION ALGORITHM - A METHOD FOR DETERMINING THE PROFILE OF A VOLUME MESH,,24,9
996638149701851,ETD-Graduate,Yes,pdf,"Toward Improved Water Quality: Connecting Hydrology, Management and Collaboration",,36,8
996638149801851,ETD-Doctoral,Yes,pdf,"GENETICS AND BREEDING FOR RESISTANCE TO COMMON BACTERIAL BLIGHT AND WHITE MOLD IN COMMON BEAN, Phaseolus vulgaris L.",,30,12
996638149901851,ETD-Graduate,Yes,pdf,Societal Resilience to Flooding: A Case Study of Seattle,,23,12
996638217701851,ETD-Graduate,Yes,pdf,A Study of Partitiviruses Infecting Saccharomyces cerevisiae and Their Interactions with Host Antiviral Systems,,29,14
996638217801851,ETD-Doctoral,Yes,pdf,ASSESSMENT OF PRESTRESSED BRIDGES SUBJECTED TO OVER-HEIGHT TRUCK IMPACT & THE IMPACT OF AUTONOMOUS AND CONNECTED TRUCK PLATOONS ON BRIDGES,,1,20
996638217901851,ETD-Doctoral,Yes,pdf,Psychometric Assessment of the Hip Disability and Osteoarthritis Outcome Score: Measuring Disability and Function Following Total Hip Arthroplasty,,37,5
996638218001851,ETD-Graduate,Yes,pdf,The Effects of Potato Virus Y Strains on Quality of Four Potato (Solanum tuberosum L.) Varieties in Storage,,35,5
996638218101851,ETD-Graduate,Yes,pdf,Optimal Hedging Horizon for a Hog Feeding Spread (Crush) Margin,,0,6
996638218201851,ETD-Doctoral,Yes,pdf,Crossing the Line on Governance: Evaluating the Impact of National and Transboundary Protected Areas on Land Cover Outcomes in Central America,,26,9
996638218301851,ETD-Graduate,Yes,pdf,Getting Back to Fire Suméŝ:  Incorporating Traditional Knowledge into Fuels Reduction Treatments,,17,2
996638218401851,ETD-Graduate,Yes,pdf,"Analysis of Energy Balance Components from Flux Measurement Sites near Island Park, Idaho, and the Exploration of Evapotranspiration Rates",,0,2
996638218501851,ETD-Graduate,Yes,pdf,The Influence of Inhibitory Control on Alignment of the Head and Neck,,23,6
996638218601851,ETD-Graduate,Yes,pdf,"Paradise Creek and the Clean Water Act: History, Law, Management Science, and Policy",,4,15
996638218701851,ETD-Graduate,Yes,pdf,Evaluation of a Reduced Modified Rhyme Test for Assessing Speech Intelligibility in Radio Communications,,24,14
996638218801851,ETD-Doctoral,Yes,pdf,Metric Entropy under Generalized Convexity,,27,13
996638218901851,ETD-Doctoral,Yes,pdf,Evaluating the Effects of the Mulligan Concept Manual Therapy in an Athletic Training Practice: A dissertation of clinical practice improvement,,36,9
996638219001851,ETD-Doctoral,Yes,pdf,IMPLEMENTATION OF EVIDENCE-BASED PRACTICE WITHIN AN ATHLETIC TRAINING ATHLETIC MODEL– A DISSERATION OF CLINCIAL PRACITCE IMPROVEMENT,,44,20
996638219101851,ETD-Graduate,Yes,pdf,"Habitat Selection of Meadow Voles and Diet of Vagrant Shrews On A Wet Prairie Ecosystem in Weippe, Idaho",,25,2
996638219201851,ETD-Graduate,Yes,pdf,"Development of Annual Daylight Performance Metrics: Sensitivity Analyses of Illuminance Thresholds and Blind Use, and Examinations of Energy Use Implications",,20,7
996638219301851,ETD-Graduate,Yes,pdf,GROWING SHORT ROTATION HYBRID POPLAR IN THE PACIFIC NORTHWEST FOR BIOENERGY: EFFECTS ON NUTRIENT LEACHING,,41,3
996638219401851,ETD-Graduate,Yes,pdf,"Effect of Tillage, Irrigation Amounts, and Nitrogen Rates in Sugar Beet (Beta vulgaris L.)",,13,4
996638219501851,ETD-Graduate,Yes,pdf,Detection and Localization of Approaching Vehicle Noises among Older Adults,,34,7
996638219601851,ETD-Doctoral,Yes,pdf,Exploring Factors Impacting Transfer of Learning in Child Welfare Training: A Delphi Study,,28,10
996638219701851,ETD-Graduate,Yes,PDF,A Study in Acceleration of Selected Artificial Intelligence Computations Using Thread-Level Parallelism,,19,6
996638219801851,ETD-Doctoral,Yes,pdf,"The Chemical Reactivity of 1,1-Diamino-2,2-dinitroethene (FOX-7)",,43,7
996638219901851,ETD-Graduate,Yes,pdf,Coping Strategies Used by Rural Working Families Living in Poverty,,0,10
996638220001851,ETD-Graduate,Yes,pdf,"Drawing from the Well: The Material Life of the Jacobs Family, Boise, Idaho, 1864-1907",,19,6
996638220101851,ETD-Graduate,Yes,pdf,Characterizing Biomass Burning in Shrub-steppe: Burned Area and Seasonal Trace Gas Emission Factors,,20,1
996638220201851,ETD-Graduate,Yes,PDF,RURAL-URBAN WAGE DICHOTOMY: THE PREVAILING DIFFERENTIAL,,25,4
996638220301851,ETD-Graduate,Yes,pdf,"BURN SEVERITY AND AREAS OF DAILY FIRE GROWTH FOR 42 FOREST FIRES IN IDAHO AND MONTANA, 2005 - 2011",,22,2
996638220401851,ETD-Graduate,Yes,pdf,BARLEY YIELD AND PROTEIN RESPONSE TO NITROGEN AND SULFUR FERTILIZER RATES AND APPLICATION TIMING,,46,24
996638220501851,ETD-Doctoral,Yes,pdf,The Synthesis and Study of Highly Strained Annelated Semibullvalenes: Chasing Condensed Phase Neutral Homoaromaticity,,3,6
996638220601851,ETD-Graduate,Yes,pdf,Hydrologic Modeling to Estimate Peak Streamflow for Post-Fire Forest Management,,48,18
996638220701851,ETD-Graduate,Yes,pdf,"A Pit Investigation: Historical Archeology at the Historic Entrance of Mammoth Cave, Kentucky",,51,4
996638220801851,ETD-Doctoral,Yes,pdf,Mapping the Urban Landscape: A Remote Sensing and Deep Learning Approach to Identifying Forests and Land Cover Features in a Desert City,,37,10
996638220901851,ETD-Graduate,Yes,pdf,"Cenozoic Exhumation in the Boise Mountains, Idaho, From New  Low Temperature Thermochronology Data",,67,5
996638221001851,ETD-Doctoral,Yes,pdf,Design and Control of a Spherical 2-DOF Thumb Exoskeleton Module for Rehabilitation and Assessment after Stroke,,4,7
996638221101851,ETD-Graduate,Yes,pdf,Queer Monsters (Some Ghosts),,0,3
996638221201851,ETD-Doctoral,Yes,pdf,An All-Optical 4-Bit Adder Composed of Fabry-Perot Devices,,51,9
996638221301851,ETD-Graduate,Yes,pdf,Navigating Information Spaces Through a Novel Immersive 3D Audio Interface,,38,11
996638221401851,ETD-Graduate,Yes,pdf,From the Laboratory to the Field: Investigating the Effect of Biochar on Forest Insects,,22,9
996638221501851,ETD-Doctoral,Yes,pdf,Evaluation of location sharing networks and wearable-based human activity recognition to improve occupational safety in forestry,,31,11
996638221601851,ETD-Doctoral,Yes,pdf,The Lived Experiences of Educators Teaching Students with Autism Spectrum Disorders in Therapeutic Boarding School Environments: A Phenomenological Study,,35,88
996638221701851,ETD-Graduate,Yes,pdf,Classifying Imbalanced Data for DDoS Attack Detection,,23,16
996638221801851,ETD-Doctoral,Yes,pdf,Comparative Phylogeography of Pacific Northwest Gastropods,,28,5
996638221901851,ETD-Graduate,Yes,pdf,California’s Sustainable Groundwater Management Act: The Paradox of Local Control of a Precious Public Resource,,28,4
996638222001851,ETD-Graduate,Yes,pdf,"""To Make a Pure Resort"": The Conflict Between Temperance and Profit at the Saltair Resort Under the Church of Jesus Christ of Latter-Day Saints",,40,6
996638222101851,ETD-Graduate,Yes,pdf,Composition-structure-property Relationship in Cs-based halide Perovskites using Electronic Structure Calculations,,24,7
996638222201851,ETD-Graduate,Yes,pdf,"Reconnecting With the Sacrament: an Exploration of Legal, Economic, and Social Barriers to the Peyote Gardens Shoshone-Paiute Case Study",,26,9
996638222301851,ETD-Doctoral,Yes,pdf,Revision of the Motivational Correlates and Athletes’ Perceptions of Coach-Created Motivational Climate: An Adult American Sport Sample,,14,4
996638222401851,ETD-Graduate,Yes,pdf,Spatially Modeling Snowmelt Using Intra-Annual Patterns with Remote Sensing in the Upper Snake River Basin,,37,2
996638222501851,ETD-Graduate,Yes,pdf,The Development of a Steady-State Rankine Cycle Optimization Algorithm Within Aspen HYSYS,,16,3
996638222601851,ETD-Graduate,Yes,pdf,FIRE BEHAVIOR IN EXPERIMENTAL GRASS FIRES,,22,7
996638222701851,ETD-Doctoral,Yes,pdf,The Effects of Plyometric Training on Muscle Activation Characteristics in Post-Pubescent Adolescent Females,,34,8
996638222801851,ETD-Graduate,Yes,pdf,the Reveal,,43,2
996638222901851,ETD-Graduate,Yes,pdf,"Estimation of Dairy Manure-based Nutrient Supply-Demand Balances in Idaho, 1990 to 2022",,42,15
996638223001851,ETD-Doctoral,Yes,pdf,RESOURCE SELECTION AND MOVEMENT PATTERNS BY KODIAK ISLAND BROWN BEARS,,38,8
996638223101851,ETD-Doctoral,Yes,pdf,TWITTER HATE SPEECH DETECTION  BASED ON  DEEP LEARNING METHODS,,70,26
996638223201851,ETD-Doctoral,Yes,pdf,A CLOUD SECURITY MODEL (CSM) FOR FINE GRAINED EFFICIENT INFORMATION FLOW TRACKING (EIFT),,5,10
996638223301851,ETD-Doctoral,Yes,pdf,CHARACTERIZATION OF UNCERTAINTIES IN THE MODELING OF ABLATION HEAT TRANSFER IN ROCKET NOZZLES,,35,25
996638223401851,ETD-Graduate,Yes,pdf,"Foraging Activity and Survival of the Northern Idaho Ground Squirrel are Influenced by Climate, Hibernation, Endogenous State, and Competition with a Coexisting Congener",,29,5
996638223501851,ETD-Doctoral,Yes,pdf,Application of Modal Decomposition Techniques to Study Flow Behavior in Aneurysms,,47,4
996638223601851,ETD-Graduate,Yes,pdf,"Understanding the Epidemiology and Genetic Diversity of Leptosphaeria maculans, and Exploring Chemical Control Strategies to Manage Blackleg of Winter Canola (Brassica napus) in Northern Idaho",,35,13
996638223701851,ETD-Doctoral,Yes,pdf,"Advancing Sheep Genomics Research Through Population Genetics, Genome Assembly, and the Functional Annotation of Gene Regulatory Elements",,35,10
996638223801851,ETD-Graduate,Yes,pdf,"Tracing δ18O and δ2H in Source Waters and Recharge Pathways of a Fractured-Basalt and Interbedded-Sediment Aquifer, Columbia River Flood Basalt Province",,32,5
996638223901851,ETD-Doctoral,Yes,pdf,Western U.S. Forest Carbon Balance in the 21st Century: Improving Projections with Improved Disturbance Monitoring and Modeling,,41,10
996638224001851,ETD-Graduate,Yes,pdf,Social Impact Assessment Across Manufacturing Facilities,,29,11
996638224201851,ETD-Graduate,Yes,pdf,Crosslinking poly-3-hydroxybutyrate-co-3-hydroxyvalerate with dicumyl peroxide for properties modification,,37,13
996638224301851,ETD-Graduate,Yes,pdf,Summer habitat selection of female white-tailed deer: can we reduce agricultural field use in Northern Idaho?,,17,4
996638224401851,ETD-Doctoral,Yes,pdf,Molecular Evaluations of Interaction Between Host and Mucosal Microbiota in Culture Salmonids,,38,27
996638224501851,ETD-Doctoral,Yes,pdf,In-Medium Nucleonic Interactions and Chiral Effective Field Theory: Insight into the Nuclear and Neutron Matter Equation of State from Neutron Skins to Neutron Stars,,26,4
996638224601851,ETD-Graduate,Yes,pdf,Connecting the Puzzle Pieces:  Adapting Virtual Reality Environments with Biometric Data to Support  Learners with Autism Spectrum Disorder,,26,8
996638224701851,ETD-Doctoral,Yes,pdf,Psychometric Assessment of Psychosocial Health Constructs: Measuring Psychological Pain and Disablement,,17,3
996638224801851,ETD-Graduate,Yes,pdf,Evaluating Field-Based Grazing Intensity Measurements for Adaptive Rangeland Monitoring,,50,8
996638224901851,ETD-Doctoral,Yes,pdf,ENHANCED MODULAR MULTILEVEL CONVERTER-BASED STATCOM WITH HYBRID ENERGY STORAGE,,32,4
996638225001851,ETD-Graduate,Yes,pdf,Evaluation of Skid Resistance at Different Speeds in Idaho,,30,4
996638225101851,ETD-Graduate,Yes,pdf,The Power of a Forest: Informing Forest Bioenergy Policy Development through Facility Case Studies,,42,2
996638225201851,ETD-Graduate,Yes,pdf,Optimization of High Protein Formulations Using Wear and Mechanical Behaviors,,0,8
996638225301851,ETD-Doctoral,Yes,pdf,Real-time Defense Strategies against Rogue Nodes in Vehicular Ad Hoc Networks,,40,18
996638225401851,ETD-Graduate,Yes,pdf,Spectral and Chemical Characterization of Allophane and Imogolite,,29,6
996638225501851,ETD-Graduate,Yes,pdf,The Effects of Site Preparation on the Long Term Growth and Productivity of Interior Douglas-fir and Western White Pine,,30,3
996638225601851,ETD-Doctoral,Yes,pdf,Intelligent Decimation of River Geometry Data for Manageable Use in Surface-Water Models,,27,4
996638225701851,ETD-Graduate,Yes,pdf,Energy and Exergy Assessment of the Absorption Chiller and Cold Thermal Energy Storage in District Cooling,,33,5
996638225801851,ETD-Graduate,Yes,pdf,NEEDS ASSESSMENT FOR IDAHO BEEF PROGRAMMING,,28,2
996638225901851,ETD-Doctoral,Yes,pdf,"The Role of Physiology, Behavior, and Habitat in  Seasonal Thermoregulation by Pygmy Rabbits",,35,2
996638226001851,ETD-Graduate,Yes,pdf,"Concerted Cultivation and Academic Achievement: How Income, Gender, and Parental Involvement Influence Parental Expectations for Child’s Future Education",,25,35
996638226101851,ETD-Graduate,Yes,pdf,COMPARISON OF MODELS FOR SPACER GRID PRESSURE LOSS IN NUCLEAR FUEL BUNDLES FOR ONE AND TWO PHASE FLOWS,,0,7
996638226201851,ETD-Graduate,Yes,pdf,D-FACTS for Improved Reliability of tht Transmission System During Contingencies,,21,2
996638226301851,ETD-Graduate,Yes,pdf,"Biological control of Fusarium solani, Rhizoctonia solani and the pale cyst nematode Globodera pallida with Trichoderma harzianum ThzID1",,22,16
996638226401851,ETD-Graduate,Yes,pdf,"Factors Affecting Bulb Decay in Storage, and a DNA Macroarray Technique as a Tool for Early Pathogen Detection",,30,9
996638226501851,ETD-Graduate,Yes,pdf,The Influence of Canopy Composition and Vegetation Structure on Avian Richness and Red-naped Sapsucker Occupancy Across an Aspen-Conifer Forest Gradient,,21,5
996638226601851,ETD-Graduate,Yes,pdf,The Relationship between Plants and People: An Ethnobotanical Study in Partnership with the Muckleshoot Tribe,,18,16
996638226701851,ETD-Doctoral,Yes,pdf,Selective Reductions Directed by Rehydrated Alumina and Thiomethylation Using Dimethylsulfoxide,,31,21
996638226801851,ETD-Doctoral,Yes,pdf,The Use of the Mulligan Concept in the Treatment of Patellofemoral Pain Syndrome in Dancers: A dissertation of clinical practice improvement,,25,3
996638226901851,ETD-Graduate,Yes,pdf,"A Taxonomic Evaluation of Rootkit Deployment, Behavior and Detection",,38,6
996638227001851,ETD-Graduate,Yes,pdf,"""It is a knell that summons thee to heaven or to hell"": The Christian Dimension of Shakespeare's ""Macbeth""",,31,5
996638227101851,ETD-Graduate,Yes,pdf,The Experimental Encounter: Repetition and Creative Experimentation for a Richer Experience of the World,,25,2
996638227201851,ETD-Graduate,Yes,pdf,Sensitivity of soil loss to climate change in the Inland Northwest USA,,33,6
996638227301851,ETD-Doctoral,Yes,pdf,"Primary Cavity Excavator Nesting Ecology, Space Use, and Distribution: A Multi-scale Perspective",,24,4
996638227401851,ETD-Doctoral,Yes,pdf,Retina Architecture: A Story of Networking Success and Failure,,39,8
996638227501851,ETD-Graduate,Yes,pdf,MAPPING QTL CONFERRING RESISTANCE TO FUSARIUM HEAD BLIGHT IN THE SPRING WHEAT CULTIVAR 'UI STONE',,59,12
996638227601851,ETD-Graduate,Yes,pdf,"Evaluating Skill-, Rule-, and Knowledge-Based Design for Control Room Operator Level 1 Overview Displays",,18,3
996638227701851,ETD-Doctoral,Yes,pdf,RAPID ADAPTATION IN A NOVEL ECOSYSTEM: EVOLUTIONARY ECOLOGY OF WHITE SANDS LIZARDS,,20,10
996638227801851,ETD-Graduate,Yes,pdf,Promoting the Positive: Children's Nutrient Intake from Fruit is Similar to their Nutrient Intake from Vegetables,,0,8
996638227901851,ETD-Graduate,Yes,pdf,Biogeochemical Impacts of Fire Over Four Millennia in a Rocky Mountain Subalpine Watershed,,21,7
996638228001851,ETD-Graduate,Yes,pdf,Stable Isotopes of the Past and Present: Reconstructing Oligocene-Miocene Topography of the Oregon Cascade Arc and Testing Paleoaltimetry in the Western U.S.,,11,6
996638228101851,ETD-Graduate,Yes,pdf,Abundance and Distribution of two Unevenly Managed Root-Mining Insects for the Biological Control of Spotted Knapweed in Idaho,,44,9
996638228201851,ETD-Graduate,Yes,pdf,Without Diagnostic Abnormality,,46,1
996638228301851,ETD-Graduate,Yes,pdf,"""If You Want to Change the World, Edit Wikipedia”:  Mitigating the Gender Gap and Systemic Bias on Wikipedia",,46,13
996638228401851,ETD-Graduate,Yes,pdf,"An Overview of Vitrophyre Use in North Central Idaho: 12,000 Years of Rock Knockin’ on the Lochsa",,31,8
996638228501851,ETD-Doctoral,Yes,pdf,CONTINUOUS-FLOW ELECTROHYDRAULIC PLASMA DISCHARGE FOR DEGRADATION OF ORGANIC CONTAMINANTS IN WATER,,35,9
996638228601851,ETD-Graduate,Yes,pdf,"Evaluation of Natural and Hatchery-Produced Kokanee in Flaming Gorge Reservoir, Wyoming-Utah",,26,3
996638228701851,ETD-Graduate,Yes,pdf,A Field Device to Rapidly Determine the Bending Strength of Maize Stalks,,45,10
996638228801851,ETD-Graduate,Yes,pdf,the Impact of Noise in Estimating Interactions of Microbial Communities,,23,18
996638228901851,ETD-Graduate,Yes,pdf,Simulation of the Effect of False Data Injection Attacks on SCADA Using Offline EMT Simulation,,32,4
996638229001851,ETD-Doctoral,Yes,pdf,A Coevolutionary Community Ecology,,20,4
996638229101851,ETD-Doctoral,Yes,pdf,Novel remote sensing approaches for monitoring seasonal and ephemeral water resources,,44,15
996638229201851,ETD-Doctoral,Yes,pdf,Spatio-temporal Variability of Wildfires and Their Climate Drivers from Continental to Global Scale,,17,7
996638229301851,ETD-Graduate,Yes,pdf,Thermal behavior of cold plated storage cask for used Light Water Reactor nuclear fuels,,40,6
996638229401851,ETD-Graduate,Yes,pdf,Us and Them Examining the Cultural Perceptions of Private and Interagency Wildland Firefighters,,34,9
996638229501851,ETD-Doctoral,Yes,pdf,EVALUATION AND MODELING OF PAVEMENT MARKING CHARACTERISTICS BASED ON LABORATORY AND FIELD DATA,,50,23
996638229601851,ETD-Graduate,Yes,pdf,The impact of starch on wheat falling number and the evolvement of starch structure in the developing endosperm of soft white winter wheat,,25,9
996638229701851,ETD-Doctoral,Yes,pdf,The Relationship Between Moral Reinforcement and Learner-Centered Practice in Adult Learners: A Multi-Grounded Theory Study,,30,12
996638229801851,ETD-Graduate,Yes,pdf,Tillage Management Effects on Subsurface Nitrate Transport to Artificial Drain Lines Using Ditributed Temperature Sensing,,33,7
996638229901851,ETD-Graduate,Yes,pdf,Securing Remedial Action Schemes Under Data Measurement Cyber Threats,,13,8
996638230001851,ETD-Doctoral,Yes,pdf,Fault Tolerant Solutions for DSRC Safety Applications in VANET,,30,18
996638230101851,ETD-Graduate,Yes,pdf,Performance of Female Holstein Calves Grouped Post-Weaning According to their Individual Feed Intake,,19,7
996638230201851,ETD-Graduate,Yes,pdf,Spatiotemporal Dynamics and Spatial Determinants of Urban Growth in the Greater Coeur d’Alene Area of Idaho,,19,2
996638230301851,ETD-Graduate,Yes,pdf,Ultraviolet Light Generation from a Helium Plasma as a Function of Radio Frequency Power and Gas Pressure,,28,39
996638230401851,ETD-Doctoral,Yes,pdf,"Elucidating Water Sources and Interaction with Hydrogeologic Systems: Enthalpy, Radon, and Rare Earth Elements as Naturally Occurring Tracers",,3,8
996638230501851,ETD-Graduate,Yes,pdf,On the Causality Verication and Enforcement of Signal Power Integrity Models,,29,5
996638230601851,ETD-Doctoral,Yes,pdf,Enhancing Natural Hazards & Vulnerability/Resilience Studies Using Social Theory and Spatial Statistics,,0,4
996638230701851,ETD-Graduate,Yes,pdf,Novel Methods and Algorithms for Fitting and Equivalent Circuit Synthesis of Multi-port Systems' Frequency Response for Time-Domain Simulation,,43,7
996638230801851,ETD-Doctoral,Yes,pdf,Structural and functional characteristics of tropical secondary forest patches in northeastern Costa Rica,,19,5
996638230901851,ETD-Doctoral,Yes,pdf,An Epidemiological Observation: Non-Contact Anterior Cruciate Ligament Injury Risk Prediction Using Functional Movement Screen™ and Knee Abduction Moment: A Dissertation of Clinical Practice Improvement,,26,4
996638231001851,ETD-Doctoral,Yes,pdf,SAMPLE SIZE ESTIMATION AND TYPE I ERROR CORRECTION IN GENETIC ASSOCIATION STUDIES,,20,7
996638231101851,ETD-Graduate,Yes,pdf,An Improvement in Operation for Steel Rolling Mill Crop Cobble Shear using Direct Torque Control Induction Motor Drive,,16,5
996638231201851,ETD-Graduate,Yes,pdf,Using Subirrigation to Grow Native Plants for Restoration,,21,25
996638231301851,ETD-Graduate,Yes,pdf,Providing young stand management alternatives and enhancing spatial heterogeneity through daylight cleaning in mixed-conifer forests,,17,3
996638231401851,ETD-Graduate,Yes,pdf,"A Topology-Based Model for Two-Winding, Shell-Type, Single Phase Transformer Inter-Turn Faults",,33,8
996638231601851,ETD-Graduate,Yes,pdf,The Effect of 4-H Participation on Citizenship and Civic Engagement Skills in Adult Alumni,,9,6
996638231701851,ETD-Graduate,Yes,pdf,Hybrid Baseline Localization for Autonomous Underwater Vehicles,,20,5
996638231801851,ETD-Graduate,Yes,pdf,Freedom From Worry: Douching as a Case Study for Historical Archaeological Approaches to Women's Health,,34,17
996638231901851,ETD-Graduate,Yes,pdf,"Archaeological Investigations at the Kelly Forks Work Center site (10CW34): Clearwater River National Forest, North Central Idaho",,6,72
996638232001851,ETD-Graduate,Yes,pdf,Scalable EM-Based Anomaly Detection using Generative Adversarial Networks,,41,12
996638232101851,ETD-Doctoral,Yes,pdf,Philosophical Implications of Using an Education for Sustainable  Development Framework for Curriculum Innovation in the Galapagos Islands,,61,21
996638232201851,ETD-Doctoral,Yes,pdf,Professional Identity Formation of Community Preceptors and Motivators and Barriers in Their Role as Medical Educators,,5,6
996638232301851,ETD-Graduate,Yes,pdf,Formation and Consolidation of UN nanostructures in U-Mo Fuel via Mechanical Alloying and Spark Plasma Sintering,,17,10
996638232401851,ETD-Graduate,Yes,pdf,"The Archaeological Investigation of Fort Sherman, Idaho.",,58,11
996638232501851,ETD-Graduate,Yes,pdf,Investigating Head Start Teachers' Science Teaching Attitudes and Efficacy,,39,7
996638232601851,ETD-Graduate,Yes,pdf,"Divergence of iron and manganese oxidation state distributions, bonding environments, and mobility in mining-impacted lake sediments: column experiments",,53,3
996638232701851,ETD-Graduate,Yes,pdf,Assessing Associations of Maternal Stress with Infant Behavior and Inflammatory Markers in Human Milk,,19,19
996638232801851,ETD-Doctoral,Yes,pdf,Participatory Storytelling: Potential and Practice in Fire Science Communication,,21,23
996638232901851,ETD-Doctoral,Yes,pdf,"Integrating Water, Energy and Climate Change: Irrigation Modernization in Chile’s Elqui Watershed",,52,27
996638233001851,ETD-Doctoral,Yes,pdf,Bidirectional Effects of Neck Posture and Cognition: Studies of Attention and Inhibitory Control,,39,9
996638233101851,ETD-Graduate,Yes,pdf,APPLICATION OF EPSILON POLY L-LYSINE  FOR WOOD PROTECTION,,58,15
996638233201851,ETD-Doctoral,Yes,pdf,Molecular Mechanisms Governing the Differential Regulation of Tandemly Replicated Visual Opsin Genes,,19,8
996638233301851,ETD-Doctoral,Yes,pdf,"TIRE-PAVEMENT INTERACTION, EXPERIMENTAL MEASUREMENTS AND MODELING",,37,3
996638233401851,ETD-Doctoral,Yes,pdf,NUMERICAL ANALYSIS AND EXPERIMENTAL INVESTIGATION OF ULTRA-HIGH-PERFORMANCE CONCRETE HYBRID BRIDGE DECK CONNECTIONS,,46,3
996638233501851,ETD-Graduate,Yes,pdf,Stable Isotope Paleoaltimetry of the Peruvian Central Andes from the Miocene to Modern Using Hydrated Volcanic Glass,,36,12
996638233601851,ETD-Graduate,Yes,pdf,Reaching Together: A Montage of Art Reflecting the Sacred Spaces in the Unitarian Universalist Church of the Palouse,,28,4
996638233701851,ETD-Doctoral,Yes,pdf,Statistical and Spatial Analysis of Heat and Mass Transport in the Yellowstone Caldera,,20,3
996638233801851,ETD-Doctoral,Yes,pdf,Influences on Rural Students' College Access and Completion: A Qualitative Case Study,,21,5
996638233901851,ETD-Graduate,Yes,pdf,Magnetic Induction of Conductive Nanosprings,,21,10
996638234001851,ETD-Graduate,Yes,pdf,Heat Flux at the Near-Surface and Atmosphere Boundary at Geothermal Areas: Development of Methods Used for Measurement and Quantification of the System,,53,1
996638234101851,ETD-Graduate,Yes,pdf,A History of Making,,0,16
996638234201851,ETD-Graduate,Yes,pdf,Multi-Physic Stochastic Modeling of a High Speed Composite Flywheel Energy Storage System,,23,8
996638234301851,ETD-Doctoral,Yes,pdf,Development of a Spatial Severity Model for the Quantification of Wildland Fire Effects in Coniferous Forests,,33,6
996638234401851,ETD-Graduate,Yes,pdf,"The Preston Geothermal Prospect, Re-examining a Previously Studied Geothermal Area",,13,8
996638234501851,ETD-Graduate,Yes,pdf,CURRENT STATUS OF ACADEMIC PROGRAMS IN EXTENSION EDUCATION AND 4-H YOUTH DEVELOPMENT AT LAND-GRANT UNIVERSITIES IN THE UNITED STATES,,20,3
996638234601851,ETD-Graduate,Yes,pdf,The Birds of Trinidad Collected Essays,,0,12
996638234701851,ETD-Doctoral,Yes,pdf,Evaluating Novel Manual Therapies for the Treatment of Lower Extremity Dysfunction and Pathology: A Dissertation of Clinical Practice Improvement,,47,1
996638234801851,ETD-Doctoral,Yes,pdf,An Exploration of Program Director Leadership Practices in Nationally Accredited Paramedic Education Programs,,32,7
996638234901851,ETD-Doctoral,Yes,pdf,Generalizations and Approximations of Equiangular Tight Frames,,56,14
996638235001851,ETD-Doctoral,Yes,pdf,EFFECTS OF NUTRITIONAL MOLECULES IN REGULATION OF ADIPOGENESIS AND KEY ADIPOGENIC GENE EXPRESSION,,0,8
996638235101851,ETD-Graduate,Yes,pdf,Evaluation of Turbulence Models for Predicting Entropy Generation in Bypass-Transitional Boundary Layers,,35,5
996638235201851,ETD-Doctoral,Yes,pdf,Non-Linear Finite Element Analysis of FRP-Precast Concrete Sandwich Panels,,18,7
996638235301851,ETD-Graduate,Yes,pdf,Where the Pavement Ends: A Memoir,,0,8
996638235401851,ETD-Graduate,Yes,pdf,Reproductive and economic outcomes following pre-synchronization of dairy heifers,,36,8
996638235501851,ETD-Doctoral,Yes,pdf,HIGH SPEED DATA CONVERTERS FOR UTRA-WIDEBAND AND SOFTWARE DEFINED RADIO APPLICATIONS,,4,6
996638235601851,ETD-Doctoral,Yes,pdf,"HIGH TEMPERATURE DEFORMATION BEHAVIOR, THERMAL STABILITY AND IRRADIATION PERFORMANCE IN GRADE 92 STEEL",,32,3
996638235701851,ETD-Graduate,Yes,pdf,Stable Isotope Composition of Stream Biota: Partitioning Variability and Identifying Environmental Correlations in a Wilderness Watershed,,17,6
996638235801851,ETD-Graduate,Yes,pdf,Keystroke Timing Attacks in a Free-Text Environment,,0,6
996638235901851,ETD-Graduate,Yes,pdf,Prescribed Streamflow to Improve Juvenile Steelhead Habitat,,22,4
996638236101851,ETD-Graduate,Yes,pdf,Economic Impacts of Grazing Production Systems on Cow-Calf Ranches in Southern Idaho under Market Variability,,42,19
996638236201851,ETD-Graduate,Yes,pdf,Economics of Plant and Soil Health on Potato,,20,8
996638236301851,ETD-Doctoral,Yes,pdf,Controlling annual grasses in sagebrush communities with higher resistance and resilience is crucial to prevent fire risk and invasion expansion,,13,7
996638236401851,ETD-Graduate,Yes,pdf,"Privy to the Details: Biographies of the Teagar/Weimer Site (45SN409) in Arlington, Washington",,41,24
996638236501851,ETD-Graduate,Yes,pdf,​​Hastymades and Composts: The Assemblage of Machine Expressionism,,37,6
996638236601851,ETD-Graduate,Yes,pdf,The Impact of Linguistics on Historical Interpretation: A Case Study on Women in the Reformation,,36,6
996638236701851,ETD-Doctoral,Yes,pdf,Genomics of Sexual Selection,,52,10
996638236801851,ETD-Doctoral,Yes,pdf,"Towards a Theory of Default Suppression: Decision Making in the Context of Full Suppression and Managed Wildfires on Federal Lands, U.S.A.",,38,16
996638236901851,ETD-Graduate,Yes,pdf,"A Hydrologic and Geochemical Investigation of Basin Infiltrated River Water in Alluvial, Basalt, and Combination Alluvial/Basalt Aquifers",,42,56
996638237001851,ETD-Doctoral,Yes,pdf,Existential Coaching Education: A Pedagogical Pathway to Alleviate Anxiety and Increase Coping Skills of Collegiate Female Swimmers,,29,23
996638237101851,ETD-Graduate,Yes,pdf,Perceptions of Beef and Early Cognitive Development: Infants’ early dietary intake of beef and cognitive outcomes at 3-5 years of age,,27,18
996638237201851,ETD-Doctoral,Yes,pdf,"Ca(OH)2/CaO Chemical Heat Pump for Thermoamplification in Integrated Energy Systems: Thermodynamic Modeling, Experimental Investigations, and Techno-Economic Analysis",,19,13
996638237301851,ETD-Graduate,Yes,pdf,Phosphorus Characterization and Transport in Traditionally Fertilized No-Till vs. Conventionally Managed Systems and Greenhouse Growth Trials Using Dairy Manure-Amended Soils,,67,36
996638237401851,ETD-Graduate,Yes,pdf,"Examining the use of biochar on spotted knapweed, Centaurea stoebe L., and its impact on the success of two introduced biocontrol agents, Larinus minutus Gyllenhal and Cyphocleonus achates Farhaeus (Coleoptera: Curculionidae).",,30,9
996638237501851,ETD-Doctoral,Yes,pdf,Tell Me Your Story- Exploring Rural Latinx/e Students’ Educational Journeys Through Personal Statements,,32,6
996638237601851,ETD-Graduate,Yes,pdf,Populating Code Cities with NPCs Representing Bugs,,31,3
996638237701851,ETD-Graduate,Yes,pdf,What Infinite,,0,5
996638237801851,ETD-Graduate,Yes,pdf,GUIDED INQUIRY FOR IMPROVING SOLIDWORKS CERTIFICATION EXAM SCORES AND APPLYING SURFACING TECHNIQUES TO SIMPLIFY THE DESIGN AND MANUFACTURING PROCESS OF FUSEES,,30,17
996638237901851,ETD-Graduate,Yes,pdf,Finding the Beginning to Discover the End: Power System Protection as a Means to Find the First Principles of Cybersecurity,,29,2
996638238001851,ETD-Graduate,Yes,pdf,Reconstructing Eocene Paleotopography of the Northern U.S. Cordillera Using Stable Isotope Paleoaltimetry of Hydrated Volcanic Glass,,32,16
996638238101851,ETD-Doctoral,Yes,pdf,PERFORMANCE OF COMPOSITE MATERIAL AND COMPOSITE STRUCTURES TO ATTENUATE DYNAMIC LOADS,,29,7
996638238201851,ETD-Graduate,Yes,pdf,N-HEPTANE AUTOIGNITION AND SPECIATION IN A NOVEL RAPID COMPRESSION EXPANSION MACHINE,,46,6
996638238401851,ETD-Graduate,Yes,pdf,Genetic Association of Beef Cattle with Fertility and Rangeland Behavior,,38,4
996638238501851,ETD-Doctoral,Yes,pdf,"The Utilization of Silica Nanosprings as an Insulating Support to Characterize the Morphology, Electrical Transport, and Optoelectronic Properties of Two-Dimensional Nanocoatings",,34,15
996638238601851,ETD-Graduate,Yes,pdf,Design of Millimeter-Wave Circulators for In-Band Full-Duplex Applications,,29,3
996638238701851,ETD-Graduate,Yes,pdf,Hierarchical Inference and Spoofing Alarm in HVDC Control Systems,,28,4
996638238801851,ETD-Doctoral,Yes,pdf,Managing and Monitoring Pythium Leak and Shatter Bruise of Potato (Solanum tuberosum L.) Cultivars,,24,10
996638238901851,ETD-Graduate,Yes,pdf,Clustered Autoencoder Imputation,,21,8
996638239001851,ETD-Graduate,Yes,pdf,Tool Selection for use in Water Quality Based Citizen Science Projects,,34,2
996638239101851,ETD-Graduate,Yes,pdf,Defining and Estimating Forest Productivity Using Multi-Point Measures and a Nonparametric Approach,,65,5
996638239201851,ETD-Graduate,Yes,pdf,Designing and Developing Virtual and Real Testbeds for Industrial Control Systems Education and Training,,34,6
996638239301851,ETD-Graduate,Yes,pdf,Stand Structure and Understory Diversity of Restored Western White Pine Stands,,22,5
996638239401851,ETD-Doctoral,Yes,pdf,ANALYZING THE SPATIALITY OF CHINA’S REGIONAL INEQUALITY IN A GEOGRAPHIC INFORMATION SYSTEM ENVIRONMENT,,31,44
996638239501851,ETD-Graduate,Yes,pdf,Military Surplus and Modern Policing: A Spatial Analysis of Police Usage of the Federal 1033 Program,,23,10
996638239601851,ETD-Doctoral,Yes,pdf,MAGNETIC RESONANCE IMAGE-BASED NUMERICAL MODELING OF CEREBROSPINAL FLUID DYNAMICS: APPLICATION TO FILTRATION AND INTRATHECAL DRUG DELIVERY,,41,16
996638239701851,ETD-Graduate,Yes,pdf,The Effect of Supplemental Butyrate on Passive Transfer of Immunity and on VFA Transporter Abundance During the Weaning Transition,,34,5
996638239801851,ETD-Graduate,Yes,pdf,An Optimization Tool Developed for Fluted Tube Heat Exchangers,,38,4
996638239901851,ETD-Doctoral,Yes,pdf,Application of Nanocrystalline-Graphite (GUITAR) in Electrochemical Energy Storage and Sensing,,1,10
996638240001851,ETD-Graduate,Yes,pdf,Improving AUV Localization Accuracy by Combining Ultra-Short-Baseline and Long-Baseline Measurement Systems in a Post-Processing Extended Kalman Filter,,20,14
996638240101851,ETD-Graduate,Yes,pdf,Instream Flows as Evolving Institutions,,27,10
996638240201851,ETD-Graduate,Yes,pdf,Smart Grid Threat Analysis using NS3 Model,,18,4
996638240301851,ETD-Graduate,Yes,pdf,Design of a Separation Process for Recycling Tritium and Helium-3 Mixed Gas,,36,9
996638240401851,ETD-Graduate,Yes,pdf,CORRELATION BETWEEN AASHTO IDAHO IT-144 & T-84 METHODS FOR IDAHO FINE AGGREGATES,,20,5
996638240501851,ETD-Graduate,Yes,pdf,Allocating Heat and Electricity in a Nuclear Renewable Hybrid Energy System Coupled with a Water Purification System,,34,11
996638240601851,ETD-Graduate,Yes,pdf,Potential Cyber-Attack Detection and Mitigation Techniques for MTDC VSC HVDC Systems,,29,7
996638240701851,ETD-Graduate,Yes,pdf,"Phase II Archaeological Survey and Test Excavation, Historic Pen d'Oreille City (10KA91), Kootenai County, Idaho",,21,17
996638240801851,ETD-Graduate,Yes,pdf,"A QUIET HARVEST: LINKAGE BETWEEN RITUAL, SEED SELECTION, AND THE HISTORICAL USE OF THE FINGER-BLADED KNIFE AS A TRADITIONAL PLANT BREEDING TOOL IN IFUGAO, PHILIPPINES",,18,9
996638240901851,ETD-Doctoral,Yes,pdf,"ON-FARM USE OF CLINOPTILOLITE ZEOLITE WITH COMPOSTING AND AIR FILTRATION TECHNOLOGIES TO CONTROL AMMONIA EMISSIONS, ODOR, AND NITROGEN RETENTION FROM DAIRY MANURE",,33,59
996638241001851,ETD-Doctoral,Yes,pdf,ENGINEERING INFORMED BY RESEARCH: PRACTICAL APPLICATIONS FOR STORMWATER MANAGEMENT DESIGN AND EDUCATION,,3,10
996638241101851,ETD-Graduate,Yes,pdf,Post-harvest Evaluation of Nitrogen Fertilizer  Management in the Palouse Region,,32,8
996638241201851,ETD-Graduate,Yes,pdf,Shutter,,0,5
996638241301851,ETD-Graduate,Yes,pdf,A Three-Dimensional Heat Map Matrix for Showing Co-relationships in Network Analysis,,32,11
996638241401851,ETD-Doctoral,Yes,pdf,EXTRACTION AND SEPARATION OF RARE EARTH ELEMENTS FROM CHLORIDE MEDIA USING TETRABUTYL DIGLYCOLAMIDE IN 1-OCTANOL AND MODIFIED CARBON DIOXIDE,,12,47
996638241501851,ETD-Graduate,Yes,pdf,Micro Grid Operation With Load Shedding and Battery Control,,36,4
996638241601851,ETD-Doctoral,Yes,pdf,Measuring Health Status in Rehabilitation: Psychometric Analysis of Patient Reported Outcome Instruments,,0,7
996638241701851,ETD-Graduate,Yes,pdf,Exploring the Role of Social Assets in Refinery Implementation: Using Case Study Research to Ground-Truth CAAM,,24,2
996638241801851,ETD-Graduate,Yes,pdf,Road Safety Culture for Local Agencies in the State of Idaho,,47,3
996638241901851,ETD-Graduate,Yes,pdf,A Geographically Weighted Regression Approach to Landslide Susceptibility Modeling,,35,5
996638242001851,ETD-Graduate,Yes,pdf,Whole Grain Wheat Consumption in Young Children Can Increase Through Repeated Exposure and Use of Hard White Wheat,,1,7
996638242101851,ETD-Graduate,Yes,pdf,Modeling and Simulation of the Impacts of STATCOM Control Schemes on Distance Elements and Control Studies for a Microgrid in a Medium Sized City in the Pacific Northwest,,20,6
996638242201851,ETD-Doctoral,Yes,pdf,Regeneration of Bipolar Cells In The Adult Zebrafish Retina,,33,9
996638242301851,ETD-Graduate,Yes,pdf,Alternative Bioenergy:  Small Scale Pellet Production from Forest Residues,,45,7
996638242401851,ETD-Doctoral,Yes,pdf,Genetic and community structure of native bees of the Palouse Prairie,,30,15
996638242501851,ETD-Graduate,Yes,pdf,'The Money-Making Machines': Creating Awareness on Child labor in Ghana through Art,,27,2
996638242601851,ETD-Graduate,Yes,pdf,Reverb and Distortion,,0,5
996638242701851,ETD-Graduate,Yes,pdf,On the South Side of Gangsta's Paradise,,0,11
996638242801851,ETD-Graduate,Yes,pdf,Potato Virus Y Strains and Host Reactions in Potato,,27,8
996638242901851,ETD-Doctoral,Yes,pdf,Understanding Variability of Stream Productivity at Different Scales and Consequences for Aquatic Food Webs,,25,5
996638243001851,ETD-Doctoral,Yes,pdf,"Genetic Networks, Adaptation, and the Evolution of Genomic Islands of Divergence",,18,8
996638243101851,ETD-Doctoral,Yes,pdf,"Invasive Annual Grasses at Micro- and Macro- Scales: Endophytes, Social-Ecological Systems, and Community-Based Observing Networks",,39,3
996638243201851,ETD-Graduate,Yes,pdf,Efficacy of gray wolf (Canis lupus) rendezvous site mapping for predicting  the spatiotemporal risk of domestic cattle-wolf encounters,,19,6
996638243301851,ETD-Graduate,Yes,pdf,Online Dynamic Parameter Estimation of Synchronous Machines,,11,6
996638243401851,ETD-Doctoral,Yes,pdf,ZnO Coated Nanospring-Based Gas Sensors,,31,5
996638243501851,ETD-Doctoral,Yes,pdf,Entropy Generation for a Bypass Transitional Boundary Layer and Improved Particle Image Velocimetry Measurements Using the Particle Density Information,,34,6
996638243601851,ETD-Doctoral,Yes,pdf,Hydrologic Processes and Water Resource Management of Tropical Watersheds: An Interdisciplinary Study in Costa Rica,,19,8
996638243701851,ETD-Graduate,Yes,pdf,Vactor Elucidated: An Observation of Speciation in Interactive Virtual Environment Technologies,,35,7
996638243801851,ETD-Graduate,Yes,pdf,The Rhineland Republic: An Economic Battlefield Between France and Germany,,16,24
996638243901851,ETD-Graduate,Yes,pdf,"Say “Yes” to the Mess: The Archaeological Curation Crisis and the Canoe Camp Site near Orofino, Idaho",,16,5
996638244001851,ETD-Graduate,Yes,pdf,"Movement, Distribution, and Resource Use of Westslope Cutthroat Trout in the South Fork Clearwater River Basin",,41,6
996638244101851,ETD-Doctoral,Yes,pdf,Physical and Mechanical Metallurgy of Zirconium Alloys for Nuclear Applications: a Multi-Scale Computational Study,,21,10
996638244201851,ETD-Doctoral,Yes,pdf,Synthesis and Characterization of Nucleobase Functionalized Locked Nucleic Acids (LNAs); Chemical Modifications for therapeutic and diagnostic purposes.,,18,1
996638244301851,ETD-Doctoral,Yes,pdf,"IMPROVING ONLINE PROGRAMS AND COMMUNITY OF INQUIRY THROUGH ANALYSIS OF DISCUSSION BOARDS, INSTRUCTOR SELF-EFFICACY, AND STUDENT SATISFACTION",,19,8
996638244401851,ETD-Graduate,Yes,pdf,Alternative forages for beef cattle production in the Intermountain West,,19,5
996638244501851,ETD-Doctoral,Yes,pdf,Examining Emotional Intelligence and Perceived Leadership Practices among College Enrollment Services Administrators: A Descriptive Study,,26,9
996638244601851,ETD-Doctoral,Yes,pdf,Broad-band and High-Isolation Performance of a Lumped-Element Circulator: Theory and Experiment,,16,3
996638244701851,ETD-Doctoral,Yes,pdf,"GRAIN PACKING RESISTANCE TO PARTICLE MOBILITY AND THE INFLUENCE OF SALMON SPAWNING ON STREAM BED STABILITY, AND STORAGE AND EXHANGE OF MARINE DERIVED NUTRIENTS IN STREAM CHANNELS",,22,7
996638244801851,ETD-Doctoral,Yes,pdf,SCALING APPROACH AND THERMAL-HYDRAULIC ANALYSIS IN THE REACTOR CAVITY COOLING SYSTEM OF A HIGH TEMPERATURE GAS -COOLED REACTOR AND THERMAL-JET MIXING IN A SODIUM FAST REACTOR,,18,8
996638244901851,ETD-Graduate,Yes,pdf,"EXPLORING COMMUNITY RESILIENCY TO FLOOD DAMAGE THROUGH THE ASSESSMENT OF FLOOD MITIGATION STRATEGIES: A CASE STUDY OF RAPID CITY, SOUTH DAKOTA",,20,2
996638245001851,ETD-Graduate,Yes,pdf,Speed and Gap Control During Simulated Car Following: Effects of Displays and Following Distance,,26,5
996638245101851,ETD-Graduate,Yes,pdf,Use of a TK Solver Performance Model in the Design and Testing of a Formula Hybrid Racecar,,37,8
996638245201851,ETD-Doctoral,Yes,pdf,The Discovery and Characterization of Phenylalanine-Glycine Motifs in Nucleoporin 153 that Interact with the HIV-1 Capsid,,31,7
996638245301851,ETD-Doctoral,Yes,pdf,The Effect of Weighted-vest Sprints on Run Performance.,,47,15
996638245401851,ETD-Graduate,Yes,pdf,Seasonal and Diel Changes in Phosphorus Transport and Retention in an Intermittent Agricultural Stream,,34,14
996638245501851,ETD-Graduate,Yes,pdf,Weather This Body,,0,3
996638245601851,ETD-Graduate,Yes,pdf,Optimal agronomic conditions for spring and winter canola (Brassica napus L.) production in northern Idaho,,16,4
996638245701851,ETD-Graduate,Yes,pdf,Upper Limit on the Presence of Ring Systems Around Long-Period Kepler Giant Planet Candidate KOI-422,,37,6
996638245801851,ETD-Doctoral,Yes,pdf,"UNPRECEDENTED LEAD POISONING OUTBREAK IN ZAMFARA, NIGERIA:  A MULTIDISCIPLINARY HUMANITARIAN RESPONSE TO AN ENVIRONMENTAL PUBLIC HEALTH DISASTER IN A RESOURCE SCARCE SETTING",,5,28
996638245901851,ETD-Doctoral,Yes,pdf,"RESIDUAL FEED INTAKE IN BEEF CATTLE; IN RELATION TO BREED, SELECTION, AND BEHAVIOR",,27,6
996638246001851,ETD-Doctoral,Yes,pdf,DESIGN FOR SURVIVABILITY IN CRITICAL INFRASTRUCTURE SAFETY APPLICATIONS,,27,2
996638246101851,ETD-Graduate,Yes,pdf,Efficient Seed Generation for Expert-based Directed Fuzzing,,49,4
996638246201851,ETD-Doctoral,Yes,pdf,"Characterizing diet, Reproduction, and fish Health Parameters Important for Commercial Development of Burbot (Lota lota) aquaculture",,49,10
996638246301851,ETD-Doctoral,Yes,pdf,Investigation of Interactions Between Radiations from Dragonfly’s MMRTG and Titan’s Environment,,14,3
996638246401851,ETD-Doctoral,Yes,pdf,Molecular Biology and Biochemical Characterization of a Barley Mutant with High Mixed-Linkage Glucan Content in Grain,,29,20
996638246501851,ETD-Graduate,Yes,pdf,Increasing the Mobility of a Small Modular Molten Salt Nuclear Battery,,41,5
996638246601851,ETD-Graduate,Yes,pdf,Goian Bego: Basque Gravestone Symbol Analysis in the Intermountain West,,32,6
996638246701851,ETD-Graduate,Yes,pdf,Characterizing Antibody Escape Variants in the Respiratory Syncytial Virus Fusion Glycoprotein,,24,5
996638246801851,ETD-Graduate,Yes,pdf,Extending the Shelf-life of Beef Steaks Using Acerola Cherry Powder and Rosemary Extract in Order to Remain Competitive in the International Market,,34,16
996638246901851,ETD-Graduate,Yes,pdf,"Astonishing Splashes of Color Here and There: Suggestions of the Programmatic in Ernst Toch's Peter Pan, Op. 76",,34,1
996638247001851,ETD-Graduate,Yes,pdf,Conjugation of Unmodified Nucleic Acid Probes to Electrode Surfaces for Electrochemical Biosensors,,29,4
996638247101851,ETD-Graduate,Yes,pdf,"National Unity and Common Cause: The English Political Community, 1327-77",,36,4
996638247201851,ETD-Graduate,Yes,pdf,Groove: Early Chapters of a Novel,,0,3
996638247301851,ETD-Graduate,Yes,pdf,Methodology for Transient Stability Analysis of an Interconnected Power Grid from a Reduced Order System Model,,33,3
996638247401851,ETD-Graduate,Yes,pdf,A Novel Puncture Method for Determining Plant Stem Morphology and Lodging Resistance,,28,8
996638247501851,ETD-Graduate,Yes,pdf,Invader-mediated Targeting of Chromosomal DNA,,18,13
996638247601851,ETD-Graduate,Yes,pdf,High Level Examination of Am-241 as an Alternative Fuel Source in Radioisotope Thermoelectric Generators,,37,5
996638247701851,ETD-Graduate,Yes,pdf,Slightly Serious,,42,3
996638247801851,ETD-Graduate,Yes,pdf,A Journey of Self-Love,,31,5
996638247901851,ETD-Graduate,Yes,pdf,Aphid Pests and Aphid-Transmitted Viruses in Fall-Sown Dry Pea (Pisum sativum) in the Inland Pacific Northwest Region,,30,7
996638248001851,ETD-Graduate,Yes,pdf,Process-Structure Linkages in Materials via Deep Learning from Phase-Field Simulation Data,,29,5
996638248101851,ETD-Graduate,Yes,pdf,Monitoring Wolf Packs by Counting Litters: Sibling Reconstruction from Genetics to Genomics,,32,7
996638248201851,ETD-Graduate,Yes,pdf,Biochemical Factors Effecting The Production of Soy-Free Tofu Prepared Using Yellow Split Peas (Pisum Sativum),,0,4
996638248301851,ETD-Graduate,Yes,pdf,Effects of Precipitation Variation on Secondary Plant Succession in the  Sagebrush Steppe Ecosystem of Southern Idaho over 80 Years,,29,4
996638248401851,ETD-Graduate,Yes,pdf,Microstructure and Mechanical Properties of Friction Stir Welded Kanthal APMTTM,,22,12
996638248501851,ETD-Doctoral,Yes,pdf,MODELING TRANSIENTS AND DESIGNING A PASSIVE SAFETY SYSTEM FOR A NUCLEAR THERMAL ROCKET USING RELAP5,,0,3
996638248601851,ETD-Graduate,Yes,pdf,TURN TO TURN FAULT PROTECTION FOR AIR CORE SHUNT REACTORS,,43,38
996638248701851,ETD-Doctoral,Yes,pdf,Seismotectonics of the Northern Rockies: Causes and Effects of the Intraplate Seismicity,,12,6
996638248801851,ETD-Graduate,Yes,pdf,An Ethnography of a Social Ecological Systems Team Science Network,,37,3
996638248901851,ETD-Doctoral,Yes,pdf,Effects of environment on the evolution of variation,,0,6
996638249001851,ETD-Graduate,Yes,pdf,"Factors Influencing the Development of Rangeland Fire Protection Associations:  Exploring Fire Mitigation Programs for Rural, Resource-based Communities",,28,5
996638249101851,ETD-Graduate,Yes,pdf,Improved Forest Tree Seedling Production Guidelines for Haiti,,0,5
996638249201851,ETD-Graduate,Yes,pdf,"Factors that Influence Ghanaian Mothers' Complementary Feeding Practices and the Perceived Implications on Children's Growth, Health, and Development",,21,6
996638249301851,ETD-Doctoral,Yes,pdf,DEVELOPMENT & OPTIMIZATION OF A RULE-BASED ENERGY MANAGEMENT STRATEGY FOR FUEL ECONOMY IMPROVEMENT IN HYBRID ELECTRIC VEHICLES,,57,6
996638249401851,ETD-Graduate,Yes,pdf,Trade Policy and Productivity Analyses of Apple and Orange Juice Markets,,0,2
996638249501851,ETD-Doctoral,Yes,pdf,Building a bridge between food production and conservation: experiences from Latin America and the Caribbean,,19,5
996638249601851,ETD-Graduate,Yes,pdf,Geochemistry of the Galápagos Transform Fault,,21,8
996638249701851,ETD-Graduate,Yes,pdf,Multi-Terminal VSC-Based HVDC Systems for Offshore Wind Energy Systems Integration,,22,12
996638249801851,ETD-Graduate,Yes,pdf,Parallax Perspectives on the Industrial Novel in Victorian Fiction,,3,14
996638249901851,ETD-Graduate,Yes,pdf,Multivariate Statistical Analysis of Spectral Reflectance in Coleoptera Elytra,,21,2
996638316501851,ETD-Doctoral,Yes,pdf,Second LifeTM:  Virtual World Case Studies Exploring Self-Determination of Adults with Developmental Disability,,19,9
996638316601851,ETD-Graduate,Yes,pdf,The use of 3D Sonic Anemometer for the Study of Airflow Patterns in a Hospital Patient Room,,19,5
996638316701851,ETD-Doctoral,Yes,pdf,Developing and Validating a New Physical Activity Goal Instrument: Can the Reasons to Exercise (REX) Scale Identify Profiles that Enhance Physical Activity Behaviors?,,15,5
996638316801851,ETD-Doctoral,Yes,pdf,Optical Properties of By-Design Extreme Wide Bandgap Semiconductor,,35,13
996638316901851,ETD-Graduate,Yes,pdf,GHG EMISSIONS AND ENERGY USAGE ASSESSMENT OF PHOSPHORUS RECOVERY FROM MUNICIPAL WASTEWATER SYSTEMS UTILIZING BIOCHAR-CATALYTIC OXIDATION-REACTIVE FILTRATION,,54,8
996638317001851,ETD-Graduate,Yes,pdf,Estimation of Landscape-scale Fire Effects from Multi-temporal LiDAR,,18,4
996638317101851,ETD-Doctoral,Yes,pdf,“Establishing a Baseline Score for the King-Devick Test for Concussion”,,42,19
996638317201851,ETD-Doctoral,Yes,pdf,"Economic Valuation, Land Use Change and Ecosystem Services in the Nicoya Peninsula of Costa Rica",,3,11
996638317301851,ETD-Doctoral,Yes,pdf,Evaluating A Regional Interdependence Approach For Treating Apparent Hamstring Tightness In Collegiate Athletes: A Dissertation Of Clinical Practice Improvement,,44,4
996638317401851,ETD-Doctoral,Yes,pdf,A CONCEPTUAL FRAMEWORK FOR DEVELOPING AND IMPLEMENTING INTEGRATED WATER RESOURCES MANAGEMENT (IWRM) PROGRAMS IN THE UNITED STATES,,2,15
996638317501851,ETD-Doctoral,Yes,pdf,An Exploratory Examination of a Treatment Based Classification Algorithm Treating Tendinopathy In The Division III Collegiate Setting:: A Dissertation of Clinical Practice Improvement,,26,5
996638317601851,ETD-Graduate,Yes,pdf,A Framework for Balancing Flood Control and Demand for Irrigation in Multipurpose Reservoir Management,,18,6
996638317701851,ETD-Graduate,Yes,pdf,Short-term Resource Response to Pre-commercial Thinning Across a Range of Site Conditions in the Inland Pacific Northwest,,31,4
996638317801851,ETD-Graduate,Yes,pdf,Rural Homelessness in Northern Idaho,,2,14
996638317901851,ETD-Doctoral,Yes,pdf,Administrator Perspectives: Impacts of Alternative Special Education Teacher Certification in Idaho,,37,14
996638318001851,ETD-Graduate,Yes,pdf,Nutrition Education in the Treatment of Alcohol Abuse Disorders,,0,1
996638318101851,ETD-Doctoral,Yes,pdf,Studies on the relationships of Potato virus Y and Potato leaf roll virus with their aphid vectors in potato,,23,5
996638318201851,ETD-Graduate,Yes,pdf,Best Practices for Shallow Ground Temperature Measurements,,24,5
996638318301851,ETD-Graduate,Yes,pdf,Calibration and Development of Safety Performance Functions for Rural Highway Facilities in Idaho,,46,6
996638318401851,ETD-Doctoral,Yes,pdf,FUNCTIONAL SIGNIFICANCE OF ENDOPHYTE COMMUNITIES  FROM A CONIFER FOREST,,42,7
996638318501851,ETD-Doctoral,Yes,pdf,SURFACE CHEMISTRY OF HIERARCHICAL NANOSPRINGS FOR SENSING AND CATALYSIS,,50,6
996638318601851,ETD-Doctoral,Yes,pdf,ANAEROBIC CO-DIGESTION OF DAIRY MANURE AND POTATO WASTE,,21,7
996638318701851,ETD-Doctoral,Yes,pdf,Value added bioproducts from potato peel waste,,40,9
996638318801851,ETD-Doctoral,Yes,pdf,The Barley yellow dwarf virus-Rhopalosiphum padi pathosystem: An examination of host plant-virus-vector interactions,,36,17
996638318901851,ETD-Graduate,Yes,pdf,"In Search of Better Management Options for Potato (Solanum Tuberosum L.) Viruses: Improving Methods of Detection, and Revealing New Sources of Resistance",,28,4
996638319001851,ETD-Doctoral,Yes,pdf,Assessing cognitive workload from multiple physiological measures using wavelets and machine learning,,33,13
996638319101851,ETD-Graduate,Yes,pdf,Plastic Wastes to Value-Added Products: Life Cycle Assessment and Techno-Economic Analysis,,16,10
996638319201851,ETD-Doctoral,Yes,pdf,Enhancing the Shared Decision-Making Experience of Multiple Sclerosis Via Model-Driven Decision Support,,22,11
996638319301851,ETD-Graduate,Yes,pdf,An Empirical Analysis of the Price Variance of Agricultural Commodities before and after COVID-19 in the USA,,43,7
996638319401851,ETD-Doctoral,Yes,pdf,Improving Dynamic Frequency Stability for Low Inertia Power Systems with Inverter-Based Resources Using Virtual Inertia Emulation Techniques,,17,53
996638319501851,ETD-Graduate,Yes,pdf,Validation of a Device for High-Throughput Phenotyping of Wheat Stem Flexural Rigidity,,26,7
996638319601851,ETD-Graduate,Yes,pdf,Evaluation and Modeling of One and Multi-Point Douglas-fir Site Indices Using Machine Learning in Northern California,,71,9
996638319701851,ETD-Graduate,Yes,pdf,Perfect Animal,,0,6
996638319801851,ETD-Doctoral,Yes,pdf,Outcome-Based Management and federal rangeland administration: Reframing adaptive management on a complex institutional landscape,,44,8
996638319901851,ETD-Graduate,Yes,pdf,Levina Teerlinc: A Social Analysis of a Tudor Court Artist from 1546 to 1576,,28,10
996638320001851,ETD-Graduate,Yes,pdf,RAS Ratio Impacts to Biological Phosphorus Removal and Secondary Clarifier Denitrification,,20,15
996638320101851,ETD-Graduate,Yes,pdf,Competing Vegetation in Northern Idaho Conifer Plantations:  Douglas-fir and Western Larch Growth Responses to Release,,32,5
996638320201851,ETD-Doctoral,Yes,pdf,Centering Indigeneity of 21st Century Shoshone - Bannock & Oglala Lakota Worldviews Through Science & Policy,,50,9
996638320301851,ETD-Doctoral,Yes,pdf,AN INTEGRATED FRAMEWORK FOR ANDROID BASED MOBILE DEVICE MALWARE FORENSICS,,12,18
996638320401851,ETD-Doctoral,Yes,pdf,Exploring Local Responses to Wildfire Risk in Rural Areas: Residents’ Mitigation Influences and Coordination with Fire Service Organizations,,48,48
996638320501851,ETD-Doctoral,Yes,pdf,Community and Reciprocity in Conservation Aquaculture of Pacific Lamprey and Western Freshwater Mussels: Species of Importance to Native American Tribes of the Columbia River Basin,,38,23
996638320601851,ETD-Graduate,Yes,pdf,"Design, Modeling and Analysis of a New Power Swing Protection Scheme for Wind Integrated Systems",,40,4
996638320701851,ETD-Graduate,Yes,pdf,An Analogy Between Wisdom and Dead Foliage,,35,5
996638320801851,ETD-Graduate,Yes,pdf,"Soil Disturbance Recovery After Timber Harvests on the Malheur National Forest, Oregon",,28,3
996638320901851,ETD-Graduate,Yes,pdf,Nematode Defenses: Characterization of the Superoxide Dismutase (SOD) from the Potato Cyst Nematode Globodera pallida,,57,5
996638321001851,ETD-Graduate,Yes,pdf,Protection Scheme of an Integrated Photovoltaic and Type 3 Wind Turbines System,,20,7
996638321101851,ETD-Graduate,Yes,pdf,Low-Income Household Livelihood Strategies: Food Stamp Access and Private Aid Usage,,27,3
996638321201851,ETD-Graduate,Yes,pdf,Sweat Lodge on Campus: Examining Barriers of Communication of a Project between Native Students and the University of Idaho,,2,13
996638321301851,ETD-Graduate,Yes,pdf,Considering Regional Aquifer Effects of Seepage Losses from the Aberdeen-Springfield Canal While Measuring the System Under Maximum Demand Conditions,,20,3
996638321401851,ETD-Graduate,Yes,pdf,"Distribution and Movement of Steelhead and Anglers in the Clearwater River, Idaho",,31,8
996638321501851,ETD-Graduate,Yes,pdf,Degradation of Mechanical Properties of U-Mo Alloy from the Un-irradiated to Irradiated State,,0,7
996638321601851,ETD-Graduate,Yes,pdf,Effect of Sperm Insemination Dose on Fertility and Use of in vitro Sperm Analyses to Explain Fertility Differences of Angus Sires in Brazilian Beef Cattle,,38,4
996638321701851,ETD-Graduate,Yes,pdf,Two Roads Converge: Exercises in Discretion in a Virtual Environment,,30,6
996638321801851,ETD-Doctoral,Yes,pdf,Enhancing the Performance of Web Application Security Testing: An In-Depth Analysis and Optimization of Web Vulnerability Scanners,,5,13
996638321901851,ETD-Graduate,Yes,pdf,Valley and bedform-scale ground and surface water interaction and its potential for thermal refuge in a restored reach,,33,3
996638322001851,ETD-Graduate,Yes,pdf,"An Analysis of Short Channel effects in Gate All Around FET devices, a TCAD simulation",,49,51
996638322101851,ETD-Doctoral,Yes,pdf,White Feminists and Antiracism in Higher Education: “A Journey of Learning and Unlearning and Relearning”,,77,31
996638322201851,ETD-Graduate,Yes,pdf,Creep Fatigue Crack Growth and Creep Crack Growth Behavior of P92 at Elevated Temperature,,41,22
996638322301851,ETD-Doctoral,Yes,pdf,CTE ONLINE: AN INVESTIGATION OF THE NIMM PROGRAM IN NORTH CENTRAL IDAHO AND SOUTHEAST WASHINGTON,,20,4
996638322401851,ETD-Graduate,Yes,pdf,An Analysis Of A Dump Heat Exchanger For The Versatile Test Reactor’s Secondary Loop,,37,8
996638322501851,ETD-Graduate,Yes,pdf,Context-Dependent Effects of Nutrition and Dam Behavior on Neonatal Survival in a Long-Lived Herbivore,,20,6
996638322601851,ETD-Graduate,Yes,pdf,Smelter,,0,5
996638322701851,ETD-Doctoral,Yes,pdf,Incorporation of Controlled Delivery of Proteins with Biocompatible Polyampholyte Polymers as a Tissue Engineering Platform,,41,8
996638322801851,ETD-Doctoral,Yes,pdf,OPPORTUNITES FOR ADDING VALUE AND INCREASING CONSISTENCY OF BEEF,,37,8
996638322901851,ETD-Doctoral,Yes,pdf,Investigation of Metalloid Additives for Nuclear Metal Fuels to Mitigate Neodymium Interactions with the Cladding Alloy HT9,,24,9
996638323001851,ETD-Graduate,Yes,pdf,A Survey of Carbon to Nitrogen Ratio in Primary Cereal Crops in Idaho and Decomposition Rates of Those Residues in situ,,19,5
996638323101851,ETD-Graduate,Yes,pdf,Restoration Strategies for Propagation of Camassia quamash on the Weippe Prairie,,17,7
996638323201851,ETD-Doctoral,Yes,pdf,Vertex-Disjoint Large Cycles,,13,22
996638323301851,ETD-Graduate,Yes,pdf,INCREASING WEED-MANAGEMENT TOOLS WITH AN HERBICIDE SAFENER FOR CONTROL OF ANNUAL GRASSES IN WHEAT,,25,12
996638323401851,ETD-Graduate,Yes,pdf,Synthesis of Biofuel: Strategies for Upgrading Bio-oil,,48,8
996638323501851,ETD-Graduate,Yes,pdf,Methods for Improving Re-Vegetation Success in the Sagebrush Steppe using Solid Matrix Priming and Seed Extrusion Technology,,11,3
996638323601851,ETD-Graduate,Yes,pdf,Characterizing and Ranking the Importance of Fire Refugia in the Northwestern US,,0,3
996638323701851,ETD-Graduate,Yes,pdf,"Life History Characteristics, Distribution, and Habitat Use of Westslope Cutthroat Trout in the St. Maries River Basin, Idaho",,26,6
996638323801851,ETD-Graduate,Yes,pdf,Simulation of Post-fire Watershed Hydrology and Erosion Responses with the Physically-based WEPP Model,,33,3
996638323901851,ETD-Doctoral,Yes,pdf,Pseudo-Graphite from the University of Idaho Thermolyzed Asphalt Reaction (GUITAR): Fundamental Characterizations and its potential in electrochemical Applications,,0,4
996638324001851,ETD-Graduate,Yes,pdf,"Population Characteristics, Movement Dynamics, and Management of Nonnative Burbot in the Green River System, Wyoming",,44,12
996638324101851,ETD-Doctoral,Yes,pdf,Horses and Grazing on the Navajo Indian Reservation,,23,12
996638324201851,ETD-Graduate,Yes,pdf,Managing the St. Anthony Sand Dunes: Rural Resident Support for Off-road Vehicle Recreation Development,,27,2
996638324301851,ETD-Graduate,Yes,pdf,Subsurface Phosphorus Transport through a no-till Field in the Semiarid Palouse Region,,31,5
996638324401851,ETD-Graduate,Yes,pdf,On the Passivity Characterization and Enforcement of Signal Power Integrity Models,,39,5
996638324501851,ETD-Graduate,Yes,pdf,"Design, Modeling and Analysis of a New Protection Scheme for Type 4 Wind Turbines",,40,2
996638324601851,ETD-Graduate,Yes,pdf,APPLYING AN ECONOMIC BASE ANALYSIS TO COUNTIES IN THE ROCKY MOUNTAIN WEST: FINDING A TYPOLOGY AND ILLUMINATING SOCIOECONOMIC PATTERNS,,30,7
996638324701851,ETD-Graduate,Yes,pdf,A Comparative Analysis of Two Early Fur Trade Period Sites on the Lower Columbia River of Oregon and Washington,,1,8
996638324801851,ETD-Doctoral,Yes,pdf,"PETROLOGICAL AND GEOPHYSICAL INVESTIGATIONS OF MAFIC ROCK PROPERTIES IN THE SNAKE RIVER PLAIN, IN THE MOSCOW-PULLMAN AQUIFER, AND IN LUNAR IMPACT CRATERS",,22,1
996638324901851,ETD-Graduate,Yes,pdf,Overlapping Soft Comparators for High-Speed and Accurate ADCs,,27,2
996638325001851,ETD-Graduate,Yes,pdf,Erin Go Bragh: How Irish Independence Shaped the Modern World and the Legacy of the 1916 Easter Uprising,,37,18
996638325101851,ETD-Doctoral,Yes,pdf,An Alternative Approach to Athletic Injuries and Shift in Clinical Practice Philosophy: A Dissertation of Clinical Practice Improvement,,31,7
996638325201851,ETD-Doctoral,Yes,pdf,RADIOISOTOPE FUELED PULSED POWER GENERATION SYSTEM FOR PROPULSION AND ELECTRICAL POWER FOR DEEP SPACE MISSIONS,,26,19
996638325301851,ETD-Graduate,Yes,pdf,The Effects of Repeated Bouts of Fatigue on Peak Ground Reaction Forces and Kinematics during Drop Landings in Recreational Athletes,,16,3
996638325401851,ETD-Doctoral,Yes,pdf,Modeling the dynamics of phenotypic diversity across deep time,,16,18
996638325501851,ETD-Graduate,Yes,pdf,UPGRADING OF PYROLYSIS BIO-OIL TO RENEWABLE FUELS BY HYDRODEOXYGENATION,,32,11
996638325601851,ETD-Graduate,Yes,pdf,"Ni on Ce:Mg Oxides (9:1) as Catalyst for the Selective Catalytic Thermochemical Conversion of Glycerol to 1,2 Propanediol and Ethanol",,0,4
996638325701851,ETD-Graduate,Yes,pdf,Comparing Visual and Cognitive Perceptions of Rural Character in Small Towns and Unincorporated Settlements,,21,9
996638325801851,ETD-Doctoral,Yes,pdf,Student Use of Example Generation to Understand Novel Mathematical Concepts: A Teaching Experiment in a First-Semester Calculus Course,,14,6
996638325901851,ETD-Graduate,Yes,pdf,Operational Influences Affecting Sawlog Weight and Volume Relationships in the Intermountain West,,34,3
996638326001851,ETD-Doctoral,Yes,pdf,PHYSIOLOGICAL AND ENERGETIC CONSTRAINTS OF ITEROPARITY IN STEELHEAD TROUT (ONCORHYNCHUS MYKISS),,29,5
996638326101851,ETD-Doctoral,Yes,pdf,Development and application of free-fall fast pyrolysis technology to produce valorized bioproducts from lignocellulosic materials,,47,4
996638326201851,ETD-Doctoral,Yes,pdf,How Access to Definitions Influences the Representations and Conceptual Insights Used in Student Arguments,,58,2
996638326301851,ETD-Graduate,Yes,pdf,Identifying Alternative Beef Cuts Suitable for Use as Beef Finger Steaks,,20,14
996638326401851,ETD-Graduate,Yes,pdf,Estimating the Effects of Rising International Corn Production and Trade on the US and Global Corn Market,,38,6
996638326501851,ETD-Graduate,Yes,pdf,"Solving the Alhazen-Ptolemy Problem, Compiling Cassini-VIMS Titan Data, and Modernizing Orbital Integration",,50,7
996638326601851,ETD-Doctoral,Yes,pdf,"Nanocrystallinity, Grain Boundaries, and Functionalization: New Perspectives on the Structure and Application of GUITAR",,39,6
996638326701851,ETD-Graduate,Yes,pdf,Use of Systemic Antibiotics With or Without Topical Nasal Treatments to Clear Mycoplasma ovipneumoniae From Lambs,,20,6
996638326801851,ETD-Doctoral,Yes,pdf,Ecological factors Driving Aspen (Populus tremuloides Michx.) Stand Stability in a Semi-Arid Montane Region of the Intermountain West,,24,6
996638326901851,ETD-Graduate,Yes,pdf,Assessing the Performance and Stability of Intensified and Diversified Dryland Cropping Strategies in the Inland Pacific Northwest with the CropSyst Model,,20,7
996638327001851,ETD-Graduate,Yes,pdf,Forms of Meditation and Discovery,,37,2
996638327101851,ETD-Graduate,Yes,pdf,Accelerated Convergence of Gradient Descent Using Adaptive Parameters,,41,7
996638327201851,ETD-Graduate,Yes,pdf,Accounting for Measurement Error in Covariates in the Context of ANCOVA Using Maximum Likelihood Estimation,,22,13
996638327301851,ETD-Graduate,Yes,pdf,Grizzly Bears and Their Management in the Western Bitterroot Ecosystem,,40,9
996638327401851,ETD-Graduate,Yes,pdf,Simultaneous Frequency and Voltage Regulation with Static VAR Compensation,,45,2
996638327501851,ETD-Doctoral,Yes,pdf,Anti-Inflammation and Antiphagocytosis of Viral Vector Functionalized with Biomimetic Proteins,,31,9
996638327601851,ETD-Graduate,Yes,pdf,Sunk Cost Effects of Time and Effort: Enjoyment of Effort as a Moderator,,28,7
996638327701851,ETD-Graduate,Yes,pdf,Engineering-based Quantification of Cerebrospinal Fluid Dynamics and Central Nervous System Tissue Dynamic Motion Using Non-invasive Magnetic Resonance Imaging in Type I Chiari Malformation,,41,11
996638327801851,ETD-Doctoral,Yes,pdf,Comparative Phylogeography and Community Ecology Reveal Evolutionary Processes That Contribute to Ecosystem Structure Through Time,,11,8
996638327901851,ETD-Graduate,Yes,pdf,Invader Probe Targeting of Chromosomal DNA,,18,6
996638328001851,ETD-Graduate,Yes,pdf,"Self-Reported Total Vegetable Intake, but not Fruit, is Associated with Higher Cognitive Test Scores Among University Students",,16,2
996638328101851,ETD-Doctoral,Yes,pdf,Using Molecular Modeling to Determine Protein Stabilities and Energies,,25,13
996638328201851,ETD-Doctoral,Yes,pdf,"Impacts of Authentic Science Experiences for Underserved Youth: Design, Research, and Evaluation of an Upward Bound Watershed Science Summer Course",,26,8
996638328301851,ETD-Graduate,Yes,pdf,A Cost Analysis on the use of Solanum Sisymbriifolium as a Trap Crop for Globodera Pallida,,48,16
996638328401851,ETD-Graduate,Yes,pdf,An Examination of Factors Related to Parental Involvement in Youth Extension Programs,,38,7
996638328501851,ETD-Doctoral,Yes,pdf,CMOS Image Sensors and Algorithms for Traffic Detection Applications,,3,2
996638328601851,ETD-Graduate,Yes,pdf,The Elephants of Gorongosa: an Integrated Approach to Conservation and Conflict Mitigation in the Shadow of the War,,19,5
996638328701851,ETD-Doctoral,Yes,pdf,"Sensitivity of Past, Present, and Future Fire Regimes to Climate and Vegetation Variability in Boreal Forest and Tundra Ecosystems",,0,13
996638328801851,ETD-Graduate,Yes,pdf,Earthworm Influences on Nutrient Cycling and Availability in Agroecosystems in the Inland Pacific Northwest,,3,8
996638328901851,ETD-Graduate,Yes,pdf,Litter Decomposition Under Logging Residues in a Thinned Inland Northwest Forest,,22,6
996638329001851,ETD-Graduate,Yes,pdf,Capture of Radioactive Iodine and Krypton from Nuclear Off-Gas Streams with a Novel Sorbent,,41,3
996638329101851,ETD-Doctoral,Yes,pdf,The Crystal Structure of Olivine and the Effect of Crystal Orientation on X-ray Absorption Spectroscopy,,23,16
996638329201851,ETD-Graduate,Yes,pdf,Climate and Water Availability Contribute to Die-Off Patterns in an Endemic California Oak,,0,4
996638329301851,ETD-Graduate,Yes,pdf,“Seeing is Believing”: American Male Identity through Hollywood’s WWI,,34,5
996638329401851,ETD-Graduate,Yes,pdf,dark acre,,0,2
996638329501851,ETD-Doctoral,Yes,pdf,Polarization Amongst the American Public,,0,14
996638329601851,ETD-Graduate,Yes,pdf,"Climate impacts on county-level interannual variability in winter wheat yield in the Columbia Basin, USA",,31,4
996638329701851,ETD-Doctoral,Yes,pdf,URSIDAE LOCOMOTION: RIGHT DOWN TO THE “BEAR BONES”,,14,7
996638329801851,ETD-Graduate,Yes,pdf,Protection Studies of Geographically Dispersed Type 3 Wind Energy Systems,,24,7
996638329901851,ETD-Graduate,Yes,pdf,A Collection of Guitar-Centric Compositions for Large Jazz Ensemble,,49,8
996638330001851,ETD-Graduate,Yes,pdf,"Romancing the Debitage: The Lithic Debitage and Projectile Points at Bernard Creek Rockshelter, Idaho County,  Idaho",,7,13
996638330101851,ETD-Graduate,Yes,pdf,Latitudinal controls on topography: the role of precipitation and fluvial erosion,,12,4
996638330201851,ETD-Doctoral,Yes,pdf,Consequences of Global Change on Terrestrial Ecosystems: Integration and Scaling of Increased UV-B Radiation Effects on Ecological Processes from Molecular to Community Interactions,,0,10
996638330301851,ETD-Doctoral,Yes,pdf,"Ecological relationships of black-footed ferrets, American badgers, and black-tailed prairie dogs in South Dakota",,16,10
996638330401851,ETD-Graduate,Yes,pdf,"Yellowstone River Hydrograph Trends, Water Rights and Usage",,28,3
996638330501851,ETD-Graduate,Yes,pdf,Adopting an Orphaned Archaeological Collection: Walla Walla Washington's Hussey Collection,,22,6
996638330601851,ETD-Doctoral,Yes,pdf,Endocrine Intersections of Growth and Reproduction in Oncorhynchus mykiss,,1,7
996638330701851,ETD-Doctoral,Yes,pdf,ULTRA-HIGH FREQUENCY INDUCTION ENERGY EFFECTS ON REFRACTORY OXIDES AS APPLIED TO PROCESSING AND IMMOBILIZATION OF RADIOACTIVE WASTE,,20,12
996638330801851,ETD-Doctoral,Yes,pdf,"Pennsylvanian Conodont Biostratigraphy of the Snaky Canyon Formation, East-Central Idaho",,2,2
996638330901851,ETD-Graduate,Yes,pdf,Herbage Accumulation and Quality of Alfalfa-Grass Intercropping Systems in Response to Two Irrigation Regimes,,39,8
996638331001851,ETD-Graduate,Yes,pdf,Where the Fuck Is the North Star?,,0,8
996638331101851,ETD-Doctoral,Yes,pdf,Investigating the Mechanisms and Drivers of Change in the Governance of National Forests: Agents and action in the US Forest Service,,45,13
996638331201851,ETD-Doctoral,Yes,pdf,Beyond Sage-Grouse: Effects of Conifer Expansion and Removal on Fauna in the Sagebrush Steppe,,19,10
996638331301851,ETD-Graduate,Yes,pdf,A Man Says Wilderness,,51,6
996638331401851,ETD-Doctoral,Yes,pdf,"The Big Data Lifecycle in Open Ecoinformatics: Curation, Analysis, and Sharing",,45,8
996638331501851,ETD-Doctoral,Yes,pdf,"It’s About Time: A Sociolegal Approach to Intergenerational Climate Justice in the United States, with Developments in Environmental Justice Scholarship, Climate Change Litigation, and Climate Adaptation Law",,44,9
996638331601851,ETD-Doctoral,Yes,pdf,Resource Constrained Adaptive Evolution of Mollusc Shell Form,,19,27
996638331701851,ETD-Doctoral,Yes,pdf,Deformation Mechanisms and Weldability in High Entropy Alloys,,26,9
996638331801851,ETD-Doctoral,Yes,pdf,"Characterization of field isolates of the tuber necrotic strain of Potato virus Y (PVY), PVYNTN, and a search for new sources of resistance to PVY in potato",,38,7
996638331901851,ETD-Graduate,Yes,pdf,Comparison of X-Ray Fluorescence (XRF) and Lumex Results for Environmental Assessment at Mercury Site in Kyrgyzstan,,21,17
996638332001851,ETD-Graduate,Yes,pdf,"Off Ramp of the Pleistocene: A Review of the Taxonomy, Osteology, and Biogeographic Distribution of Late Pleistocene Mammoths of Idaho",,30,6
996638332101851,ETD-Doctoral,Yes,pdf,Investigation in the Pyrolysis of Corrugated Cardboard and Waxed Cardboard into Fuels and Products,,46,27
996638332201851,ETD-Graduate,Yes,pdf,Dynamic Adsorption Studies of Organic Iodine Species on Mordenites,,40,6
996638332301851,ETD-Doctoral,Yes,pdf,"Destination Gold: An Exploratory Study of Olympic Champions and Their Use of Goals, Goal Attributes, and Goal Setting Strategies in Pursuit of Excellence",,38,21
996638332401851,ETD-Graduate,Yes,pdf,APPLICATION OF YELLOW PEA (PISUM SATIVUM) FLOUR INTO BAKED GOODS,,20,6
996638332501851,ETD-Graduate,Yes,pdf,Nutrition Intake and Child Feeding Styles Among Latino Farmworkers in Southern Idaho to Childhood Obesity,,40,8
996638332601851,ETD-Graduate,Yes,pdf,"Understanding the Role of Electrical Stimulation on Free Calcium Concentration, Activation  of Calpain, and Final Product Tenderness of Beef",,37,4
996638332701851,ETD-Graduate,Yes,pdf,Evaluating swimming behavior and performance of upstream migrating Pacific lamprey using experimental flumes and accelerometer biotelemetry,,33,2
996638332801851,ETD-Graduate,Yes,pdf,Modulating glycemic response through the inhibition function of potato peels on starch digestive enzymes,,13,3
996638332901851,ETD-Graduate,Yes,pdf,Comparative Study of Mg and Mg-RE Alloys for Battery Application,,35,6
996638333001851,ETD-Doctoral,Yes,pdf,Understanding Dangerous Work: Implications for Pesticide Applicator Education In Idaho,,28,11
996638333101851,ETD-Graduate,Yes,pdf,Habitat Specialists as Conservation Umbrellas:  Do Areas Managed for Greater Sage-grouse Protect Pygmy Rabbits?,,37,9
996638333201851,ETD-Doctoral,Yes,pdf,HARNESSING MESENCHYMAL STEM CELLS AND CD200 TO FABRICATE IMMUNE-EVADING BIOMATERIALS FOR THERAPEUTIC APPLICATIONS,,34,3
996638333301851,ETD-Graduate,Yes,pdf,"Coeur d’Alene Lake Relationships: An Interdisciplinary Study of How Two Communities’ Relationships with a Lake Drive Larger Policy Decisions, Disputes and what those Relationships Tell Us about the Proposition of Collaboration",,8,10
996638333401851,ETD-Graduate,Yes,pdf,Resource Subsidies from Spawning Pacific Lamprey: Spatial Dynamics of Carcass Fate and Entry into Stream Food Webs,,36,6
996638333501851,ETD-Doctoral,Yes,pdf,Coordination Chemistry of Vanadium(IV) and Vanadium(V) with Amidoxime Ligands and its Role in Sequestering Uranium from Seawater,,20,7
996638333601851,ETD-Graduate,Yes,pdf,Crow Archaeology and Oral History: The Illustrative Story of Arrow Shot into Rock and the Little People of the Pryor Mountains,,25,85
996638333701851,ETD-Graduate,Yes,pdf,Hierachical Formal Modeling and Verication of Router Policies with an Applied Case Study to Cisco Router Congurations,,30,2
996638333801851,ETD-Doctoral,Yes,pdf,SYSTEMATIC CONSERVATION PLANNING FOR ECOSYSTEM SERVICES: OPPORTUNITIES FOR IMPROVING SPATIAL TARGETING OF ECOSYSTEM SERVICE PAYMENTS IN COSTA RICA,,17,5
996638333901851,ETD-Graduate,Yes,pdf,Integrated Economic Dispatch and Demand Response Model for Grid-Game Simulation that Incorporates Electric Vehicle Charging Loads and Renewable Generation,,28,3
996638334001851,ETD-Doctoral,Yes,pdf,On Validating Well Typed Programs Written in the Weakly Typed Programming Language C,,24,12
996638334101851,ETD-Graduate,Yes,pdf,ANALYSIS OF TRANSIENTS AND CONTROL OF ADVANCED HIGH TEMPERATURE REACTOR-COUPLED HEAT EXCHANGERS SYSTEM,,19,3
996638334201851,ETD-Graduate,Yes,pdf,"Interaction among energy status, Immune status, retinol-binding protein and retinoids status in periparturient dairy cows",,16,5
996638334301851,ETD-Graduate,Yes,pdf,Polyoxometalate Cores in Hybrid Nano-Building  Blocks for Extreme Ultra-Violet Photoresists,,20,10
996638334401851,ETD-Graduate,Yes,pdf,Coprecipitation Synthesis of Superplastic 3 Mole % Yttria - Stabilized Tetragonal Zirconia Polycrystalline/Magnesium Aluminate Spinel Nanocomposite,,33,0
996638334501851,ETD-Doctoral,Yes,pdf,Factors that Motivate Nontraditional Learners with Dyslexia to Pursue Second Degrees,,29,4
996638334601851,ETD-Graduate,Yes,pdf,"Development, Theory and Design of the Image Motor for Automotive Applications",,23,23
996638334701851,ETD-Graduate,Yes,pdf,Day Hikers in Yosemite Wilderness: Understanding Travel Patterns and Trail Choice Decision Making,,13,4
996638334801851,ETD-Doctoral,Yes,pdf,Geospatial Analysis and Seasonal Changes in Water-Equivalent Hydrogen in Eastern Equatorial Mars,,30,0
996638334901851,ETD-Graduate,Yes,pdf,Bayesian Methods for Interpreting Risk of Invasive Species Occurrence,,0,6
996638335001851,ETD-Doctoral,Yes,pdf,Characterization of Primary Murine Alveolar Epithelial Cells and their Responses to Respiratory Viral Infections,,34,4
996638335101851,ETD-Graduate,Yes,pdf,Eco-Animation: Expanding the World of Environmental Animation,,43,60
996638335201851,ETD-Graduate,Yes,pdf,You Take My Paw and I'll Take Your Hand: An Exploration of the Furry Community,,7,8
996638335301851,ETD-Graduate,Yes,pdf,"PACIFIC LAMPREY PASSAGE STRUCTURES AT BONNEVILLE DAM: DESIGN GUIDELINES AND CATALOG OF QUALITATIVE HYDRAULIC CONDITIONS, HYDRAULIC MODELING, AND INTEGRATING DIVERSE INFORMATION SOURCES WITH 3D VISUAL MODELS TO CREATE A FISH PASSAGE WIKI",,26,9
996638335401851,ETD-Doctoral,Yes,pdf,CHARACTERIZATION OF PERFORMANCE AND PHYSIOLOGICAL DRIVERS CONTRIBUTING TO VARIATION IN FEED EFFICIENCY OF RED ANGUS-SIRED CATTLE,,20,7
996638335501851,ETD-Doctoral,Yes,pdf,Characterizing the influence of soil bulk density and climate factors on wood quality in Douglas-fir trees,,17,7
996638335601851,ETD-Doctoral,Yes,pdf,Characterizing Gastrointestinal Nematode Infection in Dorper and Rambouillet Sheep Through Genetic Analyses,,19,11
996638335701851,ETD-Graduate,Yes,pdf,Effects of Livestock Grazing and Habitat on Predator-Specific Nest Mortality and Spatiotemporal Activity Patterns of Sage-Grouse Nest Predators,,46,6
996638335801851,ETD-Graduate,Yes,pdf,Effect of Weather Disturbances on Spring and Winter Wheat Price Spread,,35,1
996638335901851,ETD-Doctoral,Yes,pdf,"Optical Phonon, Photoluminescence, and Thermal Response Properties in Ultra-wide Bandgap β−Phase Gallium Oxide Semiconductor Thin Films",,6,10
996638336001851,ETD-Graduate,Yes,pdf,Development of Advanced Coating Technologies using Powder-blown Directed Energy Deposition (DED) Additive Manufacturing for Advanced Nuclear Reactor Applications,,23,4
996638336101851,ETD-Graduate,Yes,pdf,The effect of different retting methods on hop (H. lupulus) fiber quality for small-scale textile production.,,45,51
996638336201851,ETD-Doctoral,Yes,pdf,Techniques for Enhancing Compiler Error Messages,,28,11
996638336301851,ETD-Graduate,Yes,pdf,"Differing Sources: Comparing the Historical and Archaeological Data of Fort Hoskins, and Fort Yamhill",,41,6
996638336401851,ETD-Graduate,Yes,pdf,Use of hyperspectral remote sensing to predict forest soil phosphorus and wildfire ash metal content,,31,24
996638336501851,ETD-Doctoral,Yes,pdf,DIETARY MANIPULATION OF FATTY ACID BIOSYNTHESIS AND METABOLISM TO IMPROVE FISH PERFORMANCE AND FILLET CONTENT WITH AN EMPHASIS ON OMEGA-3 LC-PUFA AND ARACHIDONIC ACID WHEN FEEDING HIGH PLANT OIL FEEDS,,26,20
996638336601851,ETD-Graduate,Yes,pdf,Modeling Natural Convection Through RELAP5-3D,,33,2
996638336701851,ETD-Graduate,Yes,pdf,Three Essays on Risk Analysis in Agri-Food Supply Chains,,47,7
996638336801851,ETD-Doctoral,Yes,pdf,The Politics of Exclusion: Joining Multiple Streams Framework (MSF) and Social Construction Policy Design (SCPD) to Examine U.S. Immigration Policy,,39,8
996638336901851,ETD-Graduate,Yes,pdf,Exploring the Effects of Vegetation and Vegetation-Induced Topography on the Distributions of Near-Bed Flow Parameters,,39,4
996638337001851,ETD-Doctoral,Yes,pdf,Assessing spatial and temporal impacts of forest management on water quality,,54,4
996638337101851,ETD-Doctoral,Yes,pdf,Survey Development Examining the Association of Socialization and Physical Educator CSPAP Involvement,,19,3
996638337201851,ETD-Doctoral,Yes,pdf,"Becoming America’s Captives, Living Varied Identities: Experiences of European Prisoners of War in the High Plains During World War II",,19,10
996638337301851,ETD-Graduate,Yes,pdf,Creep Fatigue Crack Growth Behavior of Wrought and Additive Manufactured IN718 at Elevated Temperature,,39,5
996638337401851,ETD-Doctoral,Yes,pdf,Culturally Responsive/Relevant Professional Development: Impacts on Pre-service and In-service Educator Perceptions and Practice,,37,12
996638337501851,ETD-Graduate,Yes,pdf,Analytical and Numerical Modeling of Solid-Liquid Phase Change Driven by Internal Heat Generation in Cylindrical Coordinates,,28,7
996638337601851,ETD-Graduate,Yes,pdf,Globodera pallida Control Using Brassica juncea Seed Meal Extract and the Trap Crop Solanum sisymbriifolium,,22,3
996638337701851,ETD-Graduate,Yes,pdf,Demonstration of the Feasibility of an Acoustic Flow Meter Utilizing Edge Tone Phenomena,,35,3
996638337801851,ETD-Graduate,Yes,pdf,Survey of Microbiota on commercially available Dry-Aged Beef,,22,7
996638337901851,ETD-Doctoral,Yes,pdf,Electrochemical Behavior of Tellurium and Rhenium in LiCl-KCl Eutectic and LiClKCl-Li2O Molten Salt,,22,22
996638338001851,ETD-Graduate,Yes,pdf,Understanding the Liminal Space between Science and Archaeology: pXRF in Historical Archaeology,,39,43
996638338101851,ETD-Doctoral,Yes,pdf,"Species-Specific, Site-Sensitive Stand Carrying Capacity Models and Future Climate Forecasting for Pacific Northwest Conifer Forests",,48,52
996638338201851,ETD-Doctoral,Yes,pdf,Volatile Pheromones and Community Structure of the Cerambycidae (Insecta: Coleoptera) in Western Idaho,,23,3
996638338301851,ETD-Graduate,Yes,pdf,Estimating Silvicultural Treatment Response Utilizing a Six Meter Height-Intercept Approach,,53,4
996638338401851,ETD-Graduate,Yes,pdf,Identification and Control of Industrial Gas Fired Heat Treatment Batch Furnaces,,16,3
996638338501851,ETD-Doctoral,Yes,pdf,Assessing the Ecophysiological and Environmental Drivers of Chlorophyll Fluorescence in Boreal Ecosystems Toward Understanding Photosynthetic Function,,20,11
996638338601851,ETD-Graduate,Yes,pdf,Microreactor AGile Non-nuclear Experimental Testbed Aspen HYSYS Analysis,,51,22
996638338701851,ETD-Graduate,Yes,pdf,Electrophysiological Characterization of Mesenchymal Stem Cells Differentiating into Tenocytes via Dielectrophoresis,,26,4
996638338801851,ETD-Graduate,Yes,pdf,"Crystallinity and Albedo: In-situ VNIR Analysis of Glassy lava flow Surfaces at Jordan Craters, OR",,30,7
996638338901851,ETD-Graduate,Yes,pdf,Restaurant online reviews and their manipulations,,28,4
996638339001851,ETD-Doctoral,Yes,pdf,"Perceptions of Secondary Administrators on the Theory, Implementation and Outcome of Restorative Practices",,16,3
996638339101851,ETD-Graduate,Yes,pdf,A Model and Device for High Throughput Measurements of Stem Flexural Stiffness in Grains,,21,8
996638339201851,ETD-Graduate,Yes,pdf,"Diffusion Mechanisms, Measurements, and Models with Applications in Bioremediation of Trichloroethylene and Breakdown Products",,16,5
996638339301851,ETD-Graduate,Yes,pdf,Cultural Resources and Wildland Fire Management: An Investigation into the Operational Effects of Prescribed Burning to a Simulated Archaeological Record,,42,24
996638339401851,ETD-Graduate,Yes,pdf,A Predictive Metabolic Model for Polyhydroxyalkanoate Production by a Mixed Microbial Consortium cultured under Aerobic Dynamic Feeding Conditions and fed Dairy Manure Fermenter Liquor,,21,4
996638339501851,ETD-Doctoral,Yes,pdf,"A THEORETICAL FRAMEWORK FOR SOCIAL CAPITAL ASSESSMENT FOR SHORT-AND LONG-TERM POST-DISASTER RECOVERY: A CASE STUDY OF MANATEE COUNTY, FLORIDA",,21,6
996638339601851,ETD-Graduate,Yes,pdf,Video Speed and Interruptions in an Online Learning Environment,,35,3
996638339701851,ETD-Graduate,Yes,pdf,Quantification of Fuel Loads after Woody Vegetation Reduction Treatments in Pinyon-Juniper Woodlands and Sagebrush Steppe,,21,4
996638339801851,ETD-Graduate,Yes,pdf,Gravity Compensation of an Exoskeleton Joint Using Constant-Force Springs,,21,10
996638339901851,ETD-Graduate,Yes,pdf,Evaluation of Impurities and Oxidation on the Propensity for Spontaneous Combustion of Oil and Biodiesel,,34,7
996638340001851,ETD-Doctoral,Yes,pdf,Forest Ecosystem and Avian Niche Modeling: Improving Climate Change Forest Modeling via Interdisciplinary Model Linking,,40,6
996638340101851,ETD-Graduate,Yes,pdf,Assessing fuel treatment effectiveness during wildfires under future climate conditions in southern California,,17,8
996638340201851,ETD-Doctoral,Yes,pdf,Operation Return to Duty: Developing and Validating an Instrument to Assess Soldiers’ Mental Readiness to Resume their Duties Following Injury Rehabilitation,,27,9
996638340301851,ETD-Graduate,Yes,pdf,Seed Potato Certification and Potato Virus Y: An Economic Assessment,,40,18
996638340401851,ETD-Graduate,Yes,pdf,Solid-State Joining of Molybdenum Based Materials via Pressure Resistance Welding,,30,1
996638340501851,ETD-Graduate,Yes,pdf,Electrodeposition of Neodymium in the Room Temperature Ionic Liquid 1-Butyl-1-Methylpyrrolidinium Bis(trifluoromethylsulfonyl)imide and the Effects of Water and Ethanol:  A Rotating Disk Electrode Study,,7,5
996638340601851,ETD-Graduate,Yes,pdf,Innovative Applications of Real-Time GNSS-RF and Lidar-Derived Products in Forest Operations,,29,4
996638340701851,ETD-Doctoral,Yes,pdf,"Movement, Migration, and Melody: An interdisciplinary study of juvenile salmon ecology through otolith chemistry",,36,9
996638340801851,ETD-Graduate,Yes,pdf,"Effects of Burn Severity on Stream Buffer Management for Post-Fire Hillslope  Erosion in the Inland Northwest Ranges, USA",,34,6
996638340901851,ETD-Graduate,Yes,pdf,"From Elsewhere: A Bioregional Exploration of Rural Gentrification in Kootenai County, Idaho",,28,2
996638341001851,ETD-Graduate,Yes,pdf,Synthesis and Characterization of a Lignin Based Thermoplastic,,11,5
996638341101851,ETD-Graduate,Yes,pdf,Understanding the ramification of meiotic recombination variation in male sheep,,45,8
996638341201851,ETD-Doctoral,Yes,pdf,THE EFFECTS OF SENSORY FLOW ON THE AUTONOMIC NERVOUS SYSTEM: A DISSERTATION OF CLINICAL PRACTICE IMPROVEMENT,,28,6
996638341301851,ETD-Graduate,Yes,pdf,No End,,19,6
996638341401851,ETD-Graduate,Yes,pdf,HiFiPol:Browser - Securing The Web Browsing Ecosystem,,42,5
996638341501851,ETD-Graduate,Yes,pdf,Cellular and molecular control of retinal bipolar cell spatial organization,,32,6
996638341601851,ETD-Graduate,Yes,pdf,PERFORMANCE OF HYBRID FIBER REINFORCED SELF-CONSOLIDATING AND NORMAL CONCRETE IN THE STATE OF IDAHO,,19,5
996638341701851,ETD-Graduate,Yes,pdf,This This of Ours,,0,4
996638341801851,ETD-Doctoral,Yes,pdf,Retinal Neurons: Establishing order through avoidance,,21,6
996638341901851,ETD-Graduate,Yes,pdf,Two-Stroke Engine Test Procedures for Performance and Emissions Based Calibrations,,46,7
996638342001851,ETD-Doctoral,Yes,pdf,An Examination of the Effectiveness of Novel Manual Therapies to Improve Patient Care: A Dissertation of Clinical Practice Improvement,,48,4
996638342101851,ETD-Graduate,Yes,pdf,The Art & Science of Social Network Analysis: Computation and Visualization for Multi-Institutional Team Management and Collaborative Research,,27,19
996638342201851,ETD-Graduate,Yes,pdf,CLAYMAN,,0,2
996638342301851,ETD-Doctoral,Yes,pdf,Libertarianism and its Critics,,39,32
996638342401851,ETD-Graduate,Yes,pdf,EVALUATING THE EFFECTS OF DISTANCE AND LASER INCIDENCE ANGLES ON MEASUREMENTS GENERATED BY THE AUTONOMOUSLY OPERATING TERRESTRIAL LASER SCANNER (ATLS),,31,7
996638342501851,ETD-Graduate,Yes,pdf,A Game Theoretical Analysis of the U.S.-Mexican Suspension Agreement,,1,4
996638342601851,ETD-Graduate,Yes,pdf,ADULT IDAHO EXTENSION 4-H CLIENTELE TECHNOLOGY USAGE CHARACTERISTICS AND CONTENT PREFERENCES FOR COUNTY EXTENSION  4-H FACEBOOK PAGES,,12,7
996638342701851,ETD-Graduate,Yes,pdf,A History of Leaving,,0,9
996638342801851,ETD-Graduate,Yes,pdf,A Comprehensive Integrated Water Resource Assessment of Potential Changes to Columbia River Basin Flood Risk Management Policy,,28,7
996638342901851,ETD-Graduate,Yes,pdf,"Integrating Cultivar, Temperature and Quality into Early Storage Management Decisions for Wound Healing in Potatoes (Solanum tuberosum L.)",,26,10
996638343001851,ETD-Graduate,Yes,pdf,ESTIMATING FIRE RADIATIVE POWER OBSCURATION BY TREE CANOPIES THROUGH LABORATORY EXPERIMENTS: ESTIMATING FIRE RADIATIVE ENERGY IN A LONGLEAF PINE FOREST FROM AIRBORNE THERMAL IMAGERY,,19,4
996638343101851,ETD-Graduate,Yes,pdf,Determining the Importance of Design Elements for Secondary Analysis,,32,6
996638343201851,ETD-Doctoral,Yes,pdf,Aggregative Effects of Humic Materials in Aqueous Solution,,27,8
996638343301851,ETD-Graduate,Yes,pdf,Sparking Change: The Archaeology of Firefighting in Yellowstone National Park,,2,11
996638343401851,ETD-Doctoral,Yes,pdf,In situ Transesterification of Microalgal Oil to Produce Algal Biodiesel,,32,11
996638343501851,ETD-Graduate,Yes,pdf,"Interpretation as Ceremony: American Indian Park Rangers - Telling Our Own Stories, Protecting Cultural Resources in an Era of Military Preference",,14,2
996638343601851,ETD-Graduate,Yes,pdf,Optimization of Dairy Manure Based Polyhydroxyalkanoate Production through Reduced Aeration on Enrichment Cultures,,24,9
996638343701851,ETD-Graduate,Yes,pdf,Prioritizing Bicycle Facility Improvement Projects Based on Low-Stress Network Connectivity,,36,8
996638343801851,ETD-Graduate,Yes,pdf,REGIONAL DEMOGRAPHIC IMPACTS on DRIVERS of SOCIAL VULNERABILITY: A LOCAL VIEW of NORWAY,,19,2
996638343901851,ETD-Doctoral,Yes,pdf,"The Impact of Agency, Risk Taking, Collaboration, and Relationships in the Classroom and their Implications for Professional Development",,2,6
996638344001851,ETD-Graduate,Yes,pdf,Archaeological Investigations and Comparison of Historic Spokane Indian Sites On and Off the Spokane Reservation,,29,8
996638344101851,ETD-Doctoral,Yes,pdf,Synthesis and Charaterization of Copolymers from Lignin,,0,1
996638344201851,ETD-Graduate,Yes,pdf,The Fruits of Development in a Desert Ecology: Investigating Egypt's Export-Based Agricultural Economy and its Implications on Ecology and Water Availability in an Arid Region.,,18,14
996638344301851,ETD-Graduate,Yes,pdf,Visions in Blindsight,,1,13
996638344401851,ETD-Doctoral,Yes,pdf,URANIUM AND ZIRCONIUM ELECTROCHEMICAL STUDIES IN LiCl-KCl EUTECTIC FOR FUNDAMENTAL APPLICATIONS IN USED NUCLEAR FUEL REPROCESSING,,23,21
996638344501851,ETD-Graduate,Yes,pdf,Microscopic in-medium nucleon-nucleon cross sections with improved Pauli blocking effects and their applications in nuclear reactions,,34,10
996638344601851,ETD-Doctoral,Yes,pdf,"SPATTER, SCORIA BOMBS, AND UPPER MANTLE XENOLITHS: COOLING HISTORIES OF ROCKS IN THREE TERRESTRIAL SETTINGS",,0,10
996638344701851,ETD-Graduate,Yes,pdf,MONITORING AND MODELING SEDIMENT AND  ORGANIC CARBON LOADS FROM THE DRYLAND CROPPING REGION OF THE INLAND PACIFIC NORTHWEST,,23,3
996638344801851,ETD-Graduate,Yes,PDF,DESIGN OF A RADIOISOTOPE THERMO-PHOTOVOLTAIC POWER SOURCE BY LASER DRIVEN ISOTOPE SURROGATE ASSEMBLY,,17,15
996638344901851,ETD-Doctoral,Yes,pdf,A Hybrid FEC Code for Mitigating Jamming Attacks in Fault-Model-Classified Cognitive Radio Networks,,45,5
996638345001851,ETD-Doctoral,Yes,pdf,"Noisy Spectra of Dust Particles: What, Where and How?",,73,13
996638345101851,ETD-Doctoral,Yes,pdf,Ingested histamine and serotonin by Anopheles stephensi impact important vector transmission behaviors and infection success with diverse Plasmodium species,,38,13
996638345201851,ETD-Graduate,Yes,pdf,Effects of Boulders on Bed Morphology and Hyporheic Flow,,43,7
996638345301851,ETD-Graduate,Yes,pdf,What Norms do Team-based Leadership Development Event Teams use to Create a Culture of Success?,,9,5
996638345401851,ETD-Graduate,Yes,pdf,"Sustainability Across Diverse Engineering Disciplines (Geothermal Technology, District Cooling Systems, Acid Mine Drainage, and Additive Manufacturing)",,24,4
996638345501851,ETD-Doctoral,Yes,pdf,Innovative Assessment Tests and Indicators for Performance-Based Asphalt Mix Design,,28,7
996638345601851,ETD-Graduate,Yes,pdf,Micropropagation of Douglas Maple (Acer glabrum Torr. var. douglasii Hook. Dipple [Aceraceae]),,15,4
996638345701851,ETD-Doctoral,Yes,pdf,A Study on Microstructure and Properties of Fe-xCr alloys and  Fe-9Cr Based ODS Alloys Processed via Spark Plasma Sintering,,24,5
996638345801851,ETD-Graduate,Yes,pdf,Forest Recovery after Four Wildfires in Western Montana,,19,5
996638345901851,ETD-Graduate,Yes,pdf,Dairy Waste Treatment Utilizing a Two-Phase Anaerobic Digestion System: Evaluation of Parallel Reactor Configuration and Mixing Intensity,,34,7
996638346001851,ETD-Graduate,Yes,pdf,"VOLCANIC, STRUCTURAL, AND MORPHOLOGICAL HISTORY OF SANTA CRUZ ISLAND,  GALÁPAGOS ARCHIPELAGO",,16,7
996638346101851,ETD-Doctoral,Yes,pdf,Band gaps by design: Tailoring ZnO based semiconductor alloy films,,34,5
996638346201851,ETD-Doctoral,Yes,pdf,Supercritical Fluid Carbon Dioxide and Hydrogen Peroxide Sterilization Method and Elucidation of Bacilli Endospores' Tolerance to Hydrogen Peroxide and Heat,,3,4
996638346301851,ETD-Graduate,Yes,pdf,Integrated Weed Management in Small Grain Production Systems,,61,4
996638346401851,ETD-Graduate,Yes,pdf,Causal Inference for the Relationship Between DNA Methylation and Transcription in Breast Cancer,,29,8
996638346501851,ETD-Graduate,Yes,pdf,Health and Environmental Protective Behaviors Towards Water Pollution Threats in the Pacific Northwest,,38,7
996638346601851,ETD-Graduate,Yes,pdf,Utilizing Focus Groups to Identify Nutrition Education Needs and Implementation Strategies  for the Wildland Firefighter,,43,10
996638346701851,ETD-Graduate,Yes,pdf,The Impact of Early-Life Feeding on Neurodevelopment: A Mechanistic Investigation Using the Neonatal Piglet Model,,9,9
996638346801851,ETD-Doctoral,Yes,pdf,Eliciting Mathematical Justifications in the Classroom: An Investigation of Tools for Success,,51,17
996638346901851,ETD-Graduate,Yes,pdf,"Impact of Nitrogen Stabilizer on Nitrogen Cycling, Nitrifying Organisms, and Winter Wheat Yield and Quality in High Rainfall Zones of Northern Idaho",,33,3
996638347001851,ETD-Graduate,Yes,pdf,Factors that Contribute to Bruise Development and Loss of Potato Quality,,41,38
996638347101851,ETD-Graduate,Yes,pdf,Managing Fine Fuels Using Dormant Season Grazing: Improving Wyoming Big Sagebrush Communities in the Northern Great Basin,,12,8
996638347201851,ETD-Doctoral,Yes,pdf,The Relationship Between Nutrient Metabolism and Health Measures During the Periparturient Period in Pacific Northwest Dairy Herds,,33,8
996638347301851,ETD-Doctoral,Yes,pdf,Smart Readout Electronics for CMOS Image Sensors,,33,5
996638347401851,ETD-Graduate,Yes,pdf,Soil Health Testing and Management on Organic Farms in Northern Idaho,,18,7
996638347501851,ETD-Graduate,Yes,pdf,A Preliminary Assessment of Microstructure and Mechanical Properties of 15-5 PH Stainless Steel Processed via Direct Metal Laser Sintering,,48,6
996638347601851,ETD-Graduate,Yes,pdf,Myogenic Transcription Factors and Ornithine decarboxylase mRNA are Influenced by Polyamine Supplementation in vitro.,,48,17
996638347701851,ETD-Graduate,Yes,pdf,Sometimes the Way Out,,0,4
996638347801851,ETD-Graduate,Yes,pdf,Long-term Impacts of Marine Derived Nitrogen on Forest Productivity  and Carbon Balance in Central Idaho,,26,4
996638347901851,ETD-Doctoral,Yes,pdf,Trash talk in sport: A descriptive and philosophical assessment of the intentionality of trash talk in sport,,42,67
996638348001851,ETD-Graduate,Yes,pdf,Temporal Variations in Hotspot Volcanic Production Related to Interactions Between Upwelling Mantle Plumes and Phase Transitions,,15,10
996638348101851,ETD-Graduate,Yes,pdf,Sample Size Estimation in the Multinomial Model,,41,5
996638348301851,ETD-Graduate,Yes,pdf,Defining the Limits of Hi-C for Identifying Hosts of Plasmids and Antibiotic Resistance Genes in Simple Bacterial Communities,,12,3
996638348401851,ETD-Doctoral,Yes,docx,Predicting Vapor-Liquid Equilibrium Over the Entire Two-Phase Region Using Wagner Equation with Only Limited VLE Data,,52,25
996638348401851,ETD-Doctoral,Yes,pdf,Predicting Vapor-Liquid Equilibrium Over the Entire Two-Phase Region Using Wagner Equation with Only Limited VLE Data,,52,25
996638348501851,ETD-Graduate,Yes,pdf,A Comparison of Two Non-Destructive Techniques for Determining the Modulus of Elasticity of Small-Diameter Roundwood,,3,8
996638348601851,ETD-Doctoral,Yes,pdf,Modeling the thermal niche for perennial agriculture under current and future climate,,41,6
996638348701851,ETD-Graduate,Yes,pdf,"Survival, Movement Dynamics, Distribution, and Habitat and Species Associations of Juvenile Burbot in a Tributary of the Kootenai River",,40,6
996638348801851,ETD-Graduate,Yes,pdf,Awakening Wonder: An Interaction of Art and Science,,37,7
996638348901851,ETD-Doctoral,Yes,pdf,EVALUATION AND TREATMENT OF CHRONIC LOWER EXTREMITY MUSCULOSKELETAL CONDITIONS FROM A REGIONAL INTERDEPENDENCE PERSPECTIVE: A DISSERTATION IN CLINICAL PRACTICE IMPROVEMENT,,37,6
996638349001851,ETD-Graduate,Yes,pdf,APPLICATIONS OF ELECTROKINETICS FOR DISEASE DIAGNOSTICS,,0,5
996638349101851,ETD-Graduate,Yes,pdf,When Models Get Too Large: Estimability in the Gompertz Stationary and State Space Density Dependence Models with a Covariate,,31,5
996638349201851,ETD-Doctoral,Yes,pdf,Efficient and Reliable Wide-Area Protection and Control Schemes for Electric Power Systems Based on Time Synchronized Phasor Measurements,,25,12
996638349301851,ETD-Graduate,Yes,pdf,Effectiveness of Management Actions Intended to Benefit Wildlife Populations on the Craig Mountain Wildlife Management Area,,29,6
996638349401851,ETD-Doctoral,Yes,pdf,"Development of Oxidation Reactions Based on  Vanadium Pentoxide, Dimethylsulfoxide, and Synthetic Iron-Rich Clays",,22,5
996638349501851,ETD-Graduate,Yes,pdf,Design of a Single-Degree-of-Freedom Exoskeleton for Thumb Rehabilitation in Conjunction with FINGER,,22,3
996638349601851,ETD-Doctoral,Yes,pdf,"How Far Have We Moved Toward Inclusion in Tainan City, Taiwan",,19,9
996638349701851,ETD-Graduate,Yes,pdf,MODELING THE OCCURENCE OF FOUR CEREAL CROP APHID SPECIES IN IDAHO,,16,7
996638349801851,ETD-Graduate,Yes,pdf,Isolated Analog Data Acquisition Using Precision Shunt Resistor and Delta-Sigma Modulator,,19,6
996638349901851,ETD-Graduate,Yes,pdf,HYPERSPECTRAL REMOTE SENSING IN MINERAL EXPLORATION: AMMONIUM-ILLITE AS A PATHFINDER FOR GOLD,,6,25
996641649901851,ETD-Graduate,Yes,pdf,Measuring and Modeling Drainage in North Idaho Forest Water Reclamation Facilities,,20,2
996641749901851,ETD-Graduate,Yes,pdf,Measuring and Modeling Drainage in North Idaho Forest Water Reclamation Facilities,,13,4
996650649901851,Report,Yes,pdf,How is Climate Change Impacting the Working Rangelands of the Pacific Northwest?,2020,23,16
996651049901851,Report,Yes,pdf,Pioneer Plant Species for Intermountain Rangeland Restoration,2022,17,20
996655549901851,Newsletter article,Yes,pdf,McClure Center - November 2022 Newsletter,2022,3,19
996658645101851,Report,Yes,pdf,Idaho Rangelands,2022,8,16
996659149701851,Newsletter article,Yes,pdf,McClure Center - March 2022 Newsletter,2022,2,27
996671044101851,ETD-Graduate,Yes,pdf,"Radicalization and the Last Welsh Revolt: A Reimagining of the Causes, Courses, and Events of Glyndŵr’s Rising",,48,21
996671044201851,ETD-Graduate,Yes,pdf,Exploring Cue Salience in the Cue-Consequence Relationship of Virtual Fence for Cattle,,18,5
996671044301851,ETD-Doctoral,Yes,pdf,Determining the Function of Uncharacterized Genes Provides Insights into the Evolution of Mobile Genetic Elements,,42,7
996671044401851,ETD-Graduate,Yes,pdf,"Survival and Habitat Selection of Light-footed Ridgway’s Rails Differs Between Captive-released and Wild Juveniles: Effects of Time in Captivity, Release Date, and Tidal Stage",,36,29
996671044501851,ETD-Doctoral,Yes,pdf,"Life Cycle Assessment and Techno-Economic Analysis of Reactive Filtration, Biochar-Integrated Reactive Filtration, and Biochar Bubble Filtration for Nutrient Removal/Recovery and Wastewater Treatment Decarbonization",,12,47
996671044601851,ETD-Graduate,Yes,pdf,A Survey of Off-Reservation Water Leasing in Federally Approved Tribal Water Settlements,,23,17
996671044701851,ETD-Graduate,Yes,pdf,Time Series Anomaly Detection: A Comparative Study of Techniques,,165,365
996671044801851,ETD-Graduate,Yes,pdf,Children of the Principate: Life in and After Death in Roman Hispania (0-450 CE): Mortuary Remembrance and Life Among the Living,,0,7
996671044901851,ETD-Graduate,Yes,pdf,Detecting Cancerous Skin Moles Using Machine Learning,,65,19
996671045001851,ETD-Doctoral,Yes,pdf,"Effects of Low-Tech Process-Based Restoration Approaches on the Hydrology, Geomorphology, and Vegetation of a Rangeland Riparian Complex",,62,63
996671045101851,ETD-Graduate,Yes,pdf,Comparison of Causal Network Inference Methods on the Relationship Between DNA Methylation and Transcription,,55,66
996671045201851,ETD-Doctoral,Yes,pdf,Improving Personal Health Question Answering through Knowledge Graph Enhancement,,62,43
996671045401851,ETD-Graduate,Yes,pdf,I'm Scared.,,0,39
996671045501851,ETD-Graduate,Yes,pdf,The Relationship Between Experience and Efficacy in the Risk Appraisal Framework,,42,5
996671045601851,ETD-Doctoral,Yes,pdf,E-Empowerment in High School Esports,,55,65
996671045701851,ETD-Doctoral,Yes,pdf,Working Memory and Flight Control: A 5D Multiple Resource Theory Perspective,,32,195
996671045801851,ETD-Graduate,Yes,pdf,Application of POD and DMD to Study Fluid Flow Phenomena in Porous Media,,43,13
996671045901851,ETD-Doctoral,Yes,pdf,Soil Arthropod Ecology in Diversified Agroecosystems,,40,17
996671046001851,ETD-Doctoral,Yes,pdf,"A Graph-Based Formal Access Control Model to Support Positive & Negative Permissions, Exceptions, Redundancy & Conflict Detection, Permission to Delegate, Delegation, Separation of Duties (SoD), and SoD Exceptions & Violation Detection.",,31,24
996671046901851,ETD-Graduate,Yes,pdf,"Fluvial Stratigraphic Correlation and Subsurface Mapping of the Eocene Swauk and Roslyn Formations, Central Cascades, Washington, with Implications for Petroleum Explorations",,19,11
996671145701851,ETD-Doctoral,Yes,pdf,Parents’ Lived Experiences With Augmentative and Alternative Communication Training Provided By Public Schools,,46,37
996671145801851,ETD-Doctoral,Yes,pdf,Treatment of Vessel Off Gas streams: Pretreatment and Sorption Capture of Radioactive Iodine.,,3,6
996671145901851,ETD-Graduate,Yes,pdf,Primero el Hombre: A Deep Dive into the Life of the Amauta Manuel Z. Camacho,,49,34
996671146001851,ETD-Graduate,Yes,pdf,Patterns of Bee Diversity and Plant-Pollinator Interactions in the Palouse Prairie,,39,41
996671146101851,ETD-Graduate,Yes,pdf,Resonant Transformer Mutual Transmission System,,89,22
996671146201851,ETD-Graduate,Yes,pdf,Reimagining Places of Refuge: Proposing a Refugee Circular City Framework for Protracted Forced Displacement,,24,24
996671146301851,ETD-Graduate,Yes,pdf,"Investigation and Comparison of Fatigue Crack Growth, Creep Fatigue Crack Growth, and Creep Crack Growth in 253MA and 321SS at Elevated Temperatures",,43,28
996671146401851,ETD-Graduate,Yes,pdf,Western and Clark's Grebes: Impacts of Weather on Nest Fate and a Range-wide Summary of Threats to Breeding Colonies,,51,11
996671146501851,ETD-Graduate,Yes,pdf,Threaded Vestiges,,0,15
996671146601851,ETD-Graduate,Yes,pdf,Never Weaken,,40,9
996671146701851,ETD-Doctoral,Yes,pdf,Video Games and Web Databases as Novel Computational Tools for Understanding Biodiversity,,54,7
996671146801851,ETD-Graduate,Yes,pdf,To Bloom or Burn?,,31,8
996671146901851,ETD-Graduate,Yes,pdf,Atmospheric Observation During Solar Eclipse Events,,22,12
996671147001851,ETD-Graduate,Yes,pdf,Computer Vision as a Tool for Pedestrian and Bicyclist Traffic Monitoring and Safety Analysis,,61,53
996671147101851,ETD-Graduate,Yes,pdf,Mechanical Design and Analysis: Twin Screw Extruder Drive and Feed Systems for 3D Printing of Biocomposites,,46,13
996671147201851,ETD-Graduate,Yes,pdf,Fatty Acids as Regulators of Feeding in Salmonids,,43,16
996671147301851,ETD-Doctoral,Yes,pdf,"Feast or Famine: Interactive Roles of Life-History, Nutrition, and Behavior on Performance of Long-Lived Herbivore",,50,31
996671147401851,ETD-Doctoral,Yes,pdf,Evaluation of Linear Fuel Break Systems and Using Remote Sensing Data to Estimate Live Fuel Moisture Content in South-Central Idaho,,37,35
996671147501851,ETD-Graduate,Yes,pdf,Comparing Outbreak Regimes of Western Spruce Budworm at Low- and High-Elevation Sites in Idaho Using Dendrochronology,,4,23
996671147601851,ETD-Graduate,Yes,pdf,"Glacier Peak Community Survey Focusing on Volcanic Hazard Knowledge Near Darrington, Washington and Surrounding Areas",,40,15
996671147701851,ETD-Graduate,Yes,pdf,Woven Spaces,,48,11
996671147801851,ETD-Doctoral,Yes,pdf,Monitoring the Spread of Plasmid-mediated Antibiotic Resistance in Agricultural Soil,,3,14
996671147901851,ETD-Graduate,Yes,pdf,Design and Integration of Anthropometric Adjustments and Hand Control Developments Toward Full-Arm Rehabilitation with an Exoskeleton,,35,16
996671148001851,ETD-Graduate,Yes,pdf,Impact of CaCl2 Addition on the Properties of Enzymatically Hydrolyzed Pea Protein Gels,,42,35
996671148101851,ETD-Graduate,Yes,pdf,Hardware-in-the-Loop Testing of Power Swing Protection for Low Inertia Systems,,5,15
996671447401851,ETD-Graduate,Yes,pdf,Effects of Management on Biophysical Properties: An Integrated Soil Health Perspective,,55,34
996671447501851,ETD-Graduate,Yes,pdf,Evaluation and Association Mapping of Idaho-adapted Barley Lines for Fusarium Head Blight,,43,20
996671447601851,ETD-Doctoral,Yes,pdf,Beef Cattle Physiology: Determinants of Bone and Skeletal Muscle Growth and Maturation,,22,28
996671447701851,ETD-Graduate,Yes,pdf,Electro-Mechanical Integration of an Operational Flywheel Energy Storage System,,24,73
996671447801851,ETD-Graduate,Yes,pdf,Predicting the Impacts of Post-Fire Salvage Logging for Legal Considerations,,47,20
996671447901851,ETD-Graduate,Yes,pdf,"Electrochemical Analysis of Molybdenum, TZM, and Molybdenum-Lanthanum ODS in Aqueous Solution",,4,14
996671448001851,ETD-Graduate,Yes,pdf,Make It Pop,,58,25
996671448101851,ETD-Doctoral,Yes,pdf,Impacts of Warming Temperatures on the Conjunctive Management of Water Resources in the Snake River Basin Irrigated Regions,,48,30
996671448201851,ETD-Graduate,Yes,pdf,"Power Behind Her Words: How Bathsua Makin, Judith Drake, and Mary Astell used Education and Pro-Woman Advocacy to Change the Identity of Women in Seventeenth Century England",,34,39
996671448301851,ETD-Graduate,Yes,pdf,Developing CRISPR/Cas9 Knockouts of Estrogen Receptors in live Zebrafish (Danio rerio) and Rainbow Trout (Oncorhynchus mykiss) Hepatocytes,,25,8
996671448401851,ETD-Graduate,Yes,pdf,Conservation genetics and population viability analysis of the Selkirk and Cabinet-Yaak grizzly bear populations,,51,29
996671448501851,ETD-Graduate,Yes,pdf,Girl Behind Glass,,0,20
996671448601851,ETD-Graduate,Yes,pdf,Sam Simmons,,0,25
996671448701851,ETD-Doctoral,Yes,pdf,The Politics of Tributary Habitat Restoration in the Columbia River Basin,,54,12
996671448801851,ETD-Doctoral,Yes,pdf,The Effects of Dual Credit on Writing Self-Efficacy,,60,27
996671448901851,ETD-Doctoral,Yes,pdf,"Mapping resistance to the Potato Cyst Nematode, Globodera pallida, in a tetraploid russet-skinned potato population",,11,44
996671449001851,ETD-Graduate,Yes,pdf,Flyover,,0,19
996671449101851,ETD-Graduate,Yes,pdf,The US Lamb Meat Industry: A Partial Equilibrium Analysis of Potential Trade Policy Impacts in the 2020s,,32,62
996671449201851,ETD-Graduate,Yes,pdf,Worth Holding,,0,7
996671449301851,ETD-Doctoral,Yes,pdf,A Rural School District Perkins V Comprehensive Local Needs Assessment Stakeholders’ Input,,65,10
996671449401851,ETD-Graduate,Yes,pdf,Artificial Intelligence in Road Safety: Predictive Modeling of Pedestrian and Bicycle Crashes at Intersections,,52,13
996671449501851,ETD-Doctoral,Yes,pdf,"Genetic structure, hybridization and whole genome duplication in Artemisia tridentata, a landscape-dominating shrub of conservation concern",,47,34
996671449601851,ETD-Graduate,Yes,pdf,Exploring the Corrosion Behavior of SS316H in Molten NaCl-MgCl2 Salts: An Experimental and Computational Study,,46,89
996671449701851,ETD-Doctoral,Yes,pdf,Quantification of Intrathecal Solute Transport: An In Vitro Study Using Human and Non-Human Primate Models,,0,6
996671449801851,ETD-Graduate,Yes,pdf,Whitebark Pine (Pinus albicaulis) Landscape and Stand Level Disturbances in Central Idaho,,47,16
996671449901851,ETD-Doctoral,Yes,pdf,Investigation of the Back End of the Nuclear Fuel Cycle: The Initial Analysis for the Processing and Disposal of the Molten Salt Nuclear Battery Waste,,0,10
996671548501851,ETD-Graduate,Yes,pdf,Optimization of ammonia nitrogen removal and recovery from undigested screened dairy manure using vacuum thermal stripping and acid absorption process: A modeling approach using response surface methodology,,6,21
996671548601851,ETD-Graduate,Yes,pdf,Nanoscale Device Design:  A TCAD analysis of 2nm GAAFET Nanosheet,,127,200
996671548701851,ETD-Graduate,Yes,pdf,How Teacher Demographic Variables Affect Informative Communication: A Description of Teacher Credibility in Agriculture Classrooms in Idaho,,56,10
996671548801851,ETD-Graduate,Yes,pdf,"Clothes Make the Woman: Sex Work and Gendered Ideals in Sandpoint, Idaho",,54,48
996671548901851,ETD-Graduate,Yes,pdf,An Economic Evaluation of Linear Vegetative Fuel Breaks and Wildfire in Southern Idaho,,67,63
996671549001851,ETD-Graduate,Yes,pdf,Linking Summer Nutrition to Behavior and Performance of Black-tailed Deer,,40,20
996671549101851,ETD-Graduate,Yes,pdf,"Second Life Materials: The Historical Archaeology of a Family Blacksmith Shop in Montour Valley, Idaho",,46,19
996671549201851,ETD-Graduate,Yes,pdf,Listening Carefully: Disrupting Adultification during the Sentencing Process,,43,41
996671549301851,ETD-Graduate,Yes,pdf,Post-Irradiation Examination of UN-Mo-W for Space Nuclear Propulsion,,25,16
996671549401851,ETD-Doctoral,Yes,pdf,Agents of Impact: Exploring the Essence of Generativity Among Generative Emerging Educators,,73,81
996671549501851,ETD-Graduate,Yes,pdf,What Happened to Those to Whom Nothing Happened at All? A Study (ongoing),,0,8
996671549601851,ETD-Doctoral,Yes,pdf,Bridging Spatiotemporal Scales and Post-Fire Processes: Leveraging Contemporary Geospatial Techniques to Advance Post-Fire Hydrologic Modeling,,24,16
996671549701851,ETD-Doctoral,Yes,pdf,Flexible Attendance Self-efficacy and Self-regulation Identifier,,57,13
996671549801851,ETD-Graduate,Yes,pdf,Dynamic System Modeling & PID Controller Design for a Molten Salt Microreactor,,62,22
996671549901851,ETD-Graduate,Yes,pdf,STACKING AND INTERSECTING NUTRIENT 4Rs IN WHEAT,,35,11
996671648601851,ETD-Graduate,Yes,pdf,Keep Your Language in Your Back Pocket: Using Internet Connected and Mobile Technologies for Language Revitalization in Idaho,,38,20
996671648701851,ETD-Graduate,Yes,pdf,Greenbacks and Grazing Gambles: Exploring Plastic Preferences and Pasture Predicaments in Two Acts,,48,6
996671648801851,ETD-Graduate,Yes,pdf,Nothing to Teach the Mountains,,0,22
996671648901851,ETD-Graduate,Yes,pdf,"Nutrient and Bacteria Management within the Lindsay Creek watershed in Nez Perce County, Idaho",,33,26
996671649001851,ETD-Graduate,Yes,pdf,Discrete Choice Experiments: Applications in Greece and the United States,,54,37
996671649101851,ETD-Graduate,Yes,pdf,Sync,,0,22
996671649201851,ETD-Doctoral,Yes,pdf,Iron Based Aqueous Energy Storage and DNA Biosensor,,0,15
996671649301851,ETD-Doctoral,Yes,pdf,Development and Testing of Algorithms to Perform Inference about Environmental Adaptation and Species Abundance in Population Genomics and Metagenomics,,5,43
996671649401851,ETD-Graduate,Yes,pdf,*Stares in Pink*,,0,7
996671649501851,ETD-Graduate,Yes,pdf,The Anti-Inflammatory Effect of Human Milk Peptides via Inhibition of LPS Binding of TLR4 and MD2,,0,13
996671649601851,ETD-Graduate,Yes,pdf,Consumer’s Willingness to Pay for Dairy Products Using New Technology,,56,67
996671649701851,ETD-Doctoral,Yes,pdf,Regolith Depth and Crater Morphology: Analysis of Small Impact Craters on Lunar Maria,,0,30
996671649801851,ETD-Doctoral,Yes,pdf,Biofunctionalization of Micro/Nanoparticles for Neutralizing SARS-CoV-2 Surrogate and Targeting ACE2-expressing Lung Cells,,0,6
996671649901851,ETD-Doctoral,Yes,pdf,"Improving the Commercial Feasibility of Burbot (Lota lota maculosa) Aquaculture by Optimizing Larval Weaning Methods, Defining Nutritional Requirements, and Assessing Market and Economic Viability",,63,65
996678549401851,Report,Yes,pdf,Rural Idaho (2005),2005,12,7
996679247001851,Report,Yes,pdf,Community Impacts of Idaho's Dairy Workforce (2017),2017,21,6
996679247101851,Report,Yes,pdf,Towards Food Security in Idaho,2014,12,4
996679247201851,Report,Yes,pdf,Life After High School (2016),2016,13,4
996679247301851,Report,Yes,pdf,Hispanics: Labor Force and Economy (2016),2016,12,3
996679247401851,Report,Yes,pdf,American Indian Education (2014),2014,3,3
996679247501851,Report,Yes,pdf,Highway Funding Survey (2014),2014,12,3
996679247601851,Report,Yes,pdf,Education for Idaho's Migratory Students (2018),2018,0,3
996679247701851,Report,Yes,pdf,Idaho's Public Libraries (2017),2017,0,2
996679247801851,Report,Yes,pdf,Rural Idaho Since the Recession (2015),2015,11,5
996679247901851,Report,Yes,pdf,Community Impacts of Idaho's Dairy Workforce,2017,20,8
996679248001851,Report,Yes,pdf,Hispanics: An Overview (2016),2016,16,5
996679248101851,Report,Yes,pdf,Hispanics: Overview (2010),2010,18,4
996679248201851,Report,Yes,pdf,Rural Idaho (2005),2005,15,3
996679248301851,Report,Yes,pdf,Refugees & Healthcare in Idaho (2014),2014,1,3
996679248401851,Report,Yes,pdf,Community Level Impacts of Idaho's Changing Dairy Industry,2009,19,7
996679248501851,Report,Yes,pdf,Hispanic Health (2013),2013,13,3
996679248601851,Report,Yes,pdf,Rural Idaho (2003),2003,13,3
996679248701851,Report,Yes,pdf,Rural Idaho (2008),2008,12,1
996679248801851,Report,Yes,pdf,Measuring Broadband (2012),2012,16,2
996679248901851,Report,Yes,pdf,Measuring Broadband: Households (2014),2014,11,10
996679249001851,Report,Yes,pdf,Hispanics and STEM Education,2013,14,5
996679249101851,Report,Yes,pdf,Rural Education (2009),2009,17,1
996679342501851,Report,Yes,pdf,Agricultura Instantánea,2022,0,19
996679342601851,Report,Yes,pdf,Energía Instantánea,2022,1,13
996679342701851,Report,Yes,pdf,Bosques Instantánea,2022,0,6
996679342801851,Report,Yes,pdf,Ecosystems and Species Report,2021,12,10
996679342901851,Report,Yes,pdf,Sensitivity of Idaho Fishes to Climate Change,2021,15,6
996679343001851,Report,Yes,pdf,Salud humana Instantánea,2022,0,3
996679343101851,Report,Yes,pdf,Climate Effects on Ungulates,2021,6,4
996679343201851,Report,Yes,pdf,Recreation & Tourism Technical Report,2021,19,11
996679343301851,Report,Yes,pdf,Idaho's Economy & Climate Change (2022),2022,24,17
996679343401851,Newsletter article,Yes,pdf,November 2022 Newsletter,2022,13,16
996679343501851,Report,Yes,pdf,Climate Technical Report,2021,16,9
996679343601851,Newsletter article,Yes,pdf,July 2022 Newsletter,2022,13,6
996679343701851,Newsletter article,Yes,pdf,"Honoring Louise McClure, October 2021 Newsletter",2021,,
996679343801851,Report,Yes,pdf,Smoke Report: Air Quality and Wildfire Smoke in Idaho,2021,2,9
996679343901851,Report,Yes,pdf,Water Snapshot,2021,0,7
996679344001851,Report,Yes,pdf,SMR Economic Impact Report: Construction and Operation of a Small Modular Reactor Electric Power Generation Facility at the Idaho National Laboratory Site,2019,30,40
996679344101851,Report,Yes,pdf,Argiculture Technical Report,2021,59,9
996679344201851,Report,Yes,pdf,Energy Snapshot,2021,1,9
996679344301851,Report,Yes,pdf,English Learner Students (2018),2018,0,1
996679344401851,Report,Yes,pdf,Migratory Students (2018),2018,1,4
996679344501851,Report,Yes,pdf,Human Health Snapshot,2021,1,5
996679344601851,Report,Yes,pdf,Housing Insecurity (2020),2020,17,6
996679344701851,Report,Yes,pdf,Forests Technical Report,2021,21,9
996679344801851,Report,Yes,pdf,Early Childhood Care and Education in Idaho,2020,22,8
996679344901851,Report,Yes,pdf,Infrastructure Technical Report,2021,14,7
996679345001851,Report,Yes,pdf,Forests Snapshot,2021,0,4
996679347801851,Report,Yes,pdf,Life After High School Methodology,2015,13,5
996679347901851,Report,Yes,pdf,Idaho's Title III Consortium for English Learner Students (2018),2018,1,2
996679348001851,Report,Yes,pdf,Education for Idaho's English Learners (2018),2018,1,4
996679348101851,Report,Yes,pdf,Food Security in Idaho (2014),2014,14,2
996679348201851,Report,Yes,pdf,Climate Overview (2017),2017,16,7
996679348301851,Report,Yes,pdf,American Indian Education (2016),2016,15,3
996679348401851,Report,Yes,pdf,Life Choices of High School Seniors (2017),2017,0,4
996679348501851,Report,Yes,pdf,Refugees in Idaho (2016),2016,0,2
996679348601851,Report,Yes,pdf,"Hispanic Profile Data Book for Idaho, 4th Edition",2017,15,5
996679348701851,Report,Yes,pdf,Hispanics: Education (2016),2016,16,5
996679348801851,Report,Yes,pdf,Idaho's Future Initiative: Improving the Transition from High School to College and Career,2017,0,7
996679348901851,Report,Yes,pdf,Early Childhood Learning (2015),2015,15,5
996679349001851,Report,Yes,pdf,Hispanic Education (2011),2011,17,4
996679349101851,Report,Yes,pdf,Hispanic Labor Force & Economy (2010),2010,19,1
996679349201851,Report,Yes,pdf,Rural Idaho Recession (2010),2010,15,2
996679647801851,Report,Yes,pdf,Recreación y turismo Instantánea,2022,0,4
996679647901851,Report,Yes,pdf,Clima Instantánea,2022,1,4
996679648001851,Report,Yes,pdf,Rangelands Snapshot,2021,1,8
996679648101851,Report,Yes,pdf,Humo Instantánea,2022,0,7
996679648201851,Newsletter article,Yes,pdf,November 2021 Newsletter,2021,13,3
996679648301851,Report,Yes,pdf,Pastizales Instantánea,2022,0,5
996679648401851,Report,Yes,pdf,Rangelands Technical Report,2021,21,14
996679648501851,Report,Yes,pdf,Agua Instantánea,2022,0,11
996679648601851,Report,Yes,pdf,Infraestructura Instantánea,2022,0,2
996679648701851,Report,Yes,pdf,Idaho Rangelands (2022),2022,3,5
996679648801851,Report,Yes,pdf,Smoke Snapshot,2021,0,7
996679648901851,Report,Yes,pdf,Recreation & Tourism Snapshot,2021,0,5
996679649001851,Report,Yes,pdf,Water Technical Report,2021,22,8
996679649101851,Report,Yes,pdf,Climate Snapshot,2021,4,8
996679649201851,Newsletter article,Yes,pdf,March 2022 Newsletter,2022,15,21
996679649301851,Report,Yes,pdf,Human Health Technical Report,2021,21,7
996679649401851,Report,Yes,pdf,Energy Technical Report,2021,0,6
996679649501851,Report,Yes,pdf,Agriculture Snapshot,2021,5,11
996679649601851,Report,Yes,pdf,Infrastructure Snapshot,2021,0,2
996679649701851,Report,Yes,pdf,Idaho Family Forest Owners (2018),2018,15,7
996679649801851,Report,Yes,pdf,Human Health Supplemental Report,2021,13,6
996679649901851,Report,Yes,pdf,Hispanics: An Overview (2019),2019,16,7
996684949301851,Report,Yes,pdf,"Foundational information for a science-based grazing management plan for Cecil D. Andrus Wildlife Management Area, Idaho",,65,140
996687149901851,Report,Yes,pdf,Findings from the 2020 Tribal Nation Building in Higher Education Convening,2024,53,164
996695945501851,ETD-Graduate,Yes,pdf,Economic Implications of Nematode Pressure on U.S Potato Production,,39,33
996695945601851,ETD-Graduate,Yes,pdf,Validation of the BISON Fuel Performance Code Against the Second Experiment of the Advanced Gas Program (AGR-2),,53,64
996695945701851,ETD-Graduate,Yes,pdf,Enhancing Language-Based Security: A Constraint-Based Programming Approach to Type Systems and Type Checking with a Focus on the C Programming Language,,70,7
996695945801851,ETD-Graduate,Yes,pdf,Population Demographics and Dynamics of Juvenile Bull Trout in a Montane Ecosystem,,48,44
996695945901851,ETD-Graduate,Yes,pdf,Examining the Relation Between Young Children’s Externalizing and Internalizing Behaviors and Parental Stress,,32,35
996695946001851,ETD-Doctoral,Yes,pdf,Exploring the Link between Host Plant Adaptation and Metabolic Resistance in T. urticae,,0,18
996695946101851,ETD-Graduate,Yes,pdf,"Population Dynamics of White Sturgeon in the Upper Snake River, Idaho: Evaluation of Management Options for a Harvest Fishery",,48,41
996695946201851,ETD-Graduate,Yes,pdf,"δ13C, δ18O, and 87Sr/86Sr values Provide Insights into the Behavioral Patterns of a Mammuthus jeffersonii During the Bølling-Allerød Interstadial Period",,38,16
996695946301851,ETD-Graduate,Yes,pdf,Estimating Vega via Initial State Dispersion,,32,6
996696146601851,ETD-Graduate,Yes,pdf,"Impacts of Agricultural Policies on Compost Demand, Farm Size, and Environmental Consequences in US Dairy Farming",,42,18
996696146701851,ETD-Graduate,Yes,pdf,Effects of Spring Cattle Grazing on Arthropod Communities in Idaho Sagebrush Ecosystems: Impacts for Greater Sage Grouse Conservation,,37,31
996696146801851,ETD-Graduate,Yes,pdf,Predictive Modeling and Uncertainty Quantification of Fatigue Life in Metal Alloys using Machine Learning,,92,62
996696146901851,ETD-Graduate,Yes,pdf,Detecting Software Vulnerability with Symbolic Execution and Fuzzing,,78,18
996696147001851,ETD-Doctoral,Yes,pdf,"Muscle Physiology as a Tool to Improve Fillet Quality of Rainbow Trout, Oncorhynchus mykiss through Precision Nutrition",,0,27
996696147101851,ETD-Doctoral,Yes,pdf,"Eocene Basin Record of the Initiation of Extension and Metamorphic Core Complex Exhumation in Western Montana, USA",,0,38
996696147201851,ETD-Graduate,Yes,pdf,Procurement and Preservation of Neonatal Porcine Cardiac Tissue,,36,16
996696147301851,ETD-Graduate,Yes,pdf,"Exploring Meat Ambivalence, Dietary Habits, and Performance Perceptions among Division-1 Athletes: A mixed-methods study",,29,7
996696147401851,ETD-Graduate,Yes,pdf,"Evaluation of Soil Moisture Regimes in the Inland Pacific Northwest, US",,39,34
996696147501851,ETD-Doctoral,Yes,pdf,World Music Drumming and its Impact on Elementary Students’ Fluency,,37,31
996696147601851,ETD-Graduate,Yes,pdf,ENHANCING DIABETES PREVENTION THROUGH LIFESTYLE MODIFICATIONS IN IDAHO,,82,42
996696147701851,ETD-Graduate,Yes,pdf,Going Net Zero: Perspective of Idaho Dairy Producers,,41,24
996696147801851,ETD-Doctoral,Yes,pdf,A NOVEL MULTI-STAGED DEEP LEARNING METHOD TO DETECT RANSOMWARE,,0,26
996696147901851,ETD-Doctoral,Yes,pdf,From Classroom to Forest: An Analysis of Outdoor Learning Environments and Nature-Centric Pedagogical Approaches at Idaho Natural Resources Camp,,50,65
996696148001851,ETD-Graduate,Yes,pdf,Woody Plant Expansion Drives Habitat Use in a Predator Community and Increases Rates of Nest Predation for an At-risk Species,,29,11
996696148101851,ETD-Graduate,Yes,pdf,Critique of Virtual Behaviorism: Applying Neurodiversity Principles to XR Design,,6,18
996696443401851,ETD-Graduate,Yes,pdf,Optimizing soybean meal (SBM) in different life stages of Atlantic salmon (Salmon salar) diets,,0,14
996696443501851,ETD-Graduate,Yes,pdf,THREE-DIMENSIONAL CELL SELF-ASSEMBLED NEOTISSUES FOR STUDYING TENDON DEVELOPMENT,,7,30
996696443601851,ETD-Graduate,Yes,pdf,"Transdisciplinary Investigations of Ancient Underwater Forest Ecosystems in the Northern Gulf of Mexico, U.S.A.",,0,10
996696443701851,ETD-Doctoral,Yes,pdf,Two Problems in 2-packings of Graphs,,38,26
996696443801851,ETD-Graduate,Yes,pdf,An Application of Heterogenous-Variance Mixed-Effects Models for Quantifying Observer Variance in Expansive Natural Resource Monitoring Programs,,32,6
996696443901851,ETD-Graduate,Yes,pdf,"The Relationship Between Infant Feeding Types, Gastrointestinal Microbiome, Intestinal Inflammation, and Neurodevelopment in a Neonatal Piglet Model",,40,17
996696444001851,ETD-Graduate,Yes,pdf,Blue Cheese: Pink Discoloration Defect and Microbiome,,0,18
996696444101851,ETD-Graduate,Yes,pdf,Technology Assessment for Sustainable Irrigation Management in Southern Idaho,,49,48
996696444201851,ETD-Graduate,Yes,pdf,Mechanisms of thermal runaway and an arrhenius-based numerical prediction method for estimating thermal runaway in aviation lithium-ion batteries,,47,64
996697045801851,ETD-Graduate,Yes,pdf,Dietary inclusion of whole insect larval meal and organic acid (sodium butyrate) improve the soybean meal utilization in salmonid diets,,0,40
996697045901851,ETD-Doctoral,Yes,pdf,Developing Cultural Preparedness and Asset-Based Pedagogies in a Teacher Education Program: Relating Preservice Teachers’ Funds of Knowledge and Lesson Planning,,48,26
996697046001851,ETD-Doctoral,Yes,pdf,Applications of genomic tools for threatened species and ecosystem conservation,,41,15
996697046101851,ETD-Doctoral,Yes,pdf,"21st-century Nontraditional Doctoral Student Fathers: Negotiating Competing Role Identities as Fathers, Workers, and Doctoral Students",,57,14
996697046201851,ETD-Doctoral,Yes,pdf,African American National Football League Athletes and their Perspective of Athlete Leadership,,56,43
996697046301851,ETD-Doctoral,Yes,pdf,A Spirit of Abundance and a Mindset of Enough,,37,16
996697046401851,ETD-Graduate,Yes,pdf,"The Development, Root Egress, and Root Growth Potential of Ponderosa Pine Grown in Paper Pots and Air Pruning Trays",,39,34
996697046501851,ETD-Graduate,Yes,pdf,Localized Microgrid Control Architecture Prioritizing State-of-Charge Coordination,,0,4
996697046601851,ETD-Doctoral,Yes,pdf,CYBERSECURITY IN THE DEEP LEARNING ERA: A COMPREHENSIVE FRAMEWORK FOR CRYPTO-RANSOMWARE DETECTION AND PREVENTION,,0,47
996697046701851,ETD-Graduate,Yes,pdf,Formal Verification for Assembly Language: Operational Semantics Modeling of RISC-V Instructions,,101,101
996697046801851,ETD-Graduate,Yes,pdf,Threads of Freedom: Stories of Resilience and Womanhood,,77,20
996697249601851,ETD-Graduate,Yes,pdf,Do Sharpness-based Optimizers Improve Generalization in Medical Image Analysis?,,47,18
996697249701851,ETD-Doctoral,Yes,pdf,Grounding the Foundations of Performance Shaping Factors and Human Reliability Analysis,,35,30
996697249801851,ETD-Doctoral,Yes,pdf,"Developing Lifelong, Profound Learning  Through Continuous Improvement",,53,31
996697249901851,ETD-Graduate,Yes,pdf,Dynamics of Chinook Salmon Juvenile Migratory Diversity in a Wilderness Stream,,0,15
996698449901851,Book chapter,Yes,pdf,Views from Zoom My Whole Self Is Brown,2024,4,4
996698745801851,Report,Yes,pdf,NCCSD Research Brief Supporting Undergraduate Students with Disabilities: A Focus on Campus Climate and Sense of Belonging,2021,7,26
996698748701851,Journal article,Yes,pdf,"Reading, Learning, and Growing: An Examination of the Benefits of Common Book Programs for First-Year Students' Development",2015,4,7
996698749201851,Journal article,Yes,pdf,"Reaching Out, Connecting Within: Community Service Participation and Sense of Belonging Among College Students",2012,4,8
996701149701851,Journal article,Yes,pdf,Procurement Contracting and ForestCommunities: Factors Affecting LocalBusiness Utilization in the Inland Northwest,2018,19,9
996701149901851,Journal article,Yes,pdf,The Fiscal Burden of Wildfires: State Expenditures and Funding Mechanisms for Wildfire Suppression in the Western U.S. and Implications for Federal Policy,2021,37,31
996705749701851,Report,Yes,pdf,"Insects of the riparian zone of the Wild River section of Hells Canyon National Recreation Area, Idaho",2024,4,4
996705749801851,Poster,Yes,pdf,Jewel beetles (Buprestidae) poster,,6,11
996705749901851,Poster,Yes,pdf,Butterflies of Idaho poster,,4,6
996721549901851,Report,Yes,pdf,"Review of fuel treatment effectiveness in forests and rangelands and a case study from the 2007 megafires in central, Idaho, USA",2011,14,14
996737727301851,Conference presentation,Yes,pdf,Writing for the NACADA Journal: Engaging Practitioners in the Scholarship of Advising,,8,9
996738149101851,Journal article,Yes,pdf,"Modern Pain Science and Alexander Technique: How Might Alexander Technique Reduce Pain?",,,
996738449401851,Report,Yes,pdf,IDAHO AT A GLANCE: Refugees in Idaho,2024,27,75
996738449501851,Report,Yes,pdf,IDAHO AT A GLANCE: Unauthorized Immigrants and Idaho’s Economy,2024,46,81
996738449601851,Report,Yes,pdf,The Unauthorized Immigrant Workforce and Idaho's Economy,2024,16,25
996738449701851,Report,Yes,pdf,"Girls and Women in Idaho – Economics, Health and Leadership",2022,21,34
996738449801851,Journal article,Yes,pdf,NATURAL RESOURCE POLICY AND COLLABORATIVE PROCESSES,2022,10,17
996740049901851,ETD-Doctoral,Yes,pdf,"TITWÁATIT, NIMIPUUTÍMT, WÉETES:   NIIMÍIPUU HA’ÁYAT CEPTEMELÍXNIKT NIMIPUUWÍITKI KAA CUKWENÉEWIT  THE STORIES, NIIMÍIPUU LANGUAGE, LAND:   NIIMÍIPUU WOMEN INVESTIGATING THE NIIMÍIPUU WAY OF THINKING AND KNOWING",,24,40
996740248101851,Newsletter article,Yes,pdf,2020 Year-End Letter,2020,1,4
996740248201851,Newsletter article,Yes,pdf,March 2021 Newsletter,2021,9,2
996740248301851,Newsletter article,Yes,pdf,July 2021 Newsletter,2021,8,6
996740248401851,Newsletter article,Yes,pdf,September 2020 Newsletter,2020,11,4
996740248501851,Newsletter article,Yes,pdf,March 2020 Newsletter,2020,8,3
996740248601851,Newsletter article,Yes,pdf,June 2020 Newsletter,2020,10,3
996740248701851,Newsletter article,Yes,pdf,2019 End of Year Letter,2019,19,1
996740248801851,Newsletter article,Yes,pdf,Spring 2019 Newsletter,2019,,
996740248901851,Newsletter article,Yes,pdf,August 2019 Newsletter,2019,10,8
996740249001851,Newsletter article,Yes,pdf,Summer 2019 Newsletter,2019,11,16
996740249101851,Newsletter article,Yes,pdf,2018 Year-End Letter,2018,18,6
996740249201851,Newsletter article,Yes,pdf,October 2018 Newsletter,2018,0,4
996740249301851,Newsletter article,Yes,pdf,March 2018 Newsletter,2018,0,5
996740249401851,Newsletter article,Yes,pdf,June 2018 Newsletter,2018,0,19
996740249501851,Newsletter article,Yes,pdf,December 2017 Newsletter,2017,0,4
996740249601851,Newsletter article,Yes,pdf,March 2023 Newsletter,2023,9,5
996740249701851,Newsletter article,Yes,pdf,June 2023 Newsletter,2023,9,16
996740249801851,Newsletter article,Yes,pdf,March 2024 Newsletter,2024,8,28
996740249901851,Newsletter article,Yes,pdf,August 2024 Newsletter,2024,12,27
996749621001851,Report,Yes,pdf,Little Green Thumbs: Growing Food Safely in Idaho School Gardens,2019,20,9
996749621101851,Report,Yes,pdf,"An Introduction to Season Extension for High-Altitude, Short-Season Gardens",2022,10,40
996749621201851,Report,Yes,pdf,BQA - Proper Euthanasia for Cattle,2018,17,16
996749621301851,Report,Yes,pdf,Evaluating adaptability of alternative crops in southern and eastern Idaho,2019,3,11
996749621401851,Report,Yes,pdf,Storage Management of Mountain Gem Russet Potatoes,2019,6,11
996749621501851,Report,Yes,pdf,"Twospotted Spider Mite on Sugar Beet: Importance, Identification, and Management",2019,0,13
996749621601851,Report,Yes,pdf,Sustainable Small Acreage Farming in Idaho: Finding and Evaluating Land,2019,4,14
996749621701851,Report,Yes,pdf,BQA - Guidelines for Preconditioning and Weaning,2018,4,9
996749621801851,Report,Yes,pdf,Evaluating LESA irrigation systems in potato production in southern and eastern Idaho,2019,3,13
996749621901851,Report,Yes,pdf,Understanding Factors Controlling Ammonia Volatilization from Fertilizer Nitrogen Applications,2019,3,27
996749622001851,Report,Yes,pdf,BQA - Cattle Processing and Injection Site Management,2018,1,9
996749622101851,Report,Yes,pdf,Best Management Practices for Minimizing Ammonia Volatilization from Fertilizer Nitrogen Applications in Idaho Crops,2019,0,14
996749622201851,Report,Yes,pdf,BQA - Record Keeping,2018,7,5
996749622301851,Report,Yes,pdf,BQA - Components of Superior Cattle Handling Facilities,2018,1,12
996749622401851,Report,Yes,pdf,"Using Disinfectants, Sanitizers, and Cleaners Safely and Effectively",2024,7,15
996749622501851,Report,Yes,pdf,How to Become USDA FSIS Inspected,2024,5,15
996749622601851,Report,Yes,pdf,Effective Termination of Cover Crops before Planting Cash Crops,2024,6,20
996749622701851,Report,Yes,pdf,Margin Protection Crop Insurance for Idaho Corn Growers,2023,3,8
996749622801851,Report,Yes,pdf,A Grower's Guide to Successful On-Farm Research,2020,0,14
996749622901851,Report,Yes,pdf,"Contribution of Agribusiness to the Magic Valley Economy, 2013",2018,5,9
996749623001851,Report,Yes,pdf,Reading and Understanding Pesticide Labels,2016,3,12
996749623101851,Report,Yes,pdf,Potato Cost of Production for Idaho - 2016; With Comparisons to 2015,2020,7,23
996749623201851,Report,Yes,pdf,Implications of Changing Feed Crop Supply and Demand for Idaho Farm Businesses and Stakeholders,2023,6,11
996749623301851,Report,Yes,pdf,Pregnancy Testing in Cattle,2024,15,37
996749623401851,Report,Yes,pdf,Planting Dates in Wheat Production in Southern Idaho,2016,2,22
996749623501851,Report,Yes,pdf,Alfalfa Leafcutting Bee Info Card,2023,1,16
996749623601851,Report,Yes,pdf,Hedging and Basis in Grain Marketing,2023,4,15
996749623701851,Report,Yes,pdf,Pea Leaf Weevils in Legumes,2023,5,8
996749623801851,Report,Yes,pdf,Best Practices Guide for CIPC Residue Sampling of Potatoes and Storage Facilities,2016,4,14
996749623901851,Report,Yes,pdf,Replacing Important Lost or Damaged Documents in Idaho,2016,3,16
996749624001851,Report,Yes,pdf,IPM of Pea Aphids in Legumes,2023,4,24
996749624101851,Report,Yes,pdf,Water and Rural Living: What Idaho Homeowners Need to Know,2016,4,12
996749624201851,Report,Yes,pdf,Adopting Quinoa in Southeastern Idaho,2016,4,13
996749624301851,Report,Yes,pdf,Cover Crops for Grazing Use in Idaho,2016,5,29
996749624401851,Report,Yes,pdf,How to Prepare for a Third-Party Audit for Food Manufacturers,2023,4,11
996749624501851,Report,Yes,pdf,Improving Nitrogen Use Efficiency in Crop Production,2015,3,13
996749624601851,Report,Yes,pdf,Premiums and Discounts for Market Beef Cows and Bulls Sold at Auction,2015,4,13
996749624701851,Report,Yes,pdf,Wireworms in Idaho Cereals: Monitoring and Identification,2015,6,15
996749624801851,Report,Yes,pdf,Centrocoris volxemi A Newly Introduced Idaho Insect,2022,17,11
996749624901851,Report,Yes,pdf,Estimation of Sugar Beet Yield and Quality with UAV-Based Sensors,2022,3,19
996749625001851,Report,Yes,pdf,Things to Consider When Buying Used Commercial Food-Processing Equipment,2022,5,13
996749625101851,Report,Yes,pdf,Starting a Steering Committee: A Change Agent s Guide to Success,2023,5,13
996749625201851,Report,Yes,pdf,Cover Crops for High-Desert Farming Systems in Idaho,2014,1,18
996749625301851,Report,Yes,pdf,Portable Test Kits for Diagnosing Potato Diseases,2013,3,10
996749625401851,Report,Yes,pdf,Crop Yield in Barley-Pulse Intercropping Systems under Well-Watered and Drought-Stressed Conditions,2022,6,22
996749625501851,Report,Yes,pdf,Customer Complaints: An Important Food-Safety and -Quality Opportunity,2022,4,17
996749625601851,Report,Yes,pdf,Business Management Guide for Grazers,2014,7,12
996749625701851,Report,Yes,pdf,Trees for Southwestern Idaho Landscapes: Selection and Irrigation,2013,5,15
996749625801851,Report,Yes,pdf,Estimation of Wheat Yield and Grain Protein with Handlheld and UAV-Mounted Sensors,2022,3,11
996749625901851,Report,Yes,pdf,Food and Your Family,2022,4,8
996749626001851,Report,Yes,pdf,Tips for Native American Entrepreneurs : A Resource Guide for Business Planning,2022,3,6
996749626101851,Report,Yes,pdf,Diga lo que piensa con Confianza,2022,15,7
996749626201851,Report,Yes,pdf,Take-All Disease of Wheat in Idaho,2022,6,8
996749626301851,Report,Yes,pdf,Tips for Native American Entrepreneurs: Business Formation,2022,4,20
996749626401851,Report,Yes,pdf,Optimum Nitrogen Rates for Wheat Depend on the Environment and Field-Specific Conditions,2022,8,16
996749626501851,Report,Yes,pdf,Speak Up With Confidence: Tips on Presenting in 9 Key Areas,2012,3,9
996749626601851,Report,Yes,pdf,"Short-Season, High-Altitude  Gardening: Lawn Care in  Short-Season, High-Altitude Zones",2010,1,7
996749626701851,Report,Yes,pdf,"Economic Development Challenges for Small Towns in Idaho s Butte, Custer, and Lemhi Counties",2012,2,42
996749626801851,Report,Yes,pdf,"Short-Season, High-Altitude Gardening: Hardy Roses for Harsh Climates",2009,0,11
996749626901851,Report,Yes,pdf,Help Protect the Famous idaho Potato: Diagnose and Control Late Blight in Your Home Garden,2022,7,18
996749627001851,Report,Yes,pdf,"Wheat Grain Yield, Quality, and Spectral. Characteristics in Response to Varied Irrigation and Nitrogen",2022,3,13
996749627101851,Report,Yes,pdf,Managing Bacterial Ring Rot of Potato,2022,7,18
996749627201851,Report,Yes,pdf,Methods for Conducting an Educational Needs Assessment,2009,23,65
996749627301851,Report,Yes,pdf,Consejos para Emprendedores: Regulaciones para la Venta Alimentos Caseros en Idaho,2022,15,11
996749627401851,Report,Yes,pdf,Double-Cropped Winter Forages,2009,6,13
996749627501851,Report,Yes,pdf,Tips for Entrepreneurs: Limited Liability Company (LLC),2021,3,6
996749627601851,Report,Yes,pdf,Native Plant Landscaping: Curb Appeal and Low-Water Use,2022,5,19
996749627701851,Report,Yes,pdf,Answers to Common Questions about Greenhouse Gases,2022,7,17
996749627801851,Report,Yes,pdf,Tips for Entrepreneurs: Idaho Regulations for Selling Cottage Foods,2021,3,14
996749627901851,Report,Yes,pdf,"Short-Season, High-Altitude Gardening: Landscaping with Native Plants",2009,0,8
996749628001851,Report,Yes,pdf,"Short-Season, High-Altitude Gardening: Growing Tree Fruits in Short-Season Gardens",2009,2,19
996749628101851,Report,Yes,pdf,"Short-Season, High-Altitude Gardening: Growing Tomatoes in Cool, Short-Season Locations",2009,1,9
996749628201851,Report,Yes,pdf,Growing Saskatoons in the Inland NW and Intermountain West,2009,3,17
996749628301851,Report,Yes,pdf,"Short-Season, High-Altitude Gardening: Choosing and Growing Adapted Vegetable Varieties",2009,1,11
996749628401851,Report,Yes,pdf,Building Healthy Eating Habits through Taste Testing in Early Childcare Centers,2021,5,22
996749628501851,Report,Yes,pdf,A Guide to Developing Food Coalitions and Policy Councils in Idaho,2021,3,11
996749628601851,Report,Yes,pdf,Training Young Shade Trees,2021,3,16
996749628701851,Report,Yes,pdf,Planning Water Access for Small-Acreage Irrigators,2023,3,9
996749628801851,Report,Yes,pdf,"Short-Season, High-Altitude Gardening: Managing Soils in Short-Season, High Altitude Zones",2009,1,7
996749628901851,Report,Yes,pdf,"Short-Season, High-Altitude Gardening: Introduction to Short-Season Gardening in Idaho",2009,1,15
996749629001851,Report,Yes,pdf,Mitigating High Phosphorus Soils,2008,4,11
996749629101851,Report,Yes,pdf,"Growing Currants, Gooseberries and Jostaberries in the Inland Northwest and Intermountain West",2009,3,14
996749629201851,Report,Yes,pdf,The Economic Impact of Snowmobiling in Valley County,2006,3,13
996749629301851,Report,Yes,pdf,"Kentucky Bluegrass: Growth, Development and Seed Production",2005,2,13
996749629401851,Report,Yes,pdf,H2O to Go--Staying Hydrated Safely!,2023,5,11
996749629501851,Report,Yes,pdf,Mission Statements and Strategic Goals: Bringing Businesses into Focus,2020,3,11
996749629601851,Report,Yes,pdf,The Veterinary Feed Directive,2020,4,7
996749629701851,Report,Yes,pdf,Shelf Life of Food: An Overview,2024,8,29
996749629801851,Report,Yes,pdf,Southern Idaho Dryland Winter Wheat Production Guide,2004,0,14
996749629901851,Report,Yes,pdf,Growing Western Huckleberries,1999,1,22
996749630001851,Report,Yes,pdf,Estimating Water Requirements of Hard Red Spring Wheat for Final Irrigations,2001,2,13
996749630101851,Report,Yes,pdf,The Economic Feasibility of Growing Wine Grapes in Idaho,2002,0,16
996749630201851,Report,Yes,pdf,Risk Assessment and Decision-Making Guidelines for Dairy Risk Management : Part 2,2020,4,10
996749630301851,Report,Yes,pdf,Sugarbeet Cyst Nematode: Impact on Sugarbeet Production in Idaho and Eastern Oregon,1997,4,15
996749630401851,Report,Yes,pdf,Idaho Spring Barley Production Guide,2003,5,19
996749630501851,Report,Yes,pdf,Risk Assessment and Decision-Making Guidelines for Dairy Risk Management : Part 1,2020,5,10
996749630601851,Report,Yes,pdf,Potato Irrigation Management,1997,3,19
996749630701851,Report,Yes,pdf,Beware signs of White Rot in garlic and other Allium crops,2020,8,10
996749630801851,Report,Yes,pdf,Preventing Potato Bruise Damage,2024,70,63
996749630901851,Report,Yes,pdf,Harvesting and Storing Fresh Garden Vegetables,2003,2,13
996749631001851,Report,Yes,pdf,Growing Strawberries in the Inland Northwest & Intermountain West,1999,1,11
996749631101851,Report,Yes,pdf,Public Attitudes About Water Quality in the HUA,1999,5,13
996749631201851,Report,Yes,pdf,Growing Raspberries and Blackberries in the Inland Northwest & Intermountain West,1999,1,11
996749631301851,Report,Yes,pdf,Alfalfa Nematodes in Idaho,1998,4,8
996749631401851,Report,Yes,pdf,The Economic and Environmental Impact of Nematode Research and Extension Program on the Idaho Agricultural Industry,2000,6,14
996749631501851,Report,Yes,pdf,"4-H Dutch Oven Cooking, Unit 1",2019,18,14
996749631601851,Report,Yes,pdf,Que hay que considerar al comenzer un negocio,2021,3,11
996749631701851,Report,Yes,pdf,Tips for Entrepreneurs: What to Think About When Starting a Business,2019,3,6
996749631801851,Report,Yes,pdf,Flowering Rush,2019,3,15
996749631901851,Report,Yes,pdf,Tips for Entrepreneurs: Regulations for Selling Prepared Foods,2019,4,9
996749632001851,Report,Yes,pdf,Wheat Streak Mosaic Virus Management in Idaho Cereals,2019,3,12
996749635701851,Report,Yes,pdf,Organic Management of Flea Beetles,2011,3,24
996749635801851,Report,Yes,pdf,Considerations & Resources for Vineyard Establishment in the Inland Pacific Northwest,2011,0,8
996749635901851,Report,Yes,pdf,Nutrient Management Guide for Dryland and Irrigated,2008,2,16
996749636001851,Report,Yes,pdf,Pollinators in Canola in the Inland PNW,2021,0,11
996749636101851,Report,Yes,pdf,Rattail Fescue: Biology & Mgmt. in Pacific NW Wheat Cropping Systems,2023,0,6
996749636201851,Report,Yes,pdf,Fruit Pie Filling for Home Canning,2021,2,14
996749636301851,Report,Yes,pdf,Building resilience through engagement: Brenda and Tony Richards. Increasing resilience among ranchers in the Pacific Northwest (Rancher-to-Rancher Case Study series),2020,9,15
996749636401851,Report,Yes,pdf,Bumble Bee Parasites and Conservation in the Pacific Northwest,2024,4,38
996749636501851,Report,Yes,pdf,Home Freezing of Seafood,2005,0,12
996749636601851,Report,Yes,pdf,"A Community-Based Response to Flooding, Jay Gordon",2018,1,11
996749636701851,Report,Yes,pdf,Buckwheat Production West of the Cascades,2023,2,10
996749636801851,Report,Yes,pdf,"Building a tradition of adaptive rangeland management -- Jack Southworth, Increasing resilience among ranchers in the Pacific Northwest (Rancher-to-Rancher Case Study series)",2020,0,12
996749636901851,Report,Yes,pdf,"Strip-Tillage for Onions and Sweet Corn, Lorin Grigg",2018,0,7
996749637001851,Report,Yes,pdf,White Campion or White Cockle,2005,0,13
996749637101851,Report,Yes,pdf,Integrated Management of Mustard Species in Wheat Production Systems,2023,4,7
996749637201851,Report,Yes,pdf,Rush Skeletonweed,2011,0,11
996749637301851,Report,Yes,pdf,Western Waterhemlock in the Pacific Northwest,2012,1,15
996749637401851,Report,Yes,pdf,Advances in Dryland Farming in the Inland Pacific Northwest,2017,9,21
996749637501851,Report,Yes,pdf,Puncturevine,2020,4,7
996749637601851,Report,Yes,pdf,Canning Vegetables,2010,1,12
996749637701851,Report,Yes,pdf,Yellow Toadflax and Dalmation Toadflax,2017,1,11
996749637801851,Report,Yes,pdf,You Can Prevent Foodborne Illness,2008,0,7
996749637901851,Report,Yes,pdf,Integrated Pest Management for the Wheat Head Armyworm Complex in the Pacific Northwest,2016,0,7
996749638001851,Report,Yes,pdf,Salsa Recipes for Canning,2013,10,41
996749638101851,Report,Yes,pdf,Integrated Management of Mayweed Chamomile in Wheat and Pulse Crop Production Systems,2017,3,6
996749638201851,Report,Yes,pdf,Harvest Weed Seed Control: Applications for PNW Wheat Production Systems,2024,8,10
996749638301851,Report,Yes,pdf,Guardado de frutas en conserva (Canning Fruits),2014,3,10
996749638401851,Report,Yes,pdf,Enhancing Crop Diversity: Steve and Becky Camp (Farmer-to-Farmer Case Study series),2015,1,10
996749638501851,Report,Yes,pdf,"Grazing management that achieves multiple-use goals, Russ Stingley (Rancher-to-Rancher Case Study series)",2019,0,16
996749638601851,Report,Yes,pdf,There Are Dangers Lurking in Your Flour,2022,0,10
996749638701851,Report,Yes,pdf,Proper Egg Handling: From Farm or Grocery Store to Table,2022,0,11
996749638801851,Report,Yes,pdf,"Strip-tilled and Direct-seeded Vegetables Integrated with Cattle Grazing, Eric Williamson",2018,0,8
996749638901851,Report,Yes,pdf,Inland Pacific Northwest Pasture Calendar,2024,15,22
996749639001851,Report,Yes,pdf,"Date, Rate, and Place: Field Book/Dairy Manure Applicators",2016,3,9
996749639101851,Report,Yes,pdf,Edamame (Vegetable Soybeans),2018,0,19
996749639201851,Report,Yes,pdf,"Conservation Tillage in a Winter Wheat - Fallow System, Ron Jirava",2018,2,10
996749639301851,Report,Yes,pdf,Soil Fertility in Organic Systems: A Guide for Gardeners and Small Acreage Farmers,2012,3,13
996749639401851,Report,Yes,pdf,Camelina: Effects of Planting Date and Method on Stand Establishment and Seed Yield,2013,1,6
996749639501851,Report,Yes,pdf,Integrated Management of Feral Rye in Winter Wheat,2020,6,14
996749639601851,Report,Yes,pdf,Flex Cropping: Bill Jepsen (Farmer to Farmer Case Study Series),2015,1,9
996749639701851,Report,Yes,pdf,Potato Psyllid Vector of Zebra Chip Disease in the PNW,2017,4,11
996749639801851,Report,Yes,pdf,Pasture Grazing amd Management in the Northwest,2009,7,9
996749639901851,Report,Yes,pdf,"Knotweed Shrubs: Identification, Biology, and Management",2008,4,8
996749640001851,Report,Yes,pdf,Storing Food for Safety and Quality,2023,5,6
996749640101851,Report,Yes,pdf,Growing Corkbark Fir and Subalpine Fir for Nursery Production,2012,15,9
996749640201851,Report,Yes,pdf,Creating Farmer Networks: A Toolkit for Promoting Vibrant Farm Communities,2012,0,6
996749640301851,Report,Yes,pdf,Mothballs: Proper Use and Alternative Controls,2007,1,12
996749640401851,Report,Yes,pdf,Managing Organic Debris for Forest Health,2008,4,12
996749640501851,Report,Yes,pdf,Cattle Vaccine Handling and Management Guidelines,2012,8,24
996749640601851,Report,Yes,pdf,Flies in School Kitchens,2022,1,7
996749640701851,Report,Yes,pdf,Manage Irrigation Water Quality Crop Production,2006,0,14
996749640801851,Report,Yes,pdf,Protecting Grapevines from Winter Injury,2008,1,7
996749640901851,Report,Yes,pdf,Commercial Red Raspberry Production in the PNW,2006,2,18
996749641001851,Report,Yes,pdf,Nutrition for Older Adults: Preventing Malnutrition as the Body Ages,2021,1,12
996749641101851,Report,Yes,pdf,Market Poultry Lesson Plans: from Egg to Animal,2022,7,16
996749641201851,Report,Yes,pdf,Managing Salt-Affected Soils for Crop Production,2022,3,18
996749641301851,Report,Yes,pdf,Ties to the Land: Succession Planning for Rural Landowners,2022,3,32
996749641401851,Report,Yes,pdf,Integrated Pest Management for Ants in Schools,2022,0,9
996749641501851,Report,Yes,pdf,Nurturing Resilience: Protective Factors for Resilience/Fomentar la resiliencia: Factores protectores de la resiliencia,2022,0,9
996749641601851,Report,Yes,pdf,Integrated Management of Wild Oat in the Pacific Northwest,2024,8,30
996749641701851,Report,Yes,pdf,Integrated Pest Management for Ants in Classrooms,2022,0,9
996749641801851,Report,Yes,pdf,Russian Olive Trees: Control and Management in the Pacific Northwest,2024,13,69
996749641901851,Report,Yes,pdf,How to Reduce Bee Poisoning From Pesticides,2016,0,10
996749642001851,Report,Yes,pdf,Fire-Resistant Plants for Home Landscapes,2023,5,23
996749642101851,Report,Yes,pdf,Beekeeping Equipment Expenses: Woodenware and Other Components,2020,1,11
996749642201851,Report,Yes,pdf,Revenue Sources for a Commercial Beekeeping Operation in the PNW,2020,1,14
996749642301851,Report,Yes,pdf,Land Measurement and Mapping,2020,0,10
996749642401851,Report,Yes,pdf,"Honey Bee Colony Maintenance Expenses: Supplemental Feed, Requeening and Medication",2020,0,6
996749642501851,Report,Yes,pdf,Sanitizer Basics for the Food Industry,2020,0,10
996749642601851,Report,Yes,pdf,Scotch Thistle,2002,6,7
996749642701851,Report,Yes,pdf,"Tree Growth, Forest Mgmt, &  Implications Wood Quality",2003,3,7
996749642801851,Report,Yes,pdf,Monitoring Soil Nutrients/Mgmt Unit Approach,2002,1,14
996749642901851,Report,Yes,pdf,Dairy Manure Applications in Irrigated Wheat Production Systems,2020,16,28
996749643001851,Report,Yes,pdf,Big Game from Hunt to Home,2009,0,13
996749643101851,Report,Yes,pdf,"Planning and Implementing Cross-boundary, Landscape-scale Restoration and Wildfire Risk Reduction Projects",2018,0,6
996749643201851,Report,Yes,pdf,Farm Safety Series,1997,8,9
996749643301851,Report,Yes,pdf,Nitrogen Uptake and Utilization by Pacific Northwest Crops,1998,6,18
996749643401851,Report,Yes,pdf,Integrated Weed Management in Dry Edible Beans,2000,3,11
996749643501851,Report,Yes,pdf,Western Roots: Diving into a sagebrush sea of diversity,2018,0,8
996749643601851,Report,Yes,pdf,Farm-Direct Marketing: Food Safety and Product Quality,2015,1,8
996749643701851,Report,Yes,pdf,Field Guide for Diagnosing Common Wheat Maladies of the Pacific Northwest,2017,0,17
996749643801851,Report,Yes,pdf,Megachilid Bees in the Pacific Northwest: An Introduction,2015,1,10
996749643901851,Report,Yes,pdf,Fertilizing with Biosolids,2014,0,6
996749644001851,Report,Yes,pdf,How to Feed Your Laying  Hens,2015,1,11
996749644101851,Report,Yes,pdf,Growing Kiwifruit: A Guide to Kiwiberries and Fuzzy Kiwifruit  for Pacific Northwest Producers,2003,8,28
996749644201851,Report,Yes,pdf,Grow Your Own Beans and Peas,1995,4,9
996749644301851,Report,Yes,pdf,Managing Russian Thistle Under Conservation Tillage,2019,5,10
996749644401851,Report,Yes,pdf,Overwintered Honey Bee Nucleus Colonies: Big Solutions in Small Packages,2014,0,6
996749644501851,Report,Yes,pdf,Judging Meat Goats and Oral Reasons 101,2015,66,98
996749644601851,Report,Yes,pdf,Sampling Dairy Manure and Compost for Nutrient Analysis,2014,8,17
996749644701851,Report,Yes,pdf,Judging Swine and Oral Reasons 101,2014,31,46
996749644801851,Report,Yes,pdf,Best Management Practices for Construction of Sand-based Athletic Fields for Football and Soccer,2014,1,9
996749644901851,Report,Yes,pdf,"Best Management Practices for Maintaining of Sand-based, Natural Grass Athletic Fields",2014,1,4
996749645001851,Report,Yes,pdf,The Care and Maintenance of Wood Shingle and Shake Roofs,2020,1,12
996749645101851,Report,Yes,pdf,Pantry Pest Guide,2020,9,10
996749645201851,Report,Yes,pdf,4H Animal Science Lesson Plans - Level 1,2020,39,61
996749645301851,Report,Yes,pdf,Straw Removal Calculator Guide,2023,1,14
996749645401851,Report,Yes,pdf,Why Did my Chickens Stop Laying?,2002,2,9
996749645501851,Report,Yes,pdf,Threat-Based Land Management in the Northern Great Basin: A Field Guide,2019,1,8
996749645601851,Report,Yes,pdf,Sensor Sprayer for Specialty Crop Production,2019,0,8
996749645701851,Report,Yes,pdf,Biosolids in Dryland Cropping Systems,2019,0,7
996749645801851,Report,Yes,pdf,Explore the World of Small Animals,2002,1,6
996749645901851,Report,Yes,pdf,Using and Caring for Your Pressure Canner,2022,2,12
996749646001851,Report,Yes,pdf,Manage Wildlife Conflicts in Your Home and Garden,2019,3,10
996749646101851,Report,Yes,pdf,Choosing Pear Rootstocks for the Pacific Northwest,1989,3,14
996749646201851,Report,Yes,pdf,Pickling Vegetables,2014,2,25
996749646301851,Report,Yes,pdf,F to C Marketing 4: Place of Business & Product Quality,2015,0,5
996749646401851,Report,Yes,pdf,Agronomic Zones for the Dryland Pacific Northwest,2019,1,11
996749646501851,Report,Yes,pdf,"F to C Marketing 3: Merchandising, Pricing & Promo",2015,2,7
996749646601851,Report,Yes,pdf,Costs of Owning and Operating Farm Machinery,2010,4,12
996749646701851,Report,Yes,pdf,Canning Seafood,2015,1,9
996749646801851,Report,Yes,pdf,4-H Leathercraft Project,1998,0,6
996749646901851,Report,Yes,pdf,Thinning: An Important Timber Management Tool,1982,7,21
996749647001851,Report,Yes,pdf,F to C Marketing 2: Production and Marketing,2015,0,5
996749647101851,Report,Yes,pdf,Price Indices for Estimating Cattle Prices in the Pacific Northwest,2014,0,9
996749647201851,Report,Yes,pdf,Helping Memory-Impaired Elders: A Guide for Caregivers,2015,0,14
996749647301851,Report,Yes,pdf,"Clover Root Curculio in Alfalfa: Identification, Biology, and Management",2013,5,9
996749647401851,Report,Yes,pdf,Crop Management Series: No-Till & Minimum Till Farm,1986,6,18
996749647501851,Report,Yes,pdf,Growing Christmas Trees in the Pacific Northwest,2002,3,23
996749647601851,Report,Yes,pdf,Freezing Convenience Foods Prepared at Home,2001,2,13
996749647701851,Report,Yes,pdf,"Identifying and Managing Christmas Tree Diseases, Pests, & Other Prob/Identificaci n y Manejo de Enfermedades, Plagas y Otros Problemas en  rboles de Navidad",2013,0,11
996749647801851,Report,Yes,pdf,Canning Tomatoes and Tomato Products,2014,6,19
996749647901851,Report,Yes,pdf,"Western corn rootworm in eastern Oregon, Idaho, and eastern Washington",2013,3,7
996749648001851,Report,Yes,pdf,Photo Monitoring for Ranchers Field Guide,2014,0,3
996749648101851,Report,Yes,pdf,Phosphorus Fertiliz. of Late-Planted Winter Wheat in No-Till Fallow,2011,0,10
996749648201851,Report,Yes,pdf,F to C Marketing 6: Financial Management,2015,0,10
996749648301851,Report,Yes,pdf,Marketing Alternatives for Fresh Produce,2008,0,6
996749648401851,Report,Yes,pdf,Evaluating Honey Bee Colonies for Pollination,2010,1,8
996749648501851,Report,Yes,pdf,Large Raspberry Aphid (Amphorophora agathonica),2012,1,6
996749648601851,Report,Yes,pdf,Lesion Nematodes,2015,0,9
996749648701851,Report,Yes,pdf,4-H Home Food Preservation Series: Freezing Project Manual,2012,17,11
996749648801851,Report,Yes,pdf,4-H Home Food Preservation Series: Pressure Canning Project Manual,2012,17,12
996749648901851,Report,Yes,pdf,Sagebrush wildflowers: From bloom to seed,2024,3,17
996749724501851,Report,Yes,pdf,Guide to Idaho Crayfish,2024,32,61
996749724601851,Report,Yes,pdf,Impact of Freezing Temperatures on Potato Tubers,2024,7,32
996749724701851,Report,Yes,pdf,Southern Idaho Fertilizer Guide: Sugar Beets,2019,7,28
996749724801851,Report,Yes,pdf,Designing an Edible Idaho Landscape,2019,4,8
996749724901851,Report,Yes,pdf,4-H Elements and Principles of Design,2018,7,33
996749725001851,Report,Yes,pdf,BQA - Guidelines for Culling Beef Animals,2018,6,7
996749725101851,Report,Yes,pdf,BQA - Guidelines for Calving Management,2018,6,7
996749725201851,Report,Yes,pdf,Liability in E-Commerce,2024,3,11
996749725301851,Report,Yes,pdf,IPM of Cutworms,2023,0,13
996749725401851,Report,Yes,pdf,IPM of Armyworms,2023,0,11
996749725501851,Report,Yes,pdf,Potato Respiration I,2024,19,27
996749725601851,Report,Yes,pdf,BQA - Feedstuff Guidelines,2018,7,6
996749725701851,Report,Yes,pdf,Storage Management of Dakota Russet Potatoes,2024,8,22
996749725801851,Report,Yes,pdf,Nematodes Associated with Onion in Idaho and Eastern Oregon,2016,9,18
996749725901851,Report,Yes,pdf,Soil Testing to Guide Fertilizer Management,2023,18,86
996749726001851,Report,Yes,pdf,Scheduling the Final Irrigation for Wheat and Barley,2017,3,9
996749726101851,Report,Yes,pdf,Managing Price Risks Using Grain Contracts,2023,6,30
996749726201851,Report,Yes,pdf,Practical Coping Skills for Managing Stress,2023,4,13
996749726301851,Report,Yes,pdf,IPM of Fusarium Dry Rot in Potato,2023,5,17
996749726401851,Report,Yes,pdf,IPM of Pea Weevil in Peas,2023,3,15
996749726501851,Report,Yes,pdf,Reemplazando documentos perdidos o da ados en Idaho,2016,3,8
996749726601851,Report,Yes,pdf,"Contribution of Agribusiness to the Idaho Economy, 2013",2015,3,11
996749726701851,Report,Yes,pdf,IPM of Aphids in Cereals,2023,17,14
996749726801851,Report,Yes,pdf,Costs and Benefits of Applying for Deferred Action for Childhood Arrivals (DACA),2016,3,9
996749726901851,Report,Yes,pdf,Indoor Container Garden (SEED),2023,4,11
996749727001851,Report,Yes,pdf,Phytophthora Bleeding Canker of Maple Trees,2023,10,31
996749727101851,Report,Yes,pdf,Soil Insects and Other Arthropods in Palouse Agroecosystems,2023,5,18
996749727201851,Report,Yes,pdf,Diagnosing and Managing Rhizoctonia in Idaho Bean Crops,2023,6,8
996749727301851,Report,Yes,pdf,Verticillium Wilt of Trees in Idaho,2023,8,19
996749727401851,Report,Yes,pdf,Idaho Forestry Best Management Practices Field Guide: Using BMPs to Protect Water Quality,2015,3,14
996749727501851,Report,Yes,pdf,Economic Contribution of Idaho Agriculture,2024,7,18
996749727601851,Report,Yes,pdf,Nitrogen Management in Field Crops with Reference Strips and Crop Sensors,2015,1,12
996749727701851,Report,Yes,pdf,"Contribution of Agribusiness to Idaho's Economy, 2011",2014,3,8
996749727801851,Report,Yes,pdf,Tools for Facilitating Change in Rural Communities,2015,5,13
996749727901851,Report,Yes,pdf,Agronomics of Leasing Fields for Potato Production,2023,4,18
996749728001851,Report,Yes,pdf,Organic Potato Production in Idaho: Nutrient Management and Variety Selection,2013,3,10
996749728101851,Report,Yes,pdf,IDAH2O Master Water Stewards Handbook,2013,3,14
996749728201851,Report,Yes,pdf,Center Pivot Irrigation for Corn: Water Management and  System Design Considerations in Southern Idaho,2013,3,17
996749728301851,Report,Yes,pdf,Market Fresh in a SNAP,2023,6,12
996749728401851,Report,Yes,pdf,Cereal Grass Aphid: A Newly Invasive Pest in North America,2022,10,26
996749728501851,Report,Yes,pdf,"Phosphorus in the Calcareous Soils of Southern Idaho: A Literature Review with Implications for Crop Production, Manure Management, and Water Quality",2011,5,16
996749728601851,Report,Yes,pdf,Costs and Returns for Irrigated Organic Russet Burbank Potato Production in Southern Idaho,2010,4,14
996749728701851,Report,Yes,pdf,Powdery Scab of Potato,2022,14,42
996749728801851,Report,Yes,pdf,Alaska Field Guide to Potato Pests and Beneficial Insects in English and Russian,2012,8,16
996749728901851,Report,Yes,pdf,Potato Mop-Top Virus: Biology and Disease Managment,2022,7,20
996749729001851,Report,Yes,pdf,Consejos Para Emprendedores: Sociedad de Responsabilidad Limitada,2023,15,7
996749729101851,Report,Yes,pdf,"Short-Season, High-Altitude Gardening: Growing Small-Fruit Crops in Short-Season Gardens",2009,3,25
996749729201851,Report,Yes,pdf,"Short-Season, High-Altitude Gardening: Selecting, Planting, and Caring for Trees, Shrubs, Vines",2009,1,9
996749729301851,Report,Yes,pdf,"Short-Season, High-Altitude Gardening: Herbaceous Ornamentals: Annuals, Perennials, and Ornatmental Grasses",2009,7,19
996749729401851,Report,Yes,pdf,Tips for Entrepreneurs: Money Management for Business Owners,2020,8,13
996749729501851,Report,Yes,pdf,"Short-Season, High-Altitude Gardening: Gardening Strategies for Short-Season, High-Altitude Zones",2009,0,8
996749729601851,Report,Yes,pdf,Know Your Herbicide-Resistant Weeds,2021,3,11
996749729701851,Report,Yes,pdf,The 4-H Meeting Wheel,2021,4,14
996749729801851,Report,Yes,pdf,La Planificaci n Esencial de Reuniones de Clubs 4-H:La Rueda de Reuniones 4-H,2022,5,10
996749729901851,Report,Yes,pdf,Estimating Long-Term Idaho Hay Prices Using Multiple Data Sources,2021,7,14
996749730001851,Report,Yes,pdf,Ensiling Pressed Beet Pulp,2007,6,12
996749730101851,Report,Yes,pdf,Kentucky Bluegrass Production,2005,0,11
996749730201851,Report,Yes,pdf,Pasture Principles for Smaller Acreages,2023,13,23
996749730301851,Report,Yes,pdf,2020 Southern Idaho Hard Winter Wheat Quick Facts,2020,4,7
996749730401851,Report,Yes,pdf,Spring Vegetable Planting Guide for Idaho,2020,6,12
996749730501851,Report,Yes,pdf,2020 Southern Idaho Soft White Spring Wheat Quick Facts,2020,6,14
996749730601851,Report,Yes,pdf,2020 Southern Idaho Hard Spring Wheat Quick Facts,2020,6,14
996749730701851,Report,Yes,pdf,2020 Southern Idaho Soft White Winter Wheat Quick Facts,2020,6,10
996749730801851,Report,Yes,pdf,Potato Seed Certification and Selection in Idaho,2022,6,9
996749730901851,Report,Yes,pdf,Southwest Idaho Plants That Can Endanger Livestock,2020,5,16
996749731001851,Report,Yes,pdf,Nutrient Management Guidelines for Russet Burbank Potatoes,2004,1,23
996749731101851,Report,Yes,pdf,Property Rights: A Primer,2001,0,13
996749731201851,Report,Yes,pdf,Storage Management for Umatilla Russet Potatoes,2003,3,16
996749731301851,Report,Yes,pdf,Economics of Yellow Mustard in the Pacific Northwest,2000,2,13
996749731401851,Report,Yes,pdf,Credit Cents,2007,3,8
996749731501851,Report,Yes,pdf,Planning an Idaho Vegetable Garden,1996,4,11
996749731601851,Report,Yes,pdf,Soil and the Environment: A Land and Homesite Evaluation Handbook and Training Guide,2012,3,17
996749731701851,Report,Yes,pdf,Risk Assessment and Decision-Making Guidelines for Dairy Risk Management: Part 3,2020,5,11
996749731801851,Report,Yes,pdf,Uniform Plant Stand Is Key to Crop Yield and Quality,2019,8,19
996749731901851,Report,Yes,pdf,Idaho Forage Handbook (third edition),2005,0,10
996749732001851,Report,Yes,pdf,Tips for Entrepreneurs: Expanding a Business by Adding Paid Employees,2020,3,18
996749732101851,Report,Yes,pdf,Tips for Entrepreneurs: Notario Fraud,2020,3,10
996749732201851,Report,Yes,pdf,How To Prune Coniferous Evergreen Trees,1985,1,15
996749732301851,Report,Yes,pdf,Expansi n de un Negocio Mediante la Adici n de Empleados Remunerados,2022,15,11
996749732401851,Report,Yes,pdf,Tips for Entrepreneurs: Expanding a Business--The Physical Site,2020,5,7
996749732501851,Report,Yes,pdf,Custom Rates for Idaho Agricultural Operations: 2013-2014,2015,0,10
996749732601851,Report,Yes,pdf,Regulaciones para vender alimentos preparados,2021,4,8
996749732701851,Report,Yes,pdf,"Idaho's Noxious Weeds, 10th Edition",2022,10,15
996749732801851,Report,Yes,pdf,Performance of Forage and Conservation Grasses in Northern Idaho,1998,1,20
996749732901851,Report,Yes,pdf,Growing Blueberries in the Inland Northwest & Intermountain West,1999,3,20
996749733001851,Report,Yes,pdf,Performance of Perennial Forage Legumes in Northern Idaho,1998,3,13
996749733101851,Report,Yes,pdf,Growing Apples for Local Markets in Cold Climates,2000,0,8
996749733201851,Report,Yes,pdf,"4-H Dutch Oven Cooking, Helper's Guide",2019,16,17
996749733301851,Report,Yes,pdf,"4-H Dutch Oven Cooking, Unit 2",2019,3,7
996749733401851,Report,Yes,pdf,"Sugar Beet Root Maggot: Identification, Biology, and Management",2019,7,14
996749733501851,Report,Yes,pdf,From Weeds to Flowers: Creating Sustainable Wildflower Meadows in Arid Climates,2019,7,12
996749734801851,Report,Yes,pdf,Basic Inventory Techniques for Family Forest Owners,2011,6,16
996749734901851,Report,Yes,pdf,Pigweeds: Current and Emerging Weed Threats in the Pacific Northwest,2021,5,14
996749735001851,Report,Yes,pdf,Biodiesel in the Pacific Northwest,2021,0,14
996749735101851,Report,Yes,pdf,Best Management Practices for Managing Herbicide Resistance,2021,4,12
996749735201851,Report,Yes,pdf,Exploring organic grain and forage production as a profitable market for Palouse farmers,2020,16,14
996749735301851,Report,Yes,pdf,Guide to Using and Caring for your Electric Pressure Cooker,2021,15,16
996749735401851,Report,Yes,pdf,Identification and Habits of Key Ant Pests in the PNW,2010,2,12
996749735501851,Report,Yes,pdf,Growing Wasabi in the Pacific Northwest,2007,1,24
996749735601851,Report,Yes,pdf,Physiological Leaf Roll of Tomato,2011,2,14
996749735701851,Report,Yes,pdf,Six Steps to Calibrate and Optimize Airblast Sprayers,2021,0,10
996749735801851,Report,Yes,pdf,2018 Farm Bill Agricultural Commodity Support Programs,2020,15,13
996749735901851,Report,Yes,pdf,Nightshade: Biology & Control in the PNW,2005,5,9
996749736001851,Report,Yes,pdf,Meadow Deathcamas in the Pacific Northwest,2012,1,10
996749736101851,Report,Yes,pdf,Propagation of Plants from Specialized Structures,2009,4,14
996749736201851,Report,Yes,pdf,Fish Pickling & Other Aquatic Foods for Home Use,2009,0,8
996749736301851,Report,Yes,pdf,Propagating Plants from Seed,2008,2,13
996749736401851,Report,Yes,pdf,"Propagating Shrubs, Trees, Vines with Stem Cuttings",2015,1,14
996749736501851,Report,Yes,pdf,Turfgrass Seeding Recommendations for the PNW,2009,1,12
996749736601851,Report,Yes,pdf,"Canning Meat, Poultry, and Game",2018,2,20
996749736701851,Report,Yes,pdf,Smoking Fish at Home Safely,2008,0,14
996749736801851,Report,Yes,pdf,Trees Against the Wind,2002,3,30
996749736901851,Report,Yes,pdf,What Are Your Forages Worth?,2013,0,9
996749737001851,Report,Yes,pdf,Stripper Header and Direct Seeding: Ron and Andy Juris (Farmer-to-Farmer Case Study Series),2017,1,14
996749737101851,Report,Yes,pdf,Variable Rate Nitrogen Application: Eric Odberg (Farmer-to-Farmer Case Study Series),2016,2,14
996749737201851,Report,Yes,pdf,Canning Fruits,2011,0,10
996749737301851,Report,Yes,pdf,Integrated Management of Prickly Lettuce in Wheat Production Systems,2016,0,6
996749737401851,Report,Yes,pdf,Apple Scab,2004,0,12
996749737501851,Report,Yes,pdf,Biofumigant Cover Cropping in Potatoes: Dale Gies (Farmer-to-Farmer Case Study Series),2017,7,24
996749737601851,Report,Yes,pdf,Measuring Up,1998,2,5
996749737701851,Report,Yes,pdf,Aquatic Vegetation Management and Control,1982,0,15
996749737801851,Report,Yes,pdf,Pea Shoots,2018,0,9
996749737901851,Report,Yes,pdf,"Grazed Cover Cropping, Drew Leitch (Farmer to Farmer Case Study Series)",2019,3,11
996749738001851,Report,Yes,pdf,Using Entomopathogenic Nematodes for Crop Insect Pest Control,2011,0,12
996749738101851,Report,Yes,pdf,Fresh Cheese Made Safely,2019,1,11
996749738201851,Report,Yes,pdf,"Diversifying Dryland Direct Seed Systems, Steve and Nate Riggers (Farmer-to-Farmer Case Study Series)",2018,0,7
996749738301851,Report,Yes,pdf,4-H Cavy Project Leader Guide,2005,1,13
996749738401851,Report,Yes,pdf,Elaboraci n Segura del Queso Fresco,2019,0,12
996749738501851,Report,Yes,pdf,Deficit irrigation of a diverse irrigated rotation: Jake Madison,2018,7,10
996749738601851,Report,Yes,pdf,Ethanol in the Pacific Northwest,2018,2,9
996749738701851,Report,Yes,pdf,Fertilizing with Manure,2015,2,13
996749738801851,Report,Yes,pdf,Baby Corn,2018,3,11
996749738901851,Report,Yes,pdf,Propagation of Plants by Grafting and Budding,2010,3,18
996749739001851,Report,Yes,pdf,Organic Small Grain Production in the Inland Pacific Northwest: A Collection of Case Studies,2015,0,6
996749739101851,Report,Yes,pdf,Internal Dry Scale and Associated Bulb Rots of Onion,2015,2,12
996749739201851,Report,Yes,pdf,Genetically Engineered Alfalfa and Feral Alfalfa Plants: What Should Growers Know?,2015,1,10
996749739301851,Report,Yes,pdf,Natural Insecticides,2012,0,7
996749739401851,Report,Yes,pdf,Italian Ryegrass Management in Inland Pacific Northwest Dryland Cropping Systems,2024,6,16
996749739501851,Report,Yes,pdf,Integrated Management of Downy Brome in Winter Wheat,2020,3,8
996749739601851,Report,Yes,pdf,Nutrient Management for Field Corn Silage & Grain in the Inland Pacific Northwest,2009,17,32
996749739701851,Report,Yes,pdf,Controlling Root and Crown Diseases of Small Grain Cereals,2011,10,16
996749739801851,Report,Yes,pdf,4-H Dressage Manual,2009,3,10
996749739901851,Report,Yes,pdf,Field Guide for Integrated Pest Management in Pacific Northwest Vineyards,2012,2,11
996749740001851,Report,Yes,pdf,"Powdery Mildew on Sugarbeet: Importance, Identification, and Control",2012,0,7
996749740101851,Report,Yes,pdf,Wireworm Biology and Nonchemical Management,2007,5,14
996749740201851,Report,Yes,pdf,Sweet Cherry Orchard Establishment in the Pacific Northwest,2012,0,8
996749740301851,Report,Yes,pdf,Estimating Plant-Available Nitrogen Release from Cover Crops,2011,2,13
996749740401851,Report,Yes,pdf,Integrated Pest Management Guidelines and Current Biocontrol Status for Cereal Leaf Beetle Management in the Pacific Northwest,2024,5,28
996749740501851,Report,Yes,pdf,Perform of Hard Red Winter Wheat in Late-Planted No-Till Fallow,2015,3,5
996749740601851,Report,Yes,pdf,"Introduction to Forest Carbon, Offsets and Markets",2023,5,22
996749740701851,Report,Yes,pdf,Good Field Practices for Agricultural Workers,2022,1,12
996749740801851,Report,Yes,pdf,Integrated Pest Management of Non-Biting Flies in Schools,2022,0,10
996749740901851,Report,Yes,pdf,Pesticide Redistribution and Its Implications on Pesticide Efficacy,2023,0,18
996749741001851,Report,Yes,pdf,"Threat-Based Management for Creeks, Streams and Rivers: A Manager s Guide for Understanding and Managing Flowing Waters in Sagebrush Ecosystems of the Pacific Northwest",2023,3,29
996749741101851,Report,Yes,pdf,Silver Scurf Management in Potatoes,2012,3,13
996749741201851,Report,Yes,pdf,Sweet Cherry Cultivars for the Fresh Market,2006,0,7
996749741301851,Report,Yes,pdf,Carbon sequestration potential in cropland soils in the inland Pacific Northwest: Knowledge and gaps,2023,2,15
996749741401851,Report,Yes,pdf,Acidifying Soil for Crop Production: Inland PNW,2006,1,15
996749741501851,Report,Yes,pdf,Biology & Management of the Potato Tuberworm in PNW,2006,7,8
996749741601851,Report,Yes,pdf,Nurturing Resilience: Interactions are the Heart of Resilience/Fomentar la resiliencia: Las interacciones son el corazon del la resiliencia,2022,0,8
996749741701851,Report,Yes,pdf,Sampling Agricultural Odors,2007,0,9
996749741801851,Report,Yes,pdf,Nurturing Resilience: Mindful Practices for Resilience/Fomentar la resiliencia: Practicas conscientes parala resiliencia,2022,0,14
996749741901851,Report,Yes,pdf,Youth Beef Quality Assurance Manual,2008,7,7
996749742001851,Report,Yes,pdf,Lingonberry Production Guide for the PNW,2006,0,16
996749742101851,Report,Yes,pdf,Bed Bugs in the Classroom,2021,0,12
996749742201851,Report,Yes,pdf,The 4-H Horse Project,2012,1,11
996749742301851,Report,Yes,pdf,Four  Steps to Pruning Trees/Gisela & Other Rootstocks,2006,2,12
996749742401851,Report,Yes,pdf,Pruning Western White Pine: A Vital Tool for Species Restoration,2005,6,18
996749742501851,Report,Yes,pdf,Iron in Drinking Water,2005,3,14
996749742601851,Report,Yes,pdf,Integrated Pest Management for Bed Bugs in Schools,2021,1,11
996749742701851,Report,Yes,pdf,Pacific Northwest Watermelon Production East of the Cascades,2020,1,9
996749742801851,Report,Yes,pdf,Invertebrate Pest Management of the Pacific Northwest Pastures,2020,0,7
996749742901851,Report,Yes,pdf,Oxeye Daisy,2004,3,9
996749743001851,Report,Yes,pdf,Operational Equipment Expenses for a Commercial Beekeeping Operation in the Pacific Northwest,2020,2,11
996749743101851,Report,Yes,pdf,Field Bindweed,2005,7,14
996749743201851,Report,Yes,pdf,Fall and Winter Vegetable Gardening,2001,1,2
996749743301851,Report,Yes,pdf,Slow Cooking from Start to Finish,2022,4,4
996749743401851,Report,Yes,pdf,Nitrogen Management for Hard Wheat Protein Enhancement.,2004,2,12
996749743501851,Report,Yes,pdf,Mgmt Strategies/Herbicide-Resistant Grass Weeds in Wheat,2003,0,10
996749743601851,Report,Yes,pdf,Selling Logs curriculum,2020,4,8
996749743701851,Report,Yes,pdf,4-H Horse Judging Manual,2004,8,23
996749743801851,Report,Yes,pdf,Teff Grass for Forage,2018,6,23
996749743901851,Report,Yes,pdf,Nutrient Mgmt for Onions in the PNW,2000,2,18
996749744001851,Report,Yes,pdf,Applying Adaptive Grazing Management,2018,6,17
996749744101851,Report,Yes,pdf,Enhancing Reforestation Success in the Inland Northwest,2015,1,16
996749744201851,Report,Yes,pdf,The Western Oregon and Washington Pasture Calendar,2017,2,11
996749744301851,Report,Yes,pdf,Developing Quality Christmas Trees in the Pacific Northwest,2015,1,10
996749744401851,Report,Yes,pdf,Cost and Returns Baseline for the Dryland Grain Annual Cropping Region of the Pacific Northwest for 2011 2015 with a 2016 Comparison,2017,0,4
996749744501851,Report,Yes,pdf,Worksheet for Calculating Biosolids Application Rates in Agriculture,2018,1,13
996749744601851,Report,Yes,pdf,Canning Smoked Fish At Home,2013,4,13
996749744701851,Report,Yes,pdf,4-H Hunt Seat and Jumper Manual,1995,1,13
996749744801851,Report,Yes,pdf,"Raising Ratites: Ostriches, Emu, and Rheas",1995,3,22
996749744901851,Report,Yes,pdf,Short-Season Vegetable Garden,1995,0,5
996749745001851,Report,Yes,pdf,Farm Direct Marketing: Legal Guide to Farm Direct Marketing,2015,0,13
996749745101851,Report,Yes,pdf,Judging Sheep and Oral Reasons 101,2015,23,34
996749745201851,Report,Yes,pdf,Plant-parasitic nematodes affecting small grain cereals in the PNW,2014,2,13
996749745301851,Report,Yes,pdf,Navigating Work and Family,2001,0,6
996749745401851,Report,Yes,pdf,Avoiding Residues in Small-flock Turkeys & Game Birds,2002,0,6
996749745501851,Report,Yes,pdf,Management of White Mold of Beans,2002,0,7
996749745601851,Report,Yes,pdf,Encouraging Beneficial Insects in Your Garden,2000,1,8
996749745701851,Report,Yes,pdf,Nutrient Management Guide: Camelina,2019,1,15
996749745801851,Report,Yes,pdf,Training & Pruning Your Home Orchard,2010,2,11
996749745901851,Report,Yes,pdf,Threat-Based Land Management in the Northern Great Basin: A Manager s Guide,2019,1,16
996749746001851,Report,Yes,pdf,Managing Late Blight on Irrigated Potatoes in the PNW,2002,0,8
996749746101851,Report,Yes,pdf,Herbicide-Resistant Weeds and Their Management,2010,16,20
996749746201851,Report,Yes,pdf,Photo Monitoring for Ranchers Technical Guide,2014,8,8
996749746301851,Report,Yes,pdf,Mineral  Supplementation of Beef Cattle in the Pacific Northwest,2014,0,12
996749746401851,Report,Yes,pdf,Coping with Caregiving,2016,0,7
996749746501851,Report,Yes,pdf,Drying Fruits and Vegetables,2008,162,258
996749746601851,Report,Yes,pdf,Making Garlic- and Herb-Infused Oils at Home,2013,16,25
996749746701851,Report,Yes,pdf,Break-even Analysis of Small-scale Production of Pastured Organic Poultry,2014,3,17
996749746801851,Report,Yes,pdf,Cherry Training Systems,2014,1,14
996749746901851,Report,Yes,pdf,Farmer to Farmer (F to C) Marketing 1,2015,1,5
996749747001851,Report,Yes,pdf,Judging Beef Cattle and Oral Reasons 101,2014,39,57
996749747101851,Report,Yes,pdf,Poison Oak and Poison Ivy,2018,6,47
996749747201851,Report,Yes,pdf,Scotch Broom: Biology & Mgmt. in the PNW,2007,2,8
996749747301851,Report,Yes,pdf,Freezing Fruits and Vegetables,2018,2,17
996749747401851,Report,Yes,pdf,F to C Marketing 5: Personnel Management,2015,0,4
996749747501851,Report,Yes,pdf,Making Jerky at Home Safely,2020,9,17
996749747601851,Report,Yes,pdf,Wild Carrot,2002,0,6
996749747701851,Report,Yes,pdf,4-H Driving Manual,1983,4,15
996749747801851,Report,Yes,pdf,Cranberry Production in the PNW,2002,1,10
996749747901851,Report,Yes,pdf,"Rhizoctonia on Sugar Beet: Importance, Identific., & Control in the NW",2010,0,13
996749748001851,Report,Yes,pdf,Meadow Voles and Pocket Gophers,2022,11,15
996749748101851,Report,Yes,pdf,Weed and Vegetation Management in Christmas Trees,2017,0,8
996749748201851,Report,Yes,pdf,"Grass Seeding Forest Roads, Skid Trails, & Landings in the Inland NW",2010,4,10
996749748301851,Report,Yes,pdf,Dehorn Calves with Paste/Descornar terneras con pasta,2010,1,6
996749748401851,Report,Yes,pdf,Sweet Cherry Rootstocks for the Pacific Northwest,2021,0,9
996749748501851,Report,Yes,pdf,Feeding Meat-type Chickens,2013,0,4
996749748601851,Report,Yes,pdf,Cereal Cyst Nematodes,2016,4,20
996749748701851,Report,Yes,pdf,Blueberry Cultivars for the Pacific Northwest,2013,1,15
996749748801851,Report,Yes,pdf,"Rhizomania on Sugar Beet: Importance, Identification, Control",2013,1,8
996749748901851,Report,Yes,pdf,Reducing Fire Risk on your Forest Property,2009,7,15
996749749001851,Report,Yes,pdf,Corn Smuts,2012,0,9
996749749101851,Report,Yes,pdf,Raspberry Cultivars for the Pacific Northwest,2013,1,12
996749749201851,Report,Yes,pdf,4-H Home Food Preservation Series: Boiling Water Canning Project Manual,2012,17,11
996749749301851,Report,Yes,pdf,4-H Home Food Preservation Series: Drying Project Manual,2012,19,19
996751130301851,Report,Yes,pdf,Idaho Environmental/Nutrient Management Program (E/NMP) Basics,2020,8,24
996751130401851,Report,Yes,pdf,Monitoring Tools for a Potato Bruise Prevention Program,2020,6,15
996751130501851,Report,Yes,pdf,Utilizing Barn Owl Boxes for Management of Vole Populations,2020,7,21
996751130601851,Report,Yes,pdf,Buying and Selling Hay on the Stump,2020,3,12
996751130701851,Report,Yes,pdf,Soil-Testing Procedures for Southern Idaho Soils,2020,1,19
996751130801851,Report,Yes,pdf,Quick Facts: Idaho Beans,2020,6,9
996751130901851,Report,Yes,pdf,Predicting Alfalfa Forage Quality in Southern Idaho,2022,1,14
996751131001851,Report,Yes,pdf,Being Financially Aware When Divorce Occurs: An Idaho Guide,2020,15,18
996751131101851,Report,Yes,pdf,Vermicomposting at Home,2020,3,11
996751131201851,Report,Yes,pdf,Field Corn Harvest Recommendations for Idaho,2020,3,16
996751131301851,Report,Yes,pdf,Women Farmers on the Rise? Understanding USDA Data-Collection Methods,2022,3,12
996751131401851,Report,Yes,pdf,Curlycup Gumweed,2022,17,7
996751131501851,Report,Yes,pdf,Grasshopper Management in the Pacific Northwest,2020,5,34
996751131601851,Report,Yes,pdf,"Growing Peppers in Short-Season, High-Altitude Gardens",2020,7,21
996751131701851,Report,Yes,pdf,Black Medic,2022,3,13
996751131801851,Report,Yes,pdf,Nutrition for Healthy Aging,2020,6,12
996751131901851,Report,Yes,pdf,Improving Weed Control in Dry Bean Using Narrow Planting,2020,3,3
996751132001851,Report,Yes,pdf,Estimating the Efficiency and Cost of an On-Farm Centrifuge Separator,2021,17,16
996751132101851,Report,Yes,pdf,Idaho Green Thumb How-To: Spotted Spurge,2021,17,22
996751132201851,Report,Yes,pdf,Pink Root Disease of Onion: Biology and Control,2021,7,7
996751132301851,Report,Yes,pdf,An Introduction to Third-Party Auditing in a Food-Manufacturing Facility,2021,4,10
996751132401851,Report,Yes,pdf,Blossom-End Rot in Tomatoes,2021,16,13
996751243101851,Report,Yes,pdf,Consejos para Emprendedores: Gestion del dinero para Empresarios,2022,3,11
996751243201851,Report,Yes,pdf,Ensuring Training Effectiveness -- Evaluating Good Manufacturing Training,2020,4,9
996751243301851,Report,Yes,pdf,Simplify Dinnertime: A Guide to Make Ahead Freezer Meals for Electric Pressure Cooking,2022,2,15
996751243401851,Report,Yes,pdf,Presenting Online,2020,4,6
996751243501851,Report,Yes,pdf,2014 Farm Bill Crop Commodity Program Payments in Idaho,2020,3,4
996751243601851,Report,Yes,pdf,"No Such Thing as a Murder Hornet: Asian Giant Hornet, an Invasive Species to Monitor",2020,8,15
996751243701851,Report,Yes,pdf,Core Aeration of Lawns - Benefits and Procedures,2020,0,15
996751243801851,Report,Yes,pdf,Red Fire Bug - A New Idaho Invader?,2022,26,212
996751243901851,Report,Yes,pdf,Irrigation and Nitrogen Fertilization Affect End-Use Quality of Spring Wheat of Three Market Classes,2020,3,8
996751244001851,Report,Yes,pdf,Targeted Tank Mixtures for Weed Control in Potatoes,2022,36,26
996751244101851,Report,Yes,pdf,Developing a Pathogen Environmental Monitoring Program for a Food Manufacturing Facility,2020,4,10
996751244201851,Report,Yes,pdf,Potential of Silicon Amendment for Improved Wheat Production,2020,1,9
996751244301851,Report,Yes,pdf,Different Treatment Options for Russian Olive,2020,15,9
996751244401851,Report,Yes,pdf,Broadleaf Plantain (Plantago major L.),2021,17,14
996751244501851,Report,Yes,pdf,Spring Annual Forage Hay Production in North Central Idaho,2022,4,9
996751244601851,Report,Yes,pdf,"Contribution of Agribusiness to the Magic Valley Economy, 2018",2021,3,10
996751244701851,Report,Yes,pdf,Cultural Management of Clearwater Russet Potatoes,2021,9,37
996751244801851,Report,Yes,pdf,Should Solid Dairy Manure and Dairy Manure Compost Be Tested before Land Application?,2021,4,11
996751244901851,Report,Yes,pdf,Quick Facts: Idaho Sugar Beets,2021,11,55
996751245001851,Report,Yes,pdf,Livestock Care for Beginning and Small-Scale Producers,2021,6,13
996752149901851,Report,Yes,pdf,Uncovering Hidden Linkages in Idaho’s 2006 Teton Regional Economy,2010,1,14
996756040601851,Presentation,Yes,pdf,Revitalizing Reading for Fun with an Academic Library's Book Club,,3,10
996756040801851,Presentation,Yes,pdf,Reviewing the HP of the University of Idaho’s Board Game Collection,,3,13
996760246201851,Report,Yes,pdf,Nutrition for Kids: Introducing solid foods to infants at six months of age,2025,12,37
996762907801851,Presentation,Yes,pdf,Low Carbon Opportunities for Arid Agricultural Areas Impacted by Climate Change: The Case of FEWtures in the Central Arkansas River basin (CARB),,8,15
996762907901851,Presentation,Yes,pdf,"HydroShare and the Water Community, removing perceived barriers to data sharing",,13,15
996762908001851,Presentation,Yes,pdf,"Water/Energy/Carbon Nexus, Green Infrastructure and LEED",,8,17
996762908101851,Presentation,Yes,pdf,"Framing a Decision Model for a Hyper-Localized Food, Energy, and Water Nexus in a Rural Community in India",,13,30
996762908301851,Dataset,Yes,pdf,Tree Cover Dynamics CONUS Dataset,,10,18
996762908601851,Dataset,Yes,pdf,Collecting Gems: Improving Workforce Communication and Listening Skills Through Documenting Oral Histories of Idaho's Sagebrush Steppe,,1,6
996762911501851,Workflow,Yes,pdf,Agisoft Structure-from-motion Protocols,,8,8
996762920201851,Dataset,Yes,docx,Data: REACCHPNA Annual Meeting 2015 - Student Panel,,0,1
996762924901851,Dataset,Yes,pdf,Hells Canyon National Recreation Area - Water Quality Monitoring Project,,1,7
996762925401851,Dataset,Yes,pdf,Coeur d'Alene Lake Total Phosphorus Nutrient Calculations for Lake Tributaries,,0,3
996763446301851,ETD-Graduate,Yes,pdf,"Decoding 548 Years of Climate and Volcanic Influences on Mountain Hemlock Near Glacier Peak, Washington, USA",,0,14
996763446401851,ETD-Graduate,Yes,pdf,Long-term management impacts to hydrology and nitrogen export at Cook Agronomy Farm,,5,6
996763446501851,ETD-Graduate,Yes,pdf,The Effects of Liquid Water in a Seasonal Snowpack During the Winter-Spring transition,,4,4
996763446601851,ETD-Doctoral,Yes,pdf,Causes of Differential Migration in Birds,,0,7
996763446701851,ETD-Doctoral,Yes,pdf,"Exploring correlations among STEM identities, personal identities, mentor-related experiences, and career persistence of undergraduate students in Idaho public post-secondary institutions",,25,43
996763446801851,ETD-Graduate,Yes,pdf,Direct Reforming of Methane with Water into Methanol Using a Nonthermal Plasma Process,,0,3
996763446901851,ETD-Graduate,Yes,pdf,Population Structure and Movement Dynamics of White Sturgeon and Redband Trout in the Kootenai River Basin,,4,3
996763447001851,ETD-Graduate,Yes,pdf,Between a rock and a hard place: the migratory behavior and resource tracking of southern mountain caribou,,0,9
996763447101851,ETD-Graduate,Yes,pdf,"Investigating the Influence of Intrinsic Sources of Variability on Total Mercury Concentration in Pacifastacus leniusculus and Faxonius virilis, Implications for their use as Biosentinels",,4,6
996763447201851,ETD-Graduate,Yes,pdf,Snake River Steelhead Management Models and Ecology,,8,17
996763447301851,ETD-Graduate,Yes,pdf,"Novel, All-Natural Mustard Extract Effect on Fresh Beef Patty Shelf-Stability",,0,3
996763447401851,ETD-Graduate,Yes,pdf,Metabolic Fingerprinting of Activated Sludge Systems,,0,7
996763447501851,ETD-Graduate,Yes,pdf,Examining the Impact of Teacher Behavior on Noncognitive Skills in Secondary Agricultural Education Students,,10,7
996763447601851,ETD-Graduate,Yes,pdf,"Examining the Relationship Between Noncognitive Skills, Social Support, and Sense of Belonging in AFNR Courses",,10,9
996763447701851,ETD-Graduate,Yes,pdf,Identifying Ideal Potato Seed Type and Size to Optimize Yield and Gross Return,,15,10
996763848601851,ETD-Doctoral,Yes,pdf,A Study of Perceptions of Secondary English Teachers Regarding the Integration of GAI in the Classroom,,24,31
996763848701851,ETD-Doctoral,Yes,pdf,"Control of the Potato Cyst Nematode, Globodera pallida with Trap Crops and Crop Rotation and an Investigation of the Impact of Population Dynamics on Potato Yield",,11,16
996763848801851,ETD-Graduate,Yes,pdf,Exploring the Feasibility of Establishing a Workforce Development Program and Social Profit Organization in the Apparel and Textile Industry for Young and Teenage Mothers in the Kwaebibirem District of Ghana,,8,4
996763848901851,ETD-Doctoral,Yes,pdf,"Investigating the Influence of Capsid Protein Stability on Viral Fitness Using Systematic, High-throughput Approaches",,9,5
996763849001851,ETD-Graduate,Yes,pdf,Effects of Grazing Season on Wildland Fuels and Modeled Fire Behavior in Sagebrush Steppe,,8,6
996763849101851,ETD-Doctoral,Yes,pdf,Bowel Training Individuals with Autism and the Impact on Parents and Caregivers,,0,8
996763849201851,ETD-Doctoral,Yes,pdf,Connectivity and Local Adaptation of the North American Wolverine,,13,14
996763849301851,ETD-Doctoral,Yes,pdf,Development and Application of Pinewood Biochar to Remove Phosphorous and Nitrogen from Aquaculture Effluents,,14,41
996763849401851,ETD-Doctoral,Yes,pdf,Ecological Succession as a Guide for Restoration and Plant Materials Development,,11,12
996763849501851,ETD-Doctoral,Yes,pdf,Mentoring Matters: A Study of Self-Efficacy Improvement After an 8-week Mentoring Training in the Wildland Fire Profession,,7,8
996763849601851,ETD-Graduate,Yes,pdf,Economic Impacts of Grazing Management Practices in Riparian Areas,,7,13
996763949001851,ETD-Doctoral,Yes,pdf,Exploring Recreationists’ Prioritization of Beneficial Outcomes from Public Lands Management,,0,16
996763949101851,ETD-Graduate,Yes,pdf,[En]slaved Children Are Children: A History of Enslaved Children’s Culture in the American South.,,3,7
996763949201851,ETD-Graduate,Yes,pdf,Exploring the Influence of Regenerative Agricultural Practices on Soil Health,,0,7
996763949301851,ETD-Graduate,Yes,pdf,"Impacts of Processed-Based, Post-Wildfire Restoration of Incised Meadows on Sediment and Phosphorus Transport",,8,6
996763949401851,ETD-Graduate,Yes,pdf,"Food Habits of Yellow Perch, Smallmouth Bass, and Northern Pikeminnow in Lake Cascade, Idaho",,10,9
996763949501851,ETD-Doctoral,Yes,pdf,A Comparative Study of Perceived Stress Levels of Single District Superintendents and Shared Superintendents in New Jersey,,9,11
996763949601851,ETD-Graduate,Yes,pdf,Alternative aging and cold storage strategies influence beef shelf-life and sensory attributes,,0,3
996763949701851,ETD-Doctoral,Yes,pdf,Soft Magnetic Nanofilms Produced by Aligned Ellipsoidal Iron Core-Shell Nanoparticles,,0,21
996763949801851,ETD-Doctoral,Yes,pdf,Access to Inclusive Environments for Students with Complex Chronic Conditions,,0,9
996763949901851,ETD-Graduate,Yes,pdf,Effects of Noise from Military Training Flights on Behavior of Greater Sage-grouse,,14,23
996764048901851,ETD-Doctoral,Yes,pdf,MULTIGENERATIONAL EXPOSURE OF SPRING WHEAT TO WEED COMPETITION AND THE ROLE OF MEMORY RESPONSE IN CROP-WEED INTERACTIONS,,10,13
996764049001851,ETD-Graduate,Yes,pdf,Exploring how NGOs Participate in Community Recovery from Wildfire,,0,11
996764049101851,ETD-Doctoral,Yes,pdf,Knowledge-Infused LLM Application in Data Analytics: Using Mindat as an Example,,16,3
996764049201851,ETD-Graduate,Yes,pdf,Recycling Among the ALICE Population in Kootenai County: A Case Study,,9,7
996764049301851,ETD-Graduate,Yes,pdf,"Upper Thermal Tolerance of the Western Ridged Mussel (Gonidea angulata), Western Pearlshell (Margaritifera falcata), and Western Sculpin Species (Cottus spp.)",,9,17
996764049401851,ETD-Doctoral,Yes,pdf,"Mechanical, Rheological, and Spectroscopic Characterization and Environmental Assessment of Rejuvenated Asphalt Mixtures for Sustainable Pavements",,0,8
996764049501851,ETD-Doctoral,Yes,pdf,Frequency Regulation by Way of a Variable Moment of Inertia,,0,8
996764049601851,ETD-Doctoral,Yes,pdf,Assessment and Quantitative Trait Loci Mapping for Resistance to Dwarf and Common Bunt Diseases in Winter Wheat,,16,14
996764049701851,ETD-Doctoral,Yes,pdf,"Synthesis and Applications of Azothioformamide and Azoformamide ligands in Coordination, Catalysis, and Biological Activity",,0,22
996764049801851,ETD-Doctoral,Yes,pdf,"FACULTY PERCEPTIONS ABOUT SHARED LEADERSHIP AND QUALITY EDUCATION DELIVERY: A PHENOMENOLOGICAL STUDY OF ONE UNIVERSITY IN THE PACIFIC NORTHWEST, UNITED STATES",,8,7
996764049901851,ETD-Doctoral,Yes,pdf,"Novel Methods for Advanced Modeling, Analysis, and Optimization of Electromagnetic Systems",,17,7
996764148801851,ETD-Graduate,Yes,pdf,Integration of Fall-planted Cereal Cover Crops and Herbicides for Weed Control in Dry Beans,,5,9
996764148901851,ETD-Doctoral,Yes,pdf,"Real Time Adaptive Scalable Modular Automated Cyber Physical Test System for Advancing Research in Critical Infrastructure Protection, Security, Resilience, and Education",,9,28
996764149001851,ETD-Graduate,Yes,pdf,DEVELOPMENT AND EVALUATION OF INNOVATIVE MYCELIUM-BASED BIO-COMPOSITE MATERIALS FOR INSULATION APPLICATIONS,,0,12
996764149101851,ETD-Graduate,Yes,pdf,Causal Discovery for Free Text Using Large Language Models,,15,16
996764149201851,ETD-Graduate,Yes,pdf,Extending Field Solver Solutions with Neural Networks for Faster Signal Integrity Simulation,,19,5
996764149301851,ETD-Doctoral,Yes,pdf,Mineral Crop Oils and Other Approaches to the Integrated Pest Management of Potato virus Y and its Aphid Vectors,,7,17
996764149401851,ETD-Graduate,Yes,pdf,Microgrid Set Point Control for High Penetration Inverter Based Power Generation,,5,4
996764149501851,ETD-Graduate,Yes,pdf,Resilience of Multimodal Freight Networks: A Systematic Review and Performance-Based Deterioration Models for Bridge Components,,0,4
996764149601851,ETD-Graduate,Yes,pdf,Effects of Agronomically Diverse Cropping Systems on Agricultural Soils in Southern Idaho,,13,10
996764149701851,ETD-Doctoral,Yes,pdf,"Impacts of tillage and cover crops on soil microbial communities, function, and biochemical cycles",,0,47
996764149801851,ETD-Graduate,Yes,pdf,Novel Method for Improving Visibility of Growth Rings in Thin Sections of Six Genera of Bivalve Shells and Comparing Margaritifera falcata Dead Shell Morphology and Characteristics Between Streams in Idaho and Washington,,7,9
996764149901851,ETD-Graduate,Yes,pdf,Crepis acuminata and Sphaeralcea ambigua Seedling Response to Nitrogen Form and Biochar Concentration,,0,9
996765049001851,Journal article,Yes,pdf,Cover cropping enhanced soil aggregation and associated carbon and nitrogen storage in semi-arid silage cropping systems,2024,7,5
996765629601851,Presentation,Yes,pdf,Community Engagement with Satellite Imagery,,12,8
996765630101851,Presentation,Yes,pdf,Community engagement with transformational change,,13,15
996765630501851,Presentation,Yes,pdf,Lessons learned in using an online stakeholder engagement platform,,9,11
996765631601851,Workflow,Yes,pdf,Open Drone Map: Structure-from-Motion Workflow,,7,17
996765634601851,Dataset,Yes,pdf,Collaboration Plan and Protocols: Idaho NSF EPSCoR Track-1 Proposal Development Process,,10,2
996765643401851,Dataset,Yes,pdf,Data: REACCHPNA Base: REACCHPNA Study Area map,,0,3
996776249901851,Journal article,Yes,pdf,Teaching Archival Intelligence through an Immersive Class Experience,,7,13
996778749401851,Conference paper,Yes,pdf,Explainable Neural Network Alternatives for AI Predictions: Genetic Algorithm Quantitative Association Rule Mining,,5,21
996780569801851,Report,Yes,pdf,Rural college students: Family and Finances,2024,3,8
996781069601851,Report,Yes,pdf,Integrated management of leafy spurge,2024,7,11
996781659701851,Report,Yes,pdf,Increasing Student Awareness of the FAFSA,2011,3,3
996781659801851,Conference paper,Yes,doc,Examining Class in the Classroom: Social Class Data in Institutional/Academic Research,,3,2
996781659901851,Conference presentation,Yes,pdf,The Effect of Leadership Education on College Students’ Social Capital Development,,4,7
996781660201851,Report,Yes,docx,Academic Obstacles and Campus Climate for Underrepresented Minority STEM Students: Implications for Students’ Sense of Belonging,,3,2
996781661101851,"Fiction (novel, short story)",Yes,pdf,"Historical Scientific Geological Report: The Discovery & Documentation of Vandalite, a ""Talisman of Perseverance, Hope, Wonder, & Wisdom""",2025,5,13
996783169601851,Report,Yes,pdf,Career Services and Rural First-Generation College Students,2025,5,12
996783169701851,Report,Yes,pdf,"The value of Paid internships for Rural, first-generation College Students",2025,4,8
996783169801851,Report,Yes,pdf,Rural College Students: Basic Needs Insecurity,2025,7,12
996783169901851,Report,Yes,pdf,Rural College Students: Demographic Insights,2025,4,7
996784768901851,Journal article,Yes,pdf,The economic performance of soil health practices in potato production systems,2025,0,9
996793598801851,Journal article,Yes,pdf,Priority research directions for wildfire science: views from a historically fire-prone and an emerging fire-prone country,2025,4,11
996793599401851,Journal article,Yes,pdf,Factors influencing wildfire management decisions after the 2009 US federal policy update,2024,3,1
996793599801851,Journal article,Yes,pdf,Pre-fire drought intensity drives post-fire recovery and mortality in Pinus monticola and Pseudotsuga menziesii saplings,,3,7
996794512401851,Conference paper,Yes,pdf,Working Through the Crisis: The Invisible Load of Emotional Labor on Higher Education Administrators During the Pandemic,,3,4
996801145101851,Journal article,Yes,pdf,Comparison of field sampling- and airborne laser scanning-derived stand level inventories in a mixed conifer forest and volume validation using log scaling data,2025,4,15
996803337201851,ETD-Doctoral,Yes,pdf,Understanding Graduate Student Attrition and Persistence of Online Non-Thesis Master’s Students in Natural Resources and Environmental Science,,9,17
996803337301851,ETD-Graduate,Yes,pdf,"“They’re Just Pretending I’m a Man with Boobs”: The Lived Experiences of Masculine Presenting, Gay Women Residing in the Rural Inland Northwest",,25,69
996803337401851,ETD-Doctoral,Yes,pdf,Physicochemical Extraction of Rare Earth Elements: Exploration of Ultrasound-Assisted Organic Acid Leaching,,0,19
996803337501851,ETD-Graduate,Yes,pdf,Scene Kid: Poems,,0,6
996803337601851,ETD-Graduate,Yes,pdf,"Pantothenate influences feeding behavior and reproduction in the malaria vector Anopheles stephensi, with effects modulated by source, timing, concentration, and parental nutrition",,0,8
996803337701851,ETD-Graduate,Yes,pdf,Combining mustard meal and potato extract improves frozen shelf life and palatability of pre-cooked beef patties.,,0,5
996803337801851,ETD-Doctoral,Yes,docx,Unraveling Gene Regulation: Machine Learning Methods for Inferring Gene Regulatory Networks With Applications to Human Data,,23,16
996803337801851,ETD-Doctoral,Yes,pdf,Unraveling Gene Regulation: Machine Learning Methods for Inferring Gene Regulatory Networks With Applications to Human Data,,23,16
996803337901851,ETD-Graduate,Yes,pdf,Multivariate Mixed Effects Model on Mouse Coinfection,,0,3
996803338001851,ETD-Doctoral,Yes,pdf,Leading with Authenticity: Alternative School Principals’ Perspectives of Emotional Activation and Subsequent Actions,,12,52
996803338101851,ETD-Doctoral,Yes,pdf,EXPLORING THE LIVED EXPERIENCES OF POSTTRAUMATIC RESILIENCE AND PERSONAL GROWTH AS A TRANSFORMATIVE LEARNING PROCESS,,11,14
996803338201851,ETD-Graduate,Yes,pdf,Between Spaces,,8,6
996803338301851,ETD-Graduate,Yes,pdf,"Flat Hats, Funding and the Follies of Neoliberalism: A Case Study of Workplace Experiences in the National Park Service",,0,9
996803435601851,ETD-Doctoral,Yes,pdf,Microgrid Integration for High Performance Computing Schedulers and Reinforcement Learning-based Scheduling,,11,15
996803435701851,ETD-Graduate,Yes,pdf,A Comparative Analysis of Machine Learning and Deep Learning Approaches for Network Intrusion Detection,,16,36
996803435801851,ETD-Graduate,Yes,pdf,"Symphony no. 1, ""Hamlet""",,11,9
996803435901851,ETD-Graduate,Yes,pdf,Object Work,,0,6
996803436001851,ETD-Doctoral,Yes,pdf,Genetic and Physiological Basis for Microbial Adaptation and Metabolism,,13,17
996803436101851,ETD-Graduate,Yes,pdf,No Alcohol No Fires,,0,9
996803436201851,ETD-Graduate,Yes,pdf,Performance Assessment of D2O vs. Beryllium Based Reflectors for the HYPERION Space Reactor Developed at the Center for Space Nuclear Research,,0,3
996803436301851,ETD-Graduate,Yes,pdf,Rings of Identity: A Biography of Josephine DeMott Robinson,,4,29
996803436401851,ETD-Graduate,Yes,pdf,"Causes and Consequences of Hibernaculum Site Selection in Northern Idaho Ground Squirrels: Flooding, Energetics, Competition, and Predation",,20,32
996803436501851,ETD-Graduate,Yes,pdf,Helium Component Testing Out-of-Pile Research Facility Design,,10,14
996803436601851,ETD-Graduate,Yes,pdf,Fragments in Flux: Deconstruction and Memory,,7,13
996803436701851,ETD-Graduate,Yes,pdf,"Manipulating Chieftain Tuber Size Profile with Gibberellic Acid, In-Row Spacing, and Vine Kill Date",,4,6
996803436801851,ETD-Graduate,Yes,pdf,Interrogating Substrate and Operational Effects on Internally Stored Carbon Synthesis to Stabilize Enhanced Biological Phosphorus Removal,,4,5
996803436901851,ETD-Graduate,Yes,pdf,Spatial Dairy and Cropland Distribution for Optimal Dairy Manure Management in Idaho,,5,6
996803437001851,ETD-Graduate,Yes,pdf,Microprocessor Memory Management Design for Embedded Real-Time Systems,,13,16
996803437101851,ETD-Graduate,Yes,pdf,Modeling Best Practices for Subsynchronous Control Interactions Involving DFIG-Based Wind Turbines and Series-Compensated Transmission Lines,,5,16
996803443601851,Journal article,Yes,pdf,From plant traits to fire behavior: Scaling issues in flammability studies,,7,64
996803443701851,Journal article,Yes,pdf,Comparison of a Continuous Forest Inventory to an ALS-Derived Digital Inventory in Washington State,2025,5,14
996803444101851,Report,Yes,pdf,Idaho at a Glance: Population Change in Idaho,2025,170,402
996803643301851,ETD-Graduate,Yes,pdf,Pollinators and insect communities associated with huckleberry (Vaccinium spp.) in northern Idaho,,15,21
996803643401851,ETD-Graduate,Yes,pdf,Bitch Breeders,,0,6
996803643501851,ETD-Graduate,Yes,pdf,“Where You Stand Depends on Where You Sit”: The Role of Agenda Setting and Framing in Interpretive Theme Development,,0,6
996803643601851,ETD-Graduate,Yes,pdf,Three Nations within a Nation: Separatist Agitations in Colonial and Post-Colonial Nigeria,,4,7
996803643701851,ETD-Graduate,Yes,pdf,I Came to the Glass Hut and Lived,,0,7
996803643801851,ETD-Graduate,Yes,pdf,Marketing Practices for Idaho Wheat Producers: Evidence-Based on Focus Groups and Survey,,6,5
996803643901851,ETD-Graduate,Yes,pdf,Love Letters,,0,14
996803644001851,ETD-Doctoral,Yes,docx,"Fire, Rain, Snow, and Ice: Conifer fire adaptation evolution and phylogeographic patterns in maritime alpine and coastal disjunct plants",,139,18
996803644001851,ETD-Doctoral,Yes,pdf,"Fire, Rain, Snow, and Ice: Conifer fire adaptation evolution and phylogeographic patterns in maritime alpine and coastal disjunct plants",,139,18
996803644101851,ETD-Doctoral,Yes,pdf,Experimental Validation of Single-phase Natural Circulation Loop to Support the Development of Molten Salt Reactors,,16,28
996803644201851,ETD-Graduate,Yes,pdf,The Slaughter of Sæhrímnir: A History of Feasting in Viking Age Iceland,,4,15
996803644301851,ETD-Doctoral,Yes,pdf,Design and Simulation of Enhancement-mode Vertical β-Ga2O3 Power MOSFETs for Switch Mode Applications,,22,44
996803644401851,ETD-Doctoral,Yes,pdf,The Influence of Liquid Water on Glacier Surges: Insights from Numerical Modeling and Environmental Seismology,,0,16
996803644501851,ETD-Doctoral,Yes,pdf,"Effects of maternal dietary bovine milk and soy elimination and consumption on bovine milk- and soy-derived peptides in human milk, the human milk microbiome, maternal stress, infant behavior, and maternal/infant gastrointestinal symptoms",,43,21
996803644601851,ETD-Doctoral,Yes,pdf,From Oxidation to Flavor: Assessing the Impacts on Meat Quality and Consumer Perceptions,,12,17
996803644701851,ETD-Graduate,Yes,pdf,In Broken Country,,0,5
996803644801851,ETD-Doctoral,Yes,pdf,Integrating Point of Care Ultrasound in Health Professions Education at the University of Idaho,,9,14
996803644901851,ETD-Graduate,Yes,pdf,Quantifying Plant-Herbivore Interactions in a Managed Forest: An Experimental Approach,,4,2
996804040801851,Report,Yes,pdf,A Conceptual Framework for the Assessing Rural Education’s Assets & Strengths(AREAS) Survey,2025,9,10
996804042101851,ETD-Graduate,Yes,pdf,Exploring the Potential of an Economic Compensation Framework for Environmental Damage in Spanish Colonial Mining in New Granada,,9,6
996804042301851,ETD-Graduate,Yes,pdf,Make Yourself at Home,,6,8
996804042401851,ETD-Graduate,Yes,pdf,"The Impact of Wildfire Smoke on Milk Production, Health, and Mortality of Holstein Dairy Cattle in the Pacific Northwest",,7,29
996804042501851,ETD-Graduate,Yes,pdf,"Effects of Plant Community Composition, Nutrition, and Human Disturbance on the Behavior and Distribution of Large Herbivores",,12,13
996804042601851,ETD-Doctoral,Yes,pdf,A Finite Element Study of Creep-Fatigue Crack Growth in High Temperature Alloys,,15,23
996804042701851,ETD-Graduate,Yes,pdf,"A Comparative Analysis of Forage Source and Dairy Breed Effects on Production, Efficiency, and Nutrient Excretion",,13,14
996804042801851,ETD-Graduate,Yes,pdf,To See the Wolf,,0,9
996804042901851,ETD-Graduate,Yes,pdf,Impacts of Rumen Protected Omega-6 Fatty Acid Supplementation on Cow Reproduction and Calf Growth,,0,8
996804043001851,ETD-Doctoral,Yes,pdf,Estimation of Vertical Evolutionary History in the Face of Widespread Horizontal Transmission of Genetic Material,,95,14
996804043101851,ETD-Graduate,Yes,pdf,I Hope I Make Sense,,10,9
996804043201851,ETD-Graduate,Yes,pdf,An Offal Way to Signal Status: Food and Cultural Capital,,12,48
996804043301851,ETD-Graduate,Yes,pdf,Effects of Irrigated Agriculture on Selenium Concentrations and Nesting Success in Yuma Ridgway's Rails,,17,27
996804043401851,ETD-Doctoral,Yes,pdf,Changing the Landscape: CURing STEM Preservice Teacher Education,,11,18
996804043501851,ETD-Graduate,Yes,pdf,"Rare Earth Mineralization of the Mineral Hill Carbonatites, Lemhi County, Idaho",,18,29
996804043601851,ETD-Doctoral,Yes,pdf,Adversarial Robustness in Deep Learning,,0,8
996804542401851,ETD-Doctoral,Yes,pdf,"Investigation of the Chemical Ecology, Behavior, and Basic Reproductive Biology of Tetanops myopaeformis (von Roder) (Diptera: Ulidiidae) to Develop Integrated Pest Management Strategies",,7,10
996804542501851,ETD-Graduate,Yes,pdf,Signs of Intelligence: AI-Driven Interpretation for Recreation and Conservation,,0,7
996804542601851,ETD-Graduate,Yes,pdf,"""Rescuing Pasquale,"" a Musical Comedy",,13,7
996804542701851,ETD-Doctoral,Yes,pdf,The Influence of Empathy-Based Applied Theatrical Improvisation Training on Improved Communication of STEM Graduate Students in the Three Minute Thesis Competition,,5,15
996804542801851,ETD-Graduate,Yes,pdf,Littorology the Tides of Coastal Bodies,,0,9
996804542901851,ETD-Graduate,Yes,pdf,Cold Spray Coating of Metal Core Oxide Shell Nanoparticles with Alloy 625,,0,6
996804543001851,ETD-Doctoral,Yes,pdf,Finding Fire's Form,,1,13
996804543101851,ETD-Graduate,Yes,pdf,Wage Decomposition and Local Tax Effects: An Analysis of U.S. County-Level Disparities,,3,13
996804543201851,ETD-Doctoral,Yes,pdf,Functionalization of GUITAR Particle Electrodes Through Diazonium Chemistry: Capitalizing on GUITAR’s Structure,,8,10
996804543301851,ETD-Doctoral,Yes,pdf,Generative AI for Histopathology Image Synthesis,,24,10
996804543401851,ETD-Doctoral,Yes,pdf,"How Learning Executives of For-Profit U.S. Organizations Align the Learning Strategy with the Overall Business Strategy in Volatile, Uncertain, Complex, and Ambiguous Contexts",,19,6
996804543501851,ETD-Graduate,Yes,pdf,The Heartache of Failure: Bovine Cardiac Morphology in Necropsied and Production Animals,,8,21
996804543601851,ETD-Graduate,Yes,pdf,"A Biography and Close Artistic Analysis of an Underground, Woman Cartoonist: How San Francisco Shaped Her",,0,29
996806242001851,Report,Yes,pdf,Test BUL,2025,6,18
996806443801851,Report,Yes,pdf,Idaho master gardeners learn and serve in Latah County,2024,3,2
996807145001851,Journal article,Yes,pdf,"Pyrohealth synchrony: integrating wildland fire into One Health to benefit plants, animals, ecosystems, and people",,4,4
996807945101851,Journal article,Yes,pdf,"‘I Want to Learn and Speak Hoche, Rather I Am Becoming Han’: Amplifying Minoritized Indigenous Children's Voices Through a Multilingual Curriculum in an Indigenous School",2025,4,2
996808644901851,Report,Yes,pdf,The Grouse and Grazing Project: Effects of cattle grazing on demographic traits of greater sage-grouse,2025,11,24
996810205901851,Conference presentation,Yes,pdf,Bridging the Gap: A Conversation About High School Dual Enrollment Programs,,6,10
996810666701851,Preprint,Yes,pdf,Spectral trends across the rings and inner moons of Uranus and Neptune from JWST NIRCam images,,0,4
996811907001851,Report,Yes,pdf,"Wastewater and Drinking Water Systems in Idaho: Infrastructure Needs, Growth and Workforce",2025,19,54
996815154301851,Dataset,Yes,pdf,Supplement for Mild heat stress effects on hepatic and mammary mitochondria of lactating dairy cattle,,14,29
996815255001851,Conference poster,Yes,pdf,Exploring Instructional and Assessment Strategies in Leadership Education,,9,8
996815296701851,Report,Yes,pdf,The Science of Chocolate: Satisfy Your Sweet Tooth,2023,8,7
996815297001851,Report,Yes,pdf,The Science of Sugar: Satisfy Your Sweet Tooth,2024,7,6
996815387501851,Report,Yes,pdf,Rangeland Outreach Activities Manual: Coaches' Edition,2021,5,0
996815387601851,Report,Yes,pdf,Rangeland Outreach Activities Manual,2021,6,1
996815387701851,Report,Yes,pdf,Gold Standard of Customer Relations,2011,17,1
996815388301851,Report,Yes,pdf,Barny the Barn Owl Coloring Book,2024,9,10
996815388501851,Report,Yes,pdf,Tobacco and Vaping Prevention Lesson,2023,3,1
996815955001851,Journal article,Yes,pdf,Enhancing dairy wastewater treatment: Effects of hydraulic and organic loading rates in vermifiltration systems,2025,7,9
996816343901851,Book,Yes,pdf,The Idea of Justice,2023,48,23
996816344201851,Report,Yes,pdf,"Idaho Master Gardener Program Handbook, 21st Edition",2024,18,9
996816346901851,Journal article,Yes,pdf,"Comment on ""A procedure for the estimation of the numerical uncertainty of CFD calculations based on grid refinement studies"" (L. Eca and M. Hoekstra, Journal of Computational Physics 262 (2014) 104-130)",2015,6,2
996816347201851,Journal article,Yes,pdf,Recent progress in CFD for naval architecture and ocean engineering,2015,7,6
996816347901851,Journal article,Yes,pdf,CFD Simulation of a Floating Offshore Wind Turbine System Using a Quasi-static Crowfoot Mooring-Line Model,2014,6,4
996816350201851,Journal article,Yes,pdf,Computational ship hydrodynamics: Nowadays and way forward,2013,7,2
996816350601851,Journal article,Yes,pdf,"Closure to ""Discussion of 'Factors of Safety for Richardson Extrapolation'"" (2011, ASME J. Fluids Eng., 133, p. 115501)",2011,6,2
996816350801851,Journal article,Yes,pdf,Factors of Safety for Richardson Extrapolation,2010,6,0
996816351001851,Journal article,Yes,pdf,URANS and DES analysis for a Wigley hull at extreme drift angles,2010,6,2
996816351601851,Journal article,Yes,pdf,Evaluation of linear and nonlinear convection schemes on multidimensional non-orthogonal grids with applications to KVLCC2 tanker,2010,6,1
996816352201851,Journal article,Yes,pdf,Unsteady free surface wave-induced separation: Vortical structures and instabilities,2009,7,3
996816352401851,Journal article,Yes,pdf,Computational towing tank procedures for single run curves of resistance and propulsion,2008,6,1
996816353001851,Journal article,Yes,pdf,Hands-On CFD Educational Interface for Engineering Courses and Laboratories,2006,7,2
996816353401851,Journal article,Yes,pdf,Numerical Simulation of Vortex Cavitation in a Three-Dimensional Submerged Transitional Jet,2005,6,0
996816450201851,Report,Yes,pdf,Idaho at a Glance: Wastewater and Drinking Water Systems in Idaho,2025,102,198
996818054901851,Other,Yes,pdf,Sage Grouse & Grazing: Takeaways from a 10-year study,2025,5,7
996818144901851,Journal article,Yes,pdf,An Empirical Framework for ePortfolio Assessment,2016,8,4
996818145201851,Letter/Communication,Yes,pdf,"Comment & Response: A Comment on “Journals in Composition Studies, Thirty-Five Years After”",2019,7,1
996822652801851,Report,Yes,pdf,Farmland Values in Idaho: Trends and Factors at Play,2025,18,14
996822652901851,Report,Yes,pdf,Idaho Private Rangeland Grazing   Lease Arrangements,2013,2,10
996822653001851,Report,Yes,pdf,2007 North-Central Idaho Crop Management Trials,2007,5,1
996822653101851,Report,Yes,pdf,2007 Small Grain and Grain Legume Report: Northern Idaho Small Grain and Grain Legume Research and Extension Program,2007,8,0
996822653201851,Report,Yes,pdf,Outdoor Recreation Demand and Expenditures: Lower Snake River Reservoirs,1999,0,3
996822653301851,Report,Yes,pdf,Outdoor Recreation Use And Value: Snake River Basin of Central Idaho,1999,3,7
996822653401851,Report,Yes,pdf,"Sport-Fishing Use and Value: Snake River Above Lewiston, Idaho",1999,0,2
996822653501851,Report,Yes,pdf,Marketing Strategies for Idaho Wheat Producers: Identifying Top Performers,2023,5,5
996822653601851,Report,Yes,pdf,2012 Small Grain and Grain Legume Report,2013,4,1
996822653701851,Report,Yes,pdf,2011 Small Grains Report: Southcentral and Southeastern Idaho Cereals Research and Extension Program,2011,19,5
996822653801851,Report,Yes,pdf,2022 Small Grains Report: Southcentral and Southeast Idaho Cereals Research & Extension Program,2023,24,36
996822653901851,Report,Yes,pdf,2012 Small Grains Report: Southcentral and Southeastern Idaho Cereals Research and Extension Program,2012,21,16
996822654001851,Report,Yes,pdf,Sport-Fishing Use and Value: Lower Snake River Reservoirs,1999,0,2
996822654101851,Report,Yes,pdf,2008 Small Grain and Grain Legume Report: Northern Idaho Small Grain and Grain Legume Research and Extension Program,2008,5,1
996822654201851,Report,Yes,pdf,Know the Demographic Trends: The Findings of a Three-Year Survey on Nitrogen Management and Precision Agriculture Adoption in Southern Idaho,2019,2,4
996822654301851,Report,Yes,pdf,2009 Small Grain and Grain Legume Report: Northern Idaho Small Grain and Grain Legume Research and Extension Program,2009,11,0
996822654401851,Report,Yes,pdf,2010 Small Grain and Grain Legume Report of the Northern Idaho Small Grain and Grain Legume Research and Extension Program,2010,5,2
996822654501851,Report,Yes,pdf,"Idaho Agricultural Global Exports, 2018",2019,15,2
996822654601851,Report,Yes,pdf,2015 Small Grain and Grain Legume Report of the Northern Idaho Small Grain and Grain Legume Research and Extension Program,2015,15,3
996822654701851,Report,Yes,pdf,2017 Small Grains Report: Southcentral and Southeastern Idaho Cereals Research and Extension Program,2017,15,2
996822654801851,Report,Yes,pdf,2014 Small Grains Report: Southcentral and Southeastern Idaho Cereals Research and Extension Program,2014,17,7
996822654901851,Report,Yes,pdf,2014 Small Grain and Grain Legume Report of the Northern Idaho Small Grain and Grain Legume Research and Extension Program,2014,16,5
996822656101851,Report,Yes,pdf,Idaho Plant Quarantines and the Home Garden: Understanding the Laws,2010,16,2
996822656201851,Report,Yes,pdf,Storage Management of A93157-6LS Potatoes,2006,3,3
996822656301851,Report,Yes,pdf,Odor Control Practices for Northwest Dairies,2007,3,5
996822656401851,Report,Yes,pdf,Cultural Management of Blazer Russet Potatoes,2007,7,3
996822656501851,Report,Yes,pdf,Tuxedo Bug: A New Home-Invading Insect in Idaho,2006,0,5
996822656601851,Report,Yes,pdf,Contributions of Agriculture to Idaho's Economy: 2006,2007,7,1
996822656701851,Report,Yes,pdf,Storage Management of Western Russet Potatoes,2007,3,1
996822656801851,Report,Yes,pdf,Community-Supported Agriculture: A Marketing Strategy for Small Acreage Producers in Idaho,2009,18,5
996822656901851,Report,Yes,pdf,Sugarbeet Irrigation Management Using Watermark Moisture Sensors,2006,2,8
996822657001851,Report,Yes,pdf,Large Yellow Underwing: A Cutworm Pest in Idaho,2022,7,12
996822657101851,Report,Yes,pdf,Proper Sampling (Coring) of Hay Bales and Stacks,2010,3,2
996822657201851,Report,Yes,pdf,Management Planning for the Family Forest Owner,2006,5,5
996822657301851,Report,Yes,pdf,Chateau Herbicide for Use in Potatoes,2006,8,2
996822657401851,Report,Yes,pdf,Northern Idaho Fertilizer Guide: Oats,2007,4,10
996822657501851,Report,Yes,pdf,Saving Energy and Fertilizer Costs: Best Management Practices for Southern Idaho Grain Producers,2005,1,7
996822657601851,Report,Yes,pdf,Management of White Pine Weevil in Spruce,2005,1,6
996822657701851,Report,Yes,pdf,Dairy Ammonia Control Practices,2006,0,2
996822657801851,Report,Yes,pdf,Vine Kill and Long-term Storage of Ranger Russet Potatoes,2003,3,1
996822657901851,Report,Yes,pdf,Eurasian Watermilfoil,2006,7,0
996822658001851,Report,Yes,pdf,Protecting Streams and Lakes in Idaho: A Landowner's Guide,2018,4,1
996822658101851,Report,Yes,pdf,Southern Idaho Fertilizer Guide: Irrigated Alfalfa Seed,2003,2,8
996822658201851,Report,Yes,pdf,Management of Goats for Controlling Noxious Weeds: A Primer,2003,6,3
996822658301851,Report,Yes,pdf,Weed Control in Idaho Lawns,2022,6,5
996822658401851,Report,Yes,pdf,Idaho Crop Profiles: Apples,2000,7,2
996822658501851,Report,Yes,pdf,Southern Idaho Fertilizer Guide: Irrigated Alfalfa,2001,7,12
996822658601851,Report,Yes,pdf,Logic Model for Program Planning and Evaluation,2000,53,81
996822658701851,Report,Yes,pdf,Hobo Spiders in Idaho,2015,13,4
996822658801851,Report,Yes,pdf,Measuring Potato Dry Matter Content on the Farm,2015,0,3
996822658901851,Report,Yes,pdf,Wasp and Hornet Control,2014,0,3
996822659001851,Report,Yes,pdf,Northern Idaho Fertilizer Guide: Lentils,2015,13,17
996822659101851,Report,Yes,pdf,Leafhoppers in the Landscape,2016,0,2
996822659201851,Report,Yes,pdf,Southern Idaho Fertilizer Guide: Irrigated Winter Barley,1999,1,11
996822659301851,Report,Yes,pdf,Spring Barley Quick Facts (2023 Southern Idaho),2024,7,12
996822659401851,Report,Yes,pdf,Composting at Home,1996,9,9
996822659501851,Report,Yes,pdf,Pit Disposal of Cull Onions,2000,0,1
996822659601851,Report,Yes,pdf,Growing Mushrooms Commercially-Risks and Opportunities,1999,1,2
996822659701851,Report,Yes,pdf,Improving Sprayer Accuracy: Simple Methods for Correct Calibration,1996,1,4
996822659801851,Report,Yes,pdf,Sugar Beet Nematodes in Idaho and Eastern Oregon,1998,5,3
996822659901851,Report,Yes,pdf,Controlando a las Tuzas en Idaho,2015,2,1
996822660001851,Report,Yes,pdf,Managing Pocket Gophers in Idaho Lawns and Landscapes,2013,4,2
996822660101851,Report,Yes,pdf,Anaerobic Digestion Basics,2013,17,4
996822660201851,Report,Yes,pdf,Pesticide Record Keeping Using the OnePlan PAR,2013,3,2
996822660301851,Report,Yes,pdf,Barley Yellow Dwarf Virus in Idaho Cereal Crops,2013,16,7
996822660401851,Report,Yes,pdf,Controlling Ascochyta Blight of Chickpea,1999,3,9
996822660501851,Report,Yes,pdf,Start Seeds Indoors with Success,2013,3,6
996822660601851,Report,Yes,pdf,Sampling Procedure to Diagnose Nematode Infestations,1996,4,4
996822660701851,Report,Yes,pdf,Irrigation Scheduling Using Water-Use Tables,1997,4,10
996822660801851,Report,Yes,pdf,Potato Seed Management: Seed Size and Age,1994,4,5
996822660901851,Report,Yes,pdf,Controlando los Insectos Picudos en el C sped,2015,,
996822661001851,Report,Yes,pdf,Controlling Billbug Grubs in Lawns,2013,0,3
996822661101851,Report,Yes,pdf,Managing Boxelder Bugs Around Your Home,2013,6,14
996822661201851,Report,Yes,pdf,Slime Flux of Trees,2013,0,6
996822661301851,Report,Yes,pdf,La Enfermedad  Slime Flux  de los  rboles,2015,0,3
996822661401851,Report,Yes,pdf,Weed Control Methods for Perennial Crops,1994,0,2
996822661501851,Report,Yes,pdf,Management of Vegetable Diseases in Home Gardens,1992,7,5
996822661601851,Report,Yes,pdf,Potato Production in the Home Garden,2001,3,0
996822661701851,Report,Yes,pdf,UI 228 and UI 229-New Small Red Bean Cultivars,1994,,
996822661801851,Report,Yes,pdf,Cereal Leaf Beetle,2000,0,2
996822661901851,Report,Yes,pdf,White Bryony,2013,3,0
996822662001851,Report,Yes,pdf,"Northern Idaho Fertilizer Guide: Blueberries, Raspberries, and Strawberries",2000,5,6
996822662101851,Report,Yes,pdf,Northern Idaho Fertilizer Guide: Winter Rapeseed,2015,5,7
996822662201851,Report,Yes,pdf,Storage Management of Clearwater Russet Potatoes,2012,4,5
996822662301851,Report,Yes,pdf,Northern Idaho Fertilizer Guide: Winter Wheat,2015,21,34
996822662401851,Report,Yes,pdf,Plant Your Seedlings Right,2017,0,2
996822662501851,Report,Yes,pdf,Leaf Spot of Aspen and Poplar,2012,0,3
996822662601851,Report,Yes,pdf,White Mold of Potatoes,2012,3,6
996822662701851,Report,Yes,pdf,Handling Potato Waste for Beef Cattle Feeding,1977,4,10
996822662801851,Report,Yes,pdf,Nutrient Management in Idaho Grape Production,2008,1,3
996822662901851,Report,Yes,pdf,Cultural Management of Ranger Russet Potatoes,1997,0,2
996822663001851,Report,Yes,pdf,Northern Idaho Fertilizer Guide: Legume and Legume-Grass Pastures,2005,8,10
996822663101851,Report,Yes,pdf,Northern Idaho Fertilizer Guide: Chickpeas,1988,12,22
996822663201851,Report,Yes,pdf,Homeowner Guide to Centipedes and Millipedes,2022,2,7
996822663401851,Report,Yes,pdf,Superficial Growth on Potatoes,2011,3,0
996822663501851,Report,Yes,pdf,Storage Management of Blazer Russet Potatoes,2011,3,5
996822663601851,Report,Yes,pdf,Homeowner Guide to Pill Bugs and Sow Bugs,2021,1,7
996822663701851,Report,Yes,pdf,Ornamental Grasses for Idaho Landscapes,2008,,
996822663801851,Report,Yes,pdf,Boxelder Bug: Nuisance Management for Homeowners,2007,7,5
996822663901851,Report,Yes,pdf,Community Supported Agriculture (CSA) in Idaho: Seasonal Eating Week by Week,2011,15,2
996822664001851,Report,Yes,pdf,"Keeping Bones Strong with Calcium, Vitamin D, and Physical Activity",2011,0,1
996822664101851,Report,Yes,pdf,Dairy Compost Production and Use in Idaho: On-Farm Composting Management,2011,16,5
996822664201851,Report,Yes,pdf,Dairy Manure Field Applications: How Much is Too Much?,2008,,
996823128801851,Report,Yes,pdf,Wheat Export from the United States and from Columbia River Ports,2025,12,22
996823128901851,Report,Yes,pdf,2013 Small Grain and Grain Legume Report of the Northern Idaho Small Grain and Grain Legume Research and Extension Program,2013,17,1
996823129001851,Report,Yes,pdf,Contribution of the Grape and Wine Industry to Idaho's Economy,2001,0,4
996823129101851,Report,Yes,pdf,2007 Small Grains Report: Southcentral and Southeast Idaho Cereals Research & Extension Program,2007,9,2
996823129201851,Report,Yes,pdf,Sport-Fishing Use And Value: Snake River Basin of Central Idaho,1999,0,1
996823129301851,Report,Yes,pdf,2023 Small Grains Report,2024,29,40
996823129401851,Report,Yes,pdf,A Selected Review of Biodegradable Plastics Literature in Agricultural Settings from an Economic and Marketing Perspective,2023,16,4
996823129501851,Report,Yes,pdf,2021 Small Grains Report: Southcentral and Southeast Idaho Cereals Research & Extension Program,2022,21,15
996823129601851,Report,Yes,pdf,2020 Small Grains Report: Southcentral and Southeast Idaho Cereals Research and Extension Program,2021,22,8
996823129701851,Report,Yes,pdf,2011 Small Grain and Grain Legume Report,2011,8,2
996823129801851,Report,Yes,pdf,2013 Small Grains Report: Southcentral and Southeastern Idaho Cereals Research and Extension Program,2013,11,7
996823129901851,Report,Yes,pdf,2018 Small Grains Report: Southcentral and Southeast Idaho Cereals Research and Extension Program,2018,15,0
996823130001851,Report,Yes,pdf,2008 Small Grains Report: Southcentral and Southeastern Idaho Cereals Research and Extension Program,2008,18,0
996823130101851,Report,Yes,pdf,2018 Small Grain and Grain Legume Report: Northern Idaho Small Grain and Grain Legume Research and Extension Program,2019,16,6
996823130201851,Report,Yes,pdf,Agriculture: A Foundation for Idaho's Economy,2019,4,5
996823130301851,Report,Yes,pdf,2009 Small Grains Report,2009,9,1
996823130401851,Report,Yes,pdf,2024 Small Grains Report,2025,66,81
996823130501851,Report,Yes,pdf,2017 Small Grain and Grain Legume Report: Northern Idaho Small Grain and Grain Legume Research and Extension Program,2019,18,8
996823130601851,Report,Yes,pdf,2015 Small Grains Report: Southcentral and Southeastern Idaho Cereals Research and Extension Program,2015,19,5
996823130701851,Report,Yes,pdf,2016 Dryland Field Day Abstracts,2016,4,1
996823130801851,Report,Yes,pdf,2016 Small Grains Report: Southcentral and Southeastern Idaho Cereals Research and Extension Program,2016,17,5
996823130901851,Report,Yes,pdf,Northern Idaho Alfalfa Variety Testing Report,2018,7,26
996823132001851,Report,Yes,pdf,Bitterroot Soft White Winter Wheat,2008,7,0
996823132101851,Report,Yes,pdf,Using Soil Test Results For Garden Fertilization - A Guide for Fertilizing Home Landscapes and Gardens in Idaho,2010,4,9
996823132201851,Report,Yes,pdf,Options for Storing Potatoes at Home,2008,1,2
996823132301851,Report,Yes,pdf,Cultural Management of Classic Russet Potatoes,2010,8,5
996823132401851,Report,Yes,pdf,Cleaning and Disinfecting Potato Equipment and Storage Facilities,2010,8,6
996823132501851,Report,Yes,pdf,"Sugar Beet Root Aphids: Identification, Biology, and Management",2010,3,4
996823132601851,Report,Yes,pdf,"Compost: Production, Quality, and Use in Commercial Agriculture",2009,0,3
996823132701851,Report,Yes,pdf,Manure and Wastewater Sampling,2006,3,20
996823132801851,Report,Yes,pdf,Dairy Compost Production and Use in Idaho: The Composting Process,2010,17,8
996823132901851,Report,Yes,pdf,Outlook Herbicide for Weed Control in Potatoes,2004,4,5
996823133001851,Report,Yes,pdf,Potato Tuberworm: A Threat for Idaho Potatoes,2004,1,2
996823133101851,Report,Yes,pdf,Diagnosis and Management of Potato Storage Diseases,2005,7,2
996823133201851,Report,Yes,pdf,Storage Management for Summit Russet Potatoes,2003,3,3
996823133301851,Report,Yes,pdf,Storage Management of Alturas Potatoes,2005,3,3
996823133401851,Report,Yes,pdf,Dollar Decisions: Making a Spending and Saving Plan,2002,1,5
996823133501851,Report,Yes,pdf,Specialty Potato Production and Marketing in Southern Idaho,2002,3,1
996823133601851,Report,Yes,pdf,Organic and Alternative Methods for Potato Sprout Control in Storage,2003,3,2
996823133701851,Report,Yes,pdf,Potato Production with Limited Water Supply,2003,0,1
996823133801851,Report,Yes,pdf,Haanchen Barley Mealybug: A New Pest of Barley Emerges in Idaho,2002,0,2
996823133901851,Report,Yes,pdf,Sampling the Moisture Content of Alfalfa in the Windrow: A New Tool Helps,2002,1,4
996823134001851,Report,Yes,pdf,Watering Home Lawns and Landscapes,2002,3,2
996823134101851,Report,Yes,pdf,Northern Idaho Fertilizer Guide: Soft White Spring Wheat,2007,13,21
996823134201851,Report,Yes,pdf,Working with a Professional Forester,2018,5,3
996823134301851,Report,Yes,pdf,Northern Idaho Fertilizer Guide: Spring Peas,2015,10,14
996823134401851,Report,Yes,pdf,Cultural Management of Russet Norkotah Potatoes,2002,0,8
996823134501851,Report,Yes,pdf,Buying Locally Raised Meat for Custom Processing,2015,18,7
996823134601851,Report,Yes,pdf,Managing Elm Seed Bugs around Your Home,2015,15,50
996823134701851,Report,Yes,pdf,Storage Management of Payette Russet Potatoes,2015,4,4
996823134801851,Report,Yes,pdf,El Control de las Avispas y de los Avispones en Idaho,2015,0,1
996823134901851,Report,Yes,pdf,Storage Management of Teton Russet Potatoes,2014,4,3
996823135001851,Report,Yes,pdf,Thatch Prevention and Control in Home Lawns,1996,0,2
996823135101851,Report,Yes,pdf,Karnal Bunt,1996,1,1
996823135201851,Report,Yes,pdf,Identifying the Corn Blotch Leafminer,2001,7,1
996823135301851,Report,Yes,pdf,Managing Voles in Idaho Lawns and Landscapes,2013,4,3
996823135401851,Report,Yes,pdf,Empiece las Semillas Adentro con  xito,2015,15,0
996823135501851,Report,Yes,pdf,Controlando a los Topillos en Idaho,2015,12,3
996823135601851,Report,Yes,pdf,Starting a Home Lawn,1996,4,3
996823135701851,Report,Yes,pdf,Barley Thrips Biology and Control,1996,,
996823135801851,Report,Yes,pdf,Irrigation Systems for Idaho Agriculture,1996,0,4
996823135901851,Report,Yes,pdf,Commercial Application of CIPC Sprout Inhibitor to Storage Potatoes,1996,16,4
996823136001851,Report,Yes,pdf,C mo Manejar a los Boxelder Bugs,2015,0,1
996823136101851,Report,Yes,pdf,Conduct Your Own Garden Research,1995,,
996823136201851,Report,Yes,pdf,Controlling Iron Deficiency in Plants in Idaho,1995,0,2
996823136301851,Report,Yes,pdf,Design and Construction of Earthen Embankments for Animal Liquid-Waste Containment,1996,0,2
996823136401851,Report,Yes,pdf,4-H Poultry Showmanship Questions,2013,44,79
996823136501851,Report,Yes,pdf,Matrix in Weed Management Systems for Potatoes,2005,3,0
996823136601851,Report,Yes,pdf,Nuez Blanca,2015,0,1
996823136701851,Report,Yes,pdf,Biofilters in Animal Agriculture,2013,12,0
996823136801851,Report,Yes,pdf,"Landscaping and Utilities: Problems, Prevention, and Plant Selection",1993,,
996823136901851,Report,Yes,pdf,Letter of Last Instruction: Everybody Needs One,1991,4,10
996823137001851,Report,Yes,pdf,Northern Idaho Fertilizer Guide: Spring Canola,2005,11,13
996823137101851,Report,Yes,pdf,La Mancha de la Hoja del  lamo Tembl n y del  lamo,2015,0,1
996823137201851,Report,Yes,pdf,Northern Idaho Fertilizer Guide: Bluegrass Seed,2015,6,7
996823137301851,Report,Yes,pdf,Getting the Most Feed Nutrient for the Dollar,2012,16,2
996823137401851,Report,Yes,pdf,Cull and Waste Potato Management,2023,17,9
996823137501851,Report,Yes,pdf,Northern Idaho Fertilizer Guide: Winter Barley,2007,7,19
996823137601851,Report,Yes,pdf,Southern Idaho Fertilizer Guide: Irrigated Pastures,2008,3,8
996823137701851,Report,Yes,pdf,Rhizoctonia Stem Canker and Black Scurf of Potato,2012,4,1
996823137801851,Report,Yes,pdf,Economic Importance of Off-Highway Vehicle Recreation: An Analysis of Idaho Counties,2014,0,6
996823137901851,Report,Yes,pdf,Early Blight Biology and Control in Potatoes,2012,15,2
996823138001851,Report,Yes,pdf,North Idaho Fertilizer Guide: Alfalfa,2005,11,26
996823138101851,Report,Yes,pdf,Special Forest Products,1991,4,2
996823138201851,Report,Yes,pdf,Composting and Using Backyard Poultry Waste in the Home Garden,2012,17,6
996823138301851,Report,Yes,pdf,Southern Idaho Fertilizer Guide: Irrigated Winter Wheat,2000,8,13
996823138401851,Report,Yes,pdf,Northern Idaho Fertilizer Guide: Grass Seedings for Conservation Programs,2005,10,20
996823138501851,Report,Yes,pdf,Fertilizing Gardens,1991,4,2
996823138601851,Report,Yes,pdf,Southern Idaho Fertilizer Guide: Southern Idaho Lawns,1997,6,7
996823138701851,Report,Yes,pdf,Northern Idaho Fertilizer Guide: Spring Barley,2007,12,17
996823138801851,Report,Yes,pdf,Understanding Budgets and the Budgeting Process,1991,0,3
996823138901851,Report,Yes,pdf,Storage Management of Classic Russet Potatoes,2008,3,3
996823139001851,Report,Yes,pdf,Charles Two-Row Winter Malt Barley,2008,0,1
996823139101851,Report,Yes,pdf,Homeowner Guide to Scorpions and Their Relatives,2008,0,2
996823139201851,Report,Yes,pdf,Soil Fumigation: A Tool for Sugar Beet Cyst Nematode Management,2008,6,5
996823139301851,Report,Yes,pdf,Management of Corky Ringspot Disease of Potatoes in the Pacific Northwest,2008,5,7
996823139401851,Report,Yes,pdf,Weed Control and Potato Crop Safety with Metribuzin,2011,0,3
996823139501851,Report,Yes,pdf,Southern Idaho Fertilizer Guide: Beans,2011,4,6
996823139601851,Report,Yes,pdf,Watering Home Lawns: How Much and How Often,2008,3,22
996823139701851,Report,Yes,pdf,Storage Management of Alpine Russet Potatoes,2010,5,9
996823139801851,Report,Yes,pdf,"Contribution of Agribusiness to Idaho's Economy, 2010",2011,0,2
996823666701851,Report,Yes,pdf,Country of Origin Labeling and Livestock Producers,2024,15,0
996823666801851,Report,Yes,pdf,"Contribution of Agribusiness to the Magic Valley Economy, 2010",2012,15,4
996824165401851,Journal article,Yes,pdf,Don't Forget to Tell Me That I'm Really Brilliant! : Working with Creative Writing and Writers,2025,7,10
996824566801851,Report,Yes,pdf,2025 Southern Idaho Irrigated Spring Mustard Production,2025,36,65
996824863301851,ETD-Doctoral,Yes,pdf,The Control of Leakage Flux in Air-Core Reactors,,5,13
996824863401851,ETD-Doctoral,Yes,pdf,Experimental Investigation of Natural Circulation Phenomenology using Selected Gases and Liquids,,0,7
996824863501851,ETD-Graduate,Yes,pdf,SPATIAL ANALYSIS OF COUNTY-LEVEL DIABETES PREVALENCE IN THE USA: A MACHINE LEARNING APPROACH,,6,13
996824863601851,ETD-Graduate,Yes,pdf,Simulating Mid-Ocean Ridge Jumps in Three-Dimensions: The Role of Off-Axis Magmatic Heating,,6,19
996824863701851,ETD-Graduate,Yes,pdf,Plume-Ridge Interaction in the Galápagos Volcanic Province: Geophysical Constraints on Crustal Thickness and Igneous Output Through Time,,6,12
996824863801851,ETD-Graduate,Yes,pdf,A Real-Time Predictive Machine Learning Model for the Detection of Volatile Fatty Acid Depletion by a Mixed Microbial Consortium to Maximize Polyhydroxyalkanoate Production on Fermented Dairy Manure,,0,6
996824863901851,ETD-Doctoral,Yes,pdf,Understanding the Role of the DNA Binding Protein Euo on the Developmental Cycle of Chlamydia trachomatis.,,23,21
996824864001851,ETD-Graduate,Yes,pdf,"Health and Wellness at Turn of the Century: An Archaeological Investigation of Rural Healthcare in Moscow, Idaho",,13,10
996824864101851,ETD-Graduate,Yes,pdf,"Bias, Randomness, and Blind-Faith: Large Language Model Code Generation and Security Analysis",,10,14
996824864201851,ETD-Doctoral,Yes,pdf,Investigation on Solubility and Phase Transition of Multicomponent Chloride Salt Systems for Pyroprocessing,,0,9
996824864801851,Report,Yes,pdf,A Conceptual Framework for the Assessing Rural Education’s Assets & Strengths (AREAS),2025,8,4
996824866201851,Journal article,Yes,pdf,The ChatGPT artificial intelligence chatbot:how well does it answer accounting assessment questions?,2023,7,18
996824866801851,Journal article,Yes,pdf,Build Your Future: Connecting Career Exploration and Postsecondary Education,2020,3,1
996824965201851,ETD-Doctoral,Yes,pdf,Multiscale Biomechanical Analysis of Stalk Lodging Resistance in Cereal Crops,,8,16
996824965301851,ETD-Doctoral,Yes,pdf,Nonnative Brook Trout as a Threat to Native Bull Trout in Idaho: Patterns Across Space and Time,,7,12
996824965401851,ETD-Graduate,Yes,pdf,The Economics of PVY Control: Efficiency and Willingness to Pay in Seed Potato Production,,7,14
996824965501851,ETD-Graduate,Yes,pdf,Impact of Plastic Bag Regulations on U.S. Consumers,,14,22
996824965601851,ETD-Graduate,Yes,pdf,The Relationship Between Trout Consumption and Emotional Wellbeing in Children Ages 4 to 6 Years,,0,4
996824965701851,ETD-Graduate,Yes,pdf,What Does Green Mean? Modeling Herbivore Foodscapes in a Forested Environment,,5,4
996824965801851,ETD-Graduate,Yes,pdf,Integral Heat Transfer Test Method for Determining Thermal Resistance of Silicon Carbide Cladding and Liquid Tin System at Elevated Temperatures,,13,8
996824965901851,ETD-Doctoral,Yes,pdf,Efficient Cobalt Removal and Recovery from Wastewater Using a Liquid Phase Plasma Discharge Process,,12,32
996824966001851,Journal article,Yes,pdf,Action Civics in Rural Communities,2022,3,3
996824966201851,Journal article,Yes,pdf,"""Who Cares?"": Young Adolescents' Perceived Barriers to Civic Action",2022,8,3
996825065301851,ETD-Graduate,Yes,pdf,Patterns of dispersal in a cooperative breeder: A case study of Idaho wolves,,0,11
996825065401851,ETD-Graduate,Yes,pdf,Effects of using cover crops in a double cropped or interseeded dual crops on dairy compost amended corn silage in Southcentral Idaho,,8,9
996825065501851,ETD-Doctoral,Yes,pdf,Characterization of Fungal Killer Toxin Proteins Using Molecular Modeling and Biochemical Techniques,,0,16
996825065601851,ETD-Graduate,Yes,pdf,Cumulative Effects of Agriculture and Drought on Migratory Shorebird Refueling,,15,19
996825065701851,ETD-Graduate,Yes,pdf,Assessment of Vertical Price Transmission in Food Markets: Evidence Based on Meta-analyses,,11,12
996825065801851,ETD-Doctoral,Yes,pdf,Enhancing Deep Learning for Critical Applications with Sparse Labeling,,14,13
996825065901851,ETD-Doctoral,Yes,pdf,Assessing Patterns of Diversity in Land Snail Microbiomes,,9,10
996825066001851,ETD-Doctoral,Yes,pdf,Readout Integrated Circuit Design for CMOS Image Sensors,,0,89
996825066101851,ETD-Graduate,Yes,pdf,Dynamic Behavior in Soil Physical and Chemical Properties Following Wildfire,,12,18
996825066201851,ETD-Doctoral,Yes,pdf,Investigations into methyl iodide adsorption and decomposition on reduced silver mordenite,,0,10
996825066301851,ETD-Doctoral,Yes,pdf,An Approach to Directed Energy Deposition Process-Structure-Property Analysis with Experiments and Modeling,,17,12
996825163301851,Journal article,Yes,pdf,E-invoicing in EU public procurement as a tool for cross border trade barriers elimination,2015,9,9
996825163701851,Journal article,Yes,pdf,Hybrid nature of modern threats for cybersecurity and information security,2020,7,4
996825163801851,Patent,Yes,pdf,Method of quick connection of pstn modems and pstn modem with fast connection according to such method,2023,4,16
996825164201851,ETD-Graduate,Yes,pdf,Population Dynamics and Fishery Management of Burbot (Lota lota) in the Kootenai River,,11,13
996825164301851,ETD-Doctoral,Yes,pdf,"Algorithm Aversion: The Role of Process Control, Self-Determination Theory, and Psychological Ownership",,14,11
996825164401851,ETD-Doctoral,Yes,pdf,"Navigating Hydrosocial Dynamics, Relations & Water Governance at Northern Cheyenne",,0,27
996825164501851,ETD-Doctoral,Yes,pdf,"Human Disturbance Reshapes Large Mammal Behavior, Habitat Use, and Community Composition in British Columbia",,18,20
996825164601851,ETD-Graduate,Yes,pdf,Physics-Informed Machine Learning for Creep and Fatigue Life Prediction with Uncertainty Quantification for A709 Alloy,,0,22
996825164701851,ETD-Doctoral,Yes,pdf,Regenerative Potential and Transcriptional Regulation within the Zebrafish Neural Retina,,0,8
996825164801851,ETD-Graduate,Yes,pdf,"Impact of Insect-Transmitted Viruses and Vector Management on Alfalfa (Medicago sativa L.) Yield, Quality, and Virus Prevalence",,12,17
996825164901851,ETD-Graduate,Yes,pdf,Impact of Repeated Exposure and Child Centered Nutrition Phrases on the Liking of Trout in Children Aged 4 – 6 years,,0,9
996825165001851,ETD-Graduate,Yes,pdf,Evaluation of the Impact to the East West A Mode of the Western Interconnection from the Retirement of Synchronous Generation,,10,16
996825165101851,ETD-Graduate,Yes,pdf,The Tobacco Hornworm as a Robust Invertebrate Model for Studying Bacterial Infections and Treatments,,23,40
996825165201851,ETD-Doctoral,Yes,docx,"Evolution and diversification of the Mygalomorph genus Antrodiaetus (Araneae, Mygalomorphae, Antrodiaetidae)",,0,7
996825165201851,ETD-Doctoral,Yes,pdf,"Evolution and diversification of the Mygalomorph genus Antrodiaetus (Araneae, Mygalomorphae, Antrodiaetidae)",,0,7
996825165301851,ETD-Graduate,Yes,pdf,Analysis of Burn Pattern Variations Caused by Synthetic Clothing on Pigs,,17,37
996825165401851,ETD-Doctoral,Yes,pdf,Revisiting Gabriel Kron: The Construction of the ILIM and Its Role in Developing the First Dynamic LTSpice Model of the Induction Machine as a pathway to Independent Coil Control,,0,7
996825165801851,Journal article,Yes,pdf,Career and Educational Experiences of High School Athletic Directors: A Multi-level Perspective,2017,7,3
996825166201851,Journal article,Yes,pdf,Managing an Identity: Social Identity Complexity and NCAA Faculty Athletics Representatives,2019,3,2
996825166301851,Journal article,Yes,pdf,An investigation of student-athlete gambling habits at religious universities,2019,7,5
996825166401851,Journal article,Yes,pdf,Coaching Salary Disparity and Team Performance: Evidence from the Football Bowl Subdivision,2020,7,2
996825263701851,ETD-Graduate,Yes,pdf,Risk Perception in Ranchers' Engagement and Sage-Grouse Habitat Conservation,,10,9
996825263801851,ETD-Doctoral,Yes,pdf,"STUDIES ON THE VISUAL AND CHEMICAL ECOLOGY, AND THE EFFICACY OF A SPECIALIST INSECT HERBIVORE CONSIDERED FOR THE BIOLOGICAL CONTROL OF AN ALIEN INVASIVEPLANT IN NORTH AMERICA",,3,9
996825263901851,ETD-Doctoral,Yes,pdf,Graph Neural Network Architectures for Multi-Omics-Based Cancer Classification with Emphasis on Interpretability and Biomarker Discovery,,24,33
996825264001851,ETD-Doctoral,Yes,pdf,Ecophysiological and Morphological Drivers of Drought Resistance in Northern Rocky Mountain Conifer Seedlings,,0,25
996825264101851,ETD-Graduate,Yes,pdf,Economic Feasibility of Food Produced Using Biochar,,15,17
996825264201851,ETD-Graduate,Yes,pdf,The Diet of a Rural Community in North Idaho: an Analysis of Faunal Remains from the Grounds of Moscow High School,,8,14
996825264301851,ETD-Graduate,Yes,pdf,Mapping Post-Harvest Beef Product Flows and Estimating Shipment Mileage in the United States,,10,16
996825264401851,ETD-Doctoral,Yes,pdf,"The Missing Ring: Tree Ring Scholar-Activism, Creative Justice-Based Pedagogies, & Community-Centered Geographies in the Climate Crisis",,0,23
996825264501851,ETD-Graduate,Yes,pdf,Preschool teachers’ experiences with Early Learning Standards in promoting children’s physical development,,10,22
996825264601851,ETD-Doctoral,Yes,pdf,Simultaneous Nitrogen and Phosphorus Removal in Sequencing Batch Reactors to Treat Anaerobically Digested Liquid Dairy Manure.,,0,44
996825264901851,Conference paper,Yes,pdf,Transforming Police-Community Relations: The Role of Experiential Learning in Law Enforcement Training,,10,4
996825265501851,Journal article,Yes,pdf,Experiences and viewpoints of PhD students completing their dissertations during crises,2022,13,7
996825265901851,Journal article,Yes,pdf,Peer Mentoring and Communities of Practice: Reflections From Newly Minted PhDs,2020,9,5
996825266501851,Report,Yes,pdf,Coaching Mathematics Teachers In-Person and Online: A Content-Focused Coaching Model A White Paper from the Center for Professional Development and Education Reform,2022,7,7
996825266601851,Journal article,Yes,pdf,Integrating Critical Approaches into Quantitative STEM Equity Work,2022,3,7
996825266701851,Journal article,Yes,pdf,"Movement, my favourite thing: children's perceptions of movement integration in school",2025,6,11
996825661401851,Review,Yes,pdf,"Roman Spolia, Appropriation and Cultural Memory: The Classical Review, Vol. 75, Issue 2 (October 2025), pp. 358-366",,6,8
996825666001851,Journal article,Yes,pdf,Wetland Habitat Quality Assessment and Improvement From A Perspective of Spatiotemporal Heterogeneity,2025,7,11
996825765901851,Journal article,Yes,pdf,"Teaching Current Events and Media Literacy: Critical Thinking, Effective Communication, and Active Citizenship",2017,3,10
996825766001851,Journal article,Yes,pdf,Media Literacy in Teacher Education: A Good Fit across the Curriculum,2015,4,5
996825766101851,Journal article,Yes,pdf,Teacher Research in Teacher Education: Emancipatory Potential in Discouraging Times,2018,5,5
996825766201851,Journal article,Yes,pdf,"Cultivating relationships for Indigenous futures: developing a model for university, Tribe, and Land partnerships in educator professional development",,16,28
996829294801851,Journal article,Yes,pdf,Misinformation and digital health literacy among American Indian and Alaska Native people,2025,4,7
996829394901851,Report,Yes,pdf,2023 Ada County's Forest Products Industry,2025,13,8
996829396401851,Journal article,Yes,pdf,Young Children's Self-Regulated Learning Benefited from a Metacognition-Driven Science Education Intervention for Early Childhood Teachers,2024,4,7
996829587701851,Book chapter,Yes,pdf,A text-as-data study of political communication in the 2018 Turkish elections,2022,10,8
996829587801851,Journal article,Yes,pdf,Threats and the conservative shift in public opinion: comparative causal mediation analyses from Turkey,2024,3,3
996829587901851,Journal article,Yes,pdf,Terrorism Mortality Salience Manipulation: A Causal Mediation Analysis,2023,5,7
996829588001851,Journal article,Yes,pdf,"Linking sleep, political ideology, and religious observance: a multi-national comparison",2022,3,5
996829588101851,Journal article,Yes,pdf,Too tired to vote: A multi-national comparison of election turnout with sleep preferences and behaviors,2022,3,5
996829588301851,Journal article,Yes,pdf,Polarization congruence and satisfaction with democracy: A multinational investigation,2024,4,13
996831396601851,Report,Yes,pdf,2023 Bingham County's Forest Products Industry,2025,7,1
996831396701851,Report,Yes,pdf,2023 Benewah County's Forest Products Industry,2025,7,0
996831397001851,Report,Yes,pdf,2023 Bearlake County's Forest Products Industry,2025,8,3
996831397101851,Report,Yes,pdf,2023 Bannock County's Forest Products Industry,2025,8,3
996831397201851,Report,Yes,pdf,2023 Adams County's Forest Products Industry,2025,8,5
996832497201851,Journal article,Yes,pdf,Resetting a heartbeat: Cultural transmission and holistic learning through Alaska Native dance,2025,3,6
996832892801851,Report,Yes,pdf,2023 Blaine County's Forest Products Industry,2025,7,4
996832893501851,Report,Yes,pdf,2023 Washington County's Forest Products Industry,2025,7,2
996832893601851,Report,Yes,pdf,2023 Valley County's Forest Products Industry,2025,7,3
996832893701851,Report,Yes,pdf,2023 Twin Falls County's Forest Products Industry,2025,7,3
996832893801851,Report,Yes,pdf,2023 Teton County's Forest Products Industry,2025,8,3
996832893901851,Report,Yes,pdf,2023 Shoshone County's Forest Products Industry,2025,8,3
996832894001851,Report,Yes,pdf,2023 Power County's Forest Products Industry,2025,7,3
996832894101851,Report,Yes,pdf,2023 Payette County's Forest Products Industry,2025,7,2
996832894201851,Report,Yes,pdf,2023 Owyhee County's Forest Products Industry,2025,7,7
996832894301851,Report,Yes,pdf,2023 Oneida County's Forest Products Industry,2025,7,1
996832894401851,Report,Yes,pdf,2023 Nez Perce County's Forest Products Industry,2025,9,2
996832894501851,Report,Yes,pdf,2023 Minidoka County's Forest Products Industry,2025,8,1
996832894601851,Report,Yes,pdf,2023 Madison County's Forest Products Industry,2025,9,3
996832894701851,Report,Yes,pdf,2023 Lincoln County's Forest Products Industry,2025,8,3
996832894801851,Report,Yes,pdf,2023 Lewis County's Forest Products Industry,2025,7,3
996832895001851,Report,Yes,pdf,2023 Lemhi County's Forest Products Industry,2025,7,4
996832895101851,Report,Yes,pdf,2023 Latah County's Forest Products Industry,2025,8,1
996832895201851,Report,Yes,pdf,2023 Kootenai County's Forest Products Industry,2025,8,2
996832895301851,Report,Yes,pdf,2023 Jerome County's Forest Products Industry,2025,7,0
996832895401851,Report,Yes,pdf,2023 Jefferson County's Forest Products Industry,2025,7,1
996832895501851,Report,Yes,pdf,2023 Idaho County's Forest Products Industry,2025,9,5
996832895601851,Report,Yes,pdf,2023 Gooding County's Forest Products Industry,2025,9,2
996832895701851,Report,Yes,pdf,2023 Gem County's Forest Products Industry,2025,8,2
996832895801851,Report,Yes,pdf,2023 Fremont County's Forest Products Industry,2025,7,3
996832895901851,Report,Yes,pdf,2023 Franklin County's Forest Products Industry,2025,7,2
996832896001851,Report,Yes,pdf,2023 Elmore County's Forest Products Industry,2025,8,4
996832896101851,Report,Yes,pdf,2023 Custer County's Forest Products Industry,2025,7,1
996832896201851,Report,Yes,pdf,2023 Clearwater County's Forest Products Industry,2025,8,5
996832896301851,Report,Yes,pdf,2023 Clark County's Forest Products Industry,2025,7,0
996832896401851,Report,Yes,pdf,2023 Cassia County's Forest Products Industry,2025,7,2
996832896501851,Report,Yes,pdf,2023 Caribou County's Forest Products Industry,2025,7,1
996832896601851,Report,Yes,pdf,2023 Canyon County's Forest Products Industry,2025,7,6
996832896701851,Report,Yes,pdf,2023 Camas County's Forest Products Industry,2025,8,5
996832896801851,Report,Yes,pdf,2023 Butte County's Forest Products Industry,2025,11,10
996832896901851,Report,Yes,pdf,2023 Boundary County's Forest Products Industry,2025,11,7
996832897001851,Report,Yes,pdf,2023 Bonneville County's Forest Products Industry,2025,8,4
996832897101851,Report,Yes,pdf,2023 Bonner County's Forest Products Industry,2025,10,14
996832897201851,Report,Yes,pdf,2023 Boise County's Forest Products Industry,2025,13,9
996834196501851,Report,Yes,pdf,Whitman County Community Assessment of Child Care Needs,2021,3,1
996834196601851,Journal article,Yes,pdf,Parenting Through Academia as a SICB Member,2020,3,1
996834196701851,Journal article,Yes,pdf,Beyond measurement of the motherhood penalty: How social locations shape mothers' work decisions and stratify outcomes,2022,15,15
996834196801851,Journal article,Yes,pdf,Black-White disparities in nuclear family trajectories and parents' postsecondary transfers to adult children,2022,7,3
996834196901851,Journal article,Yes,pdf,"""In Every Decision I'm Making, I'm Thinking About My Son"": How Children Motivate and Constrain the Labor Force Participation of Mothers With Disabilities",2023,11,6
996834296701851,Journal article,Yes,pdf,Advancing Traffic Safety Analysis: A Novel Lightweight Rule-Based and Part-of-Speech Tagging-Based Approach for Information Extraction from Crash Reports,2026,1,23
996835963801851,Journal article,Yes,pdf,RangeDocs: searchable science for rangeland management,2025,10,16
996836171101851,Journal article,Yes,pdf,An arsenic-specific biosensor with genetically engineered Shewanella oneidensis in a bioelectrochemical system,2014,0,5
996836171201851,Journal article,Yes,pdf,Metabolic engineering of Rhodopseudomonas palustris for the obligate reduction of n-butyrate to n-butanol,2017,3,6
996836171301851,Journal article,Yes,pdf,N-hydroxy-pipecolic acid is a mobile metabolite that induces systemic disease resistance in Arabidopsis,2018,4,5
996836171401851,Journal article,Yes,pdf,Fine-Tuned Protein Production in Methanosarcina acetivorans C2A,2018,0,3
996836171601851,Journal article,Yes,pdf,Arabidopsis UGT76B1 glycosylates N-hydroxy-pipecolic acid and inactivates systemic acquired resistance in tomato,2021,7,4
996836171701851,Journal article,Yes,pdf,The short-term effect of residential home energy retrofits on indoor air quality and microbial exposure: A case-control study,2021,3,6
996836171801851,Journal article,Yes,pdf,Adaptive laboratory evolution and metabolic engineering of Cupriavidus necator for improved catabolism of volatile fatty acids,2024,0,10
996836171901851,Journal article,Yes,pdf,Coupling Waste Feedstocks to Microbial Protein Production in a Circular Food System,2025,0,6
996836172101851,Journal article,Yes,pdf,Insights into genetic determinants of volatile fatty acid catabolism in Cupriavidus necator H16,2025,10,5
996836672001851,Conference poster,Yes,docx,"No-dormant alfalfa and small grain rotations- Tillage and fertility effects, Western Nutrient Management Conference",,12,9
996836672001851,Conference poster,Yes,pdf,"No-dormant alfalfa and small grain rotations- Tillage and fertility effects, Western Nutrient Management Conference",,12,9
996836672101851,Conference presentation,Yes,pdf,Obstacles and Opportunities in Rural College Students' Career Development,,7,6
996837071901851,Report,Yes,pdf,Minimizing the Impacts of Home Food Waste,2024,4,13
996839982601851,Journal article,Yes,pdf,Composite and Outlook ForecastAccuracy,2012,6,15
996840282701851,Report,Yes,pdf,"Wyoming's Forest Products Industry and Timber Harvest, 2010",2010,2,4
996840282801851,Report,Yes,pdf,"Montana's Forest Products Industry and Timber Harvest, 2009",2013,3,8
996840282901851,Magazine article,Yes,pdf,Making Every Dollar Count: Leveraging Federal Investments in Land Management to Benefit Local Communities,2012,2,6
996840283001851,Journal article,Yes,pdf,Employment and Wage Impacts of Timber Harvesting and Processing in the United States,2016,8,13
996840283101851,Report,Yes,pdf,"California's Forest Products Industry and Timber Harvest, 2012",2015,6,4
996840283201851,Report,Yes,pdf,"California’s forest products industry and timber harvest, 2016.",2020,6,6
996842182401851,Journal article,Yes,pdf,Pulling Teeth: The State of Mandatory Immigration Detention,2010,4,6
996844117501851,Journal article,Yes,pdf,A GenAI System for Improved FAIR Independent Biological Database Integration,2025,3,8
996844123101851,Journal article,Yes,pdf,Efficient and specific DNA-targeting using single-stranded LNA/MOE mixmers and chimeric Invader:XenoRNA probes,2025,2,5
996844152701851,Journal article,Yes,pdf,Implementing potential climate‐smart practices through diverse partnerships,2025,5,4
996844202201851,Journal article,Yes,pdf,Thyroid hormone receptor beta-2 (TRβ2) overexpression modulates photoreceptor phenotype diversity in a ligand-dependent manner,2025,0,2
996844204201851,Journal article,Yes,pdf,Seasonal body mass dynamics mediate life-history trade-offs in a hibernating mammal,2025,0,7
996844848201851,Journal article,Yes,pdf,Recent ice cap snowmelt in Russian High Arctic and anti-correlation with late summer sea ice extent,2014,7,9
996844848301851,Journal article,Yes,pdf,Development of a daytime cloud and haze detection algorithm for Himawari‐8 satellite measurements over central and eastern China,2017,8,6
996844850601851,Conference poster,Yes,pdf,"It All Adds Up: Increasing Physical Activity for Women in Yellowstone County, Montana",,4,9
996844850701851,Conference poster,Yes,pdf,Abstract From Patient to Provider: Synthesizing the Mental Healthcare System within the Epicenter of Mental Health Crises,,7,7
996844850801851,Conference program,Yes,pdf,Session Suicide Impact on Youth,,5,6
996844850901851,Conference poster,Yes,pdf,Manualizing community health improvement under the structural challenges embedded within rural health systems in Montana,,5,8
996844851001851,Conference poster,Yes,pdf,Triangulating the Montana childcare crisis: Comparing employer and employee perceptions of childcare needs within south-central Montana,,3,5
996844851101851,Conference poster,Yes,pdf,The childcare crisis among female caregivers in south-central M ontana,,3,5
996844851201851,Conference poster,Yes,pdf,Recurring event survival analyses: A methodological approach to model recurring event data in cancer patients receiving multiple lines of therapy,,3,4
996844851501851,Conference paper,Yes,pdf,PCR78 Real-World Pain Symptom Trajectory Among Multiple Myeloma Patients Under Remote Symptom Monitoring with Electronic Patient-Reported Outcomes (ePRO),,3,6
996844851601851,Conference paper,Yes,pdf,PCR219 Real-World Severe Symptom Trajectory in Multiple Myeloma Reported in Remote Symptom Monitoring with Electronic Patient-Reported Outcomes (ePRO),,3,4
996844851701851,Conference paper,Yes,pdf,Social determinants of health explored within an electronic patient reported outcomes (ePROS) remote symptom monitoring platform for patients with multiple myeloma (MM),,2,5
996844851901851,Conference paper,Yes,pdf,Social determinants of health explored within an electronic patient reported outcomes (ePROs) remote symptom monitoring platform for patients with acute myeloid leukemia (AML),,2,2
996844852101851,Conference paper,Yes,pdf,Cytogenetic risk explored within an electronic patient reported outcomes (ePROs) remote symptom monitoring platform among patients with acute myelogenous leukemia (AML),,7,7
996844852201851,Conference poster,Yes,pdf,"Exploring Symptom Burden, Treatment Bother, Physical Function, and Quality of Life By Frailty Status in Patients with Acute Myeloid Leukemia",,6,2
996844852301851,Conference poster,Yes,pdf,"Exploring Symptom Burden, Treatment Bother, Physical Function, and Quality of Life By Frailty Status in Patients with Multiple Myeloma",,6,2
996844852401851,Conference poster,Yes,pdf,Feasibility and utilization of electronic patient-reported outcome measures for lung cancer in routine clinical care,,7,5
996844852801851,Journal article,Yes,pdf,Nurses' Knowledge and Attitudes about Pain: Personal and Professional Characteristics and Patient Reported Pain Satisfaction,2017,2,4
996844852901851,Journal article,Yes,pdf,Improving Blood Pressure Control Using Smart Technology,2018,6,4
996844853101851,Journal article,Yes,pdf,Intent-to-treat analysis of a simultaneous multisite telehealth diabetes prevention program,2018,2,3
996844853201851,Journal article,Yes,pdf,Predictors of oversedation in hospitalized patients,2018,0,4
996844853301851,Journal article,Yes,pdf,"Prospective, Open Trial of Adjunctive Triple Chronotherapy for the Acute Treatment of Depression in Adolescent Inpatients",2019,0,3
996844853401851,Journal article,Yes,pdf,Evaluating the Impact of Treatment Care Planning on Quality Measures,2019,6,5
996844853501851,Journal article,Yes,pdf,Bilateral Total Knee Arthroplasty: Predictors of Discharge Disposition,2020,7,4
996844854301851,Journal article,Yes,pdf,The Constitutional Guarantee of Criminal Justice Transparency,2022,2,6
996844854601851,Journal article,Yes,pdf,Barriers to healthcare access among U.S. adults with mental health challenges: A population-based study,2021,6,8
996844854701851,Journal article,Yes,pdf,"A qualitative study of rural healthcare providers' views of social, cultural, and programmatic barriers to healthcare access",2022,6,9
996844854801851,Journal article,Yes,pdf,Narrowing Death Eligibility in Idaho: An Empirical and Constitutional Analysis,2021,2,5
996844854901851,Journal article,Yes,pdf,"The Use of Holographic Memory Resolution® to Improve the Physical and Biopsychosocial Symptoms of Chronic Pain: A Feasibility, Mixed Methods Study",2024,3,5
996844855101851,Journal article,Yes,pdf,"The Montana Postural Care Project: A pilot study implementing posture care management in a rural, low-resource region",2024,3,6
996845454201851,Other,Yes,docx,Barbara Petty CV,2025,1,1
996845552501851,Accepted manuscript,Yes,pdf,Optical density-based image analysis method for the evaluation of hematoxylin and eosin staining precision,2020,3,7
996846026301851,Journal article,Yes,pdf,Impact of postharvest drying methods on metabolite composition of Solanum sisymbriifolium extract,2025,2,7
996846026401851,Journal article,Yes,pdf,"Eureka!: A Survey of Women Discovering, and Rediscovering, Poe",2025,2,3
996846027801851,Journal article,Yes,pdf,A Novel Continuous Ultrasound-Assisted Leaching Process for Rare Earth Element Extraction: Environmental and Economic Assessment,2025,4,14
996846028301851,Journal article,Yes,pdf,Rural Perspectives on Digital Health Technology in Cardiovascular Care: Qualitative Interviews with Rural and Rural-serving Primary Care Providers and Cardiologists (Preprint),2025,0,4
996846035501851,Journal article,Yes,pdf,"Two new species of Scolia (Hymenoptera, Scoliidae) from Mexico and Panama",2025,3,10
996846243001851,Journal article,Yes,pdf,"Detection of bovine milk–, but likely not soy–derived, peptides in human milk after maternal consumption of bovine milk and soy beverage: a randomized, cross-over, dietary intervention trial",2025,3,1
996847454401851,Journal article,Yes,pdf,Corporate governance implications from the 2008 financial crisis,2012,4,4
996847655301851,Journal article,Yes,pdf,GCSAM: Gradient Centralized Sharpness Aware Minimization,2025,7,14
996847853201851,Journal article,Yes,pdf,Predicting the Body Weight of Tilapia Fingerlings from Images Using Computer Vision,2025,2,9
996847853301851,Journal article,Yes,pdf,Evaluating responses to epidemics of Infectious spleen and kidney necrosis virus in farmed tilapia (Oreochromis niloticus),2025,4,6
996847855301851,Journal article,Yes,pdf,Bovine Viral Diarrhea Virus-1 (Pestivirus bovis) Associated with Stillborn and Mummified Fetuses in Farmed White-tailed Deer (Odocoileus virginianus) in Florida,2025,2,6
996847955401851,Website,Yes,pdf,Accessible Job Interviews in the Library Workplace: A guide for library workplaces seeking to hire autistic and neurodivergent employees,2024,4,5
996848255001851,Journal article,Yes,pdf,Exception-Driven Security: A Risk-Aware Permission Adjustment for High-Availability Embedded Systems,2025,0,3
996848255101851,Journal article,Yes,pdf,Collaboration between two conserved sequence motifs drives ATPase stimulation of Hsp90 by Aha1,2025,2,3
996848255301851,Review,Yes,pdf,"Arsenic and Uranium Contamination on Navajo Nation Tribal Lands, USA: A State-of-the-Science Review of a Toxic Mining Legacy and Its Socio-Environmental Impacts",2025,0,4
996848948601851,Journal article,Yes,pdf,Are We There?,2025,4,12
996848948701851,Journal article,Yes,pdf,"Jump in the Van, It's an Argus Road Trip!",2025,2,2
996848948801851,Journal article,Yes,pdf,"Return to the Primitive: An Interview with Ben Waechter, FAIA",2025,0,4
996848948901851,Journal article,Yes,pdf,Immersive Education: An Interview with Rick Sommerfeld & Scott Lawrence,2025,0,3
996848949001851,Journal article,Yes,pdf,Crossing Hydrological Divides,2025,0,2
996848949101851,Journal article,Yes,pdf,... Is Not About the Line,2025,0,2
996848949201851,Journal article,Yes,pdf,A Spatial Origin of Charles and Ray Eames,2025,1,3
996848949301851,Journal article,Yes,pdf,The Vandal Healing Garden and Memorial,2025,1,4
996848949401851,Journal article,Yes,pdf,A Lifetime of Speed: With Darold Cummings,2025,0,2
996848949501851,Journal article,Yes,pdf,"New Labor: Engaging Modern Ruin and Organized Labor in Butte, Montana",2025,0,3
996848949601851,Journal article,Yes,pdf,A Roadside Journal...,2025,0,4
996848949701851,Journal issue,Yes,pdf,"Argus: Roadside Architecture Journal, Volume 1",2025,0,5
996849375401851,Abstract,Yes,pdf,Professional Development Needs of CTE Teachers in Idaho: A Literature Review,2024,3,8
996849570601851,Journal article,Yes,pdf,Modeling and Optimization of Argon-Activated Electrohydraulic Plasma Discharge Process for p-Nitrophenol Remediation,2025,3,1
996849570701851,Journal article,Yes,pdf,Reaction Mechanisms of Aqueous Methane Reforming by Continuous Flow Two-Phase Plasma Discharge,2025,3,2
996849571301851,Journal article,Yes,pdf,High performance and insensitive energetic compounds from the intelligent assembly of nitramino/ gem -dinitromethyl group and oxadiazoles,2025,0,4
996849571601851,Journal article,Yes,pdf,Design and Synthesis of Thermally Robust Pyrazine–Tetrazole Hybrids as High-Nitrogen Energetic Materials,2025,0,3
996849571901851,Journal article,Yes,pdf,Shear performance of PrinTimber composite beams for sustainable 3D-priniting structures,2025,2,5
996849574901851,Journal article,Yes,pdf,Signatures and likely sources of the male pregnancy microbiome in wild bay pipefish (Syngnathus leptorhynchus),2025,2,5
996849671501851,Journal article,Yes,pdf,"Extrusion of biobased novolac composites: flow, curing, and mechanical properties",2025,0,5
996849671601851,Journal article,Yes,pdf,Understory floristic composition of planted western white stands in the northern Rocky Mountains,2025,2,2
996849671901851,Journal article,Yes,pdf,Impact of low-chemical storage pretreatment of loblolly pine bark on biochar from microwave pyrolysis,2025,6,5
996849672101851,Journal article,Yes,pdf,Enhancing genomic predictive ability of yield and yield-related traits in spring wheat by integrating major plant adaptation genes as a fixed effect,2025,4,4
996849672401851,Journal article,Yes,pdf,Scaling Up Non-Thermal Plasma Technology for Water and Wastewater Treatment: Opportunities and Challenges,2025,3,6
996849673901851,Conference paper,Yes,pdf,Resurrecting the Dead: GenAI-Powered Workflow Revival,2025,0,2
996849674001851,Journal article,Yes,pdf,Release of ‘Poporito’ and ‘Noche Nuña’ Novel Popping Bean (Phaseolus vulgaris L.) Cultivars,2025,3,8
996849674201851,Journal article,Yes,pdf,A Water-Based and Continuous-Flow-Usable Cascade: Sustainable Synthesis of Tetrazolo-Fused Heterocycles,2025,1,6
996849674301851,Journal article,Yes,pdf,On the Detection of Exorings in Reflected Light with JWST NIRCam,2025,0,3
996850660001851,Journal article,Yes,pdf,Daily behavior and performance for cows engaged in targeted grazing in southeast Idaho,2025,2,5
996850857801851,Other,Yes,pdf,CURRICULUM VITAE FOR EXTENSION EDUCATOR FACULTY,2025,,
996850859501851,Journal article,Yes,pdf,The Things that Stick: An Interview with Phil Mead,2025,0,6
996850859601851,Journal article,Yes,pdf,The Abandonment of Rout 66: An Emblem of 'Societal Absurdity',2025,0,4
996850859701851,Journal article,Yes,pdf,Rail Recounting: An Interview with Ken & Deanna Smith,2025,0,5
996850859801851,Journal article,Yes,pdf,Ferrovia Reinventata,2025,1,4
996850859901851,Journal article,Yes,pdf,Working with the Existing: An Interview with Emir Tursic,2025,0,3
996850860001851,Journal article,Yes,pdf,These Towns Helped Build Our Nation and We Turned Our Backs on Them,2025,0,5
996850860101851,Journal article,Yes,pdf,Aesthetic Disjunction: Where Boise's Legacy Ends and Sprawl Begins,2025,0,7
996850860201851,Journal article,Yes,pdf,Where Wood Meets Wonder: An Interview with Jacob Dunn,2025,0,3
996850860301851,Journal article,Yes,pdf,Following the Tracks,2025,1,6
996850860401851,Journal issue,Yes,pdf,"Argus: Roadside Architecture Journal, Volume 2",2025,2,7
996850957701851,Journal article,Yes,pdf,Computational framework for streamlining the success of sequential antibiotic therapy,2025,1,5
996850957801851,Book,Yes,pdf,"Biological Highways in the Sky: The dispersal of microorganisms, insects and other small life forms via the atmosphere",2025,15,32
996851860501851,Journal article,Yes,pdf,Do Healthcare Professionals Agree with Delphi Expert Recommendations for Instrument Assisted Soft-Tissue Mobilization Precautions and Contraindications? An Exploratory Survey,2025,7,16
996854252901851,Journal article,Yes,pdf,Should I stay or should I go? Causes and consequences of intraspecific variation in site fidelity,2025,2,10
996854253201851,Journal article,Yes,pdf,An electrophoretic mobility shift assay with chemiluminescent readout to evaluate DNA-targeting oligonucleotide-based probes,2025,1,4
996854253401851,Journal article,Yes,pdf,Topographic Setting Drives the Imprint of the Madden–Julian Oscillation ( MJO ) on Tree Growth in the Northern Sierra Nevada,2025,0,3
996854253501851,Preprint,Yes,pdf,Tailored robotic training improves hand function and proprioceptive processing in stroke survivors with proprioceptive deficits: A randomized controlled trial,,3,6
996854260501851,Journal article,Yes,pdf,Influence of Mother Seed Tuber Size on Yield and Incidence of Seedborne Potato Virus Y,2025,2,3
996854759401851,Journal article,Yes,pdf,Four-Decade Studies of Ecocriticism and Beyond—Retrospect and Prospect: An Interview with Professor Scott Slovic,2025,2,4
996854759701851,Journal article,Yes,pdf,Electrochemical Machining of Highly Strain-Hardenable High-Entropy FeMnCrCoSi Alloy: Role of Passivation and Selective Dissolution,2025,3,6
996854759801851,Journal article,Yes,pdf,Zero-Copy Messaging: Low-Latency Inter-Task Communication in CHERI-Enabled RTOS,2025,0,3
996857453901851,Journal article,Yes,pdf,Elevation mediates juvenile steelhead demographic response to stream temperature and flow,2025,0,6
996857560401851,Journal article,Yes,pdf,"Influence of Phased Cover Placement on the Acid-Generating Main Waste Stockpile at the Red Dog Mine, Alaska, USA",2025,1,8
996858658101851,Journal article,Yes,pdf,Legislating Childhood Independence Legislating Childhood Independence,2023,0,4
996858658201851,Journal article,Yes,pdf,Lessons from a Small and Troubled Country:  Bosnia’s Struggling Judiciary Paints an Ominous Picture for the Rule of Law in the United States,2024,0,2
996858802201851,Journal article,Yes,pdf,Kinetics and Mechanical Performance of Bio-Based Polyurethane Wood Composites for Sustainable 3D-Printed Construction Materials,2025,0,4
996858802301851,Journal article,Yes,pdf,Predicting immediate and delayed fire-induced mortality of Pinus monticola and Pseudotsuga menziesii saplings using a pyro-ecophysiology fire severity approach,2025,0,4
996858823001851,Journal article,Yes,pdf,Stratigraphic evidence for modern‐like glacier extents in south‐central Alaska within the last glacial period ( MIS 3),2025,0,7
996858823301851,Journal article,Yes,pdf,Gravitational-Wave Signatures of Massive Black Hole Formation,2025,0,3
996858848501851,Journal article,Yes,pdf,Pine Bark Tannin-Based Resins for Wood Composite Applications,2025,0,5
996858858501851,Journal article,Yes,pdf,The CRAN Task View Initiative,2025,0,3
996858960501851,Journal article,Yes,pdf,Personalized Course Recommendations Leveraging Machine and Transfer Learning Toward Improved Student Outcomes,2025,1,5
996860460301851,Report,Yes,pdf,Analysis of a Single Payment Program for Public Lands Counties in Idaho: Scenarios and Implications,2019,0,3
996860460401851,Report,Yes,pdf,REVISITING SUSTAINED YIELD UNITS,2025,10,22
996860660401851,Journal article,Yes,pdf,Moving beyond ontological (worldview) supremacy: Indigenous insights and a recovery guide for settler-colonial scientists,2023,0,2
996860760301851,Journal article,Yes,pdf,Revisiting Palazzolo v. Rhode Island: The Blurry Lines Between Ripeness and Standing that Enable Windfalls,2024,1,8
996860760401851,Journal article,Yes,pdf,"The Contracts Clause Can Be Enforced via Section 1983, Period: The Nonexistent Circuit Court ""Split""",,0,5
996860760501851,Journal article,Yes,pdf,The Takings Clause and the Environment,2025,3,11
996860859801851,Journal article,Yes,pdf,Once Upon an Early Writing Experience: Connecting Memory with Literacy Instruction in Pre-ServiceTeacher Education,2025,1,3
996860960201851,Journal article,Yes,pdf,Does unconscious thought outperform conscious thought on complex decisions? A further examination,2009,0,4
996860960401851,ETD-Doctoral (External),Yes,pdf,Post-Conflict Judicial Reform  in Bosnia and Herzegovina:  The False Promise of Judicial Independence,2025,0,6
996861059801851,Journal article,Yes,pdf,Nutritional status of under-five aged children of ready-made garment workers in Bangladesh: A cross-sectional study,2023,1,4
996861059901851,Journal article,Yes,pdf,Drivers of child and women dietary diversity: Empirical evidence from a peri-urban area of Bangladesh,2024,0,2
996861060001851,Journal article,Yes,pdf,Women participation in South Asian agriculture: a comprehensive systematic review,2024,0,2
996861060101851,Journal article,Yes,pdf,Harnessing complexity: integrating remote sensing and fuzzy expert system for evaluating land use land cover changes and identifying mangrove forest vulnerability in Bangladesh,2025,0,4
996863560401851,Journal article,Yes,pdf,BACKWARDS FEDERALISM: THE WITHERING IMPORTANCE OF STATE PROPERTY LAW IN MODERN TAKINGS JURISPRUDENCE,2023,0,5
996863560501851,Journal article,Yes,pdf,What's Your Damage?! The Supreme Court Has Wrecked Temporary Takings Jurisprudence,2023,0,4
996863942301851,Journal article,Yes,pdf,The effects of ideology and cognitive reflection on evidence gathering behavior in the political domain,2025,1,5
996863955001851,Journal article,Yes,pdf,The economic performance of soil health practices in potato production systems – ADDENDUM,2025,0,5
996864160201851,Journal article,Yes,pdf,Weed Eradication Using Geographic Information Systems,1993,0,4
996865256301851,Journal article,Yes,pdf,JARE at 50: Foreword to the Special Issue,2025,0,1
996865256901851,Journal article,Yes,pdf,"Accurate geometric albedo, shape, and size of Hi'iaka from a stellar occultation",2025,0,3
996865560401851,Conference presentation,Yes,pdf,Advancing Poverty Competency Within Extension: A Pathway to Health Equity as a Core System Value,2024,0,3
996865660501851,Other,Yes,pdf,CURRICULUM VITAE FOR EXTENSION EDUCATOR FACULTY,2025,,
996866334301851,Journal article,Yes,pdf,Species-Specific Responses to Paleoclimatic Changes and Landscape Barriers Drive Contrasting Phylogeography of Co-Distributed Lemur Species in Northeastern Madagascar,2025,0,3
996867168101851,Report,Yes,pdf,Rural College Students’ Loneliness: Disparities and Strategies to Strengthen Students' Belonging,2025,1,3
996867168201851,Exhibition catalog,Yes,pdf,Across Shared Waters: Contemporary Artists in Dialogue with Tibetan Art from the Jack Shear Collection,2023,0,2
996867168301851,Book chapter,Yes,pdf,The Earliest Grand Buddhist Clay Sculpture in Bhutan and the Bhutanese Tradition of Clay Sculpting,2023,0,3
996867168401851,Book chapter,Yes,pdf,Tamshing Temple: A Bhutanese Buddhist Master’s Treasure House,2023,0,2
996868486801851,Journal article,Yes,pdf,Evaluation of Different Biochar Sources as Potential Media Amendments for Container Plant Production of Native Plants,2025,0,1
996868647101851,Journal article,Yes,pdf,Global biogeography of airborne viruses in public transit systems and their host interactions,2025,0,1
996869064701851,ETD-Doctoral,Yes,pdf,Cultural Equity Literacy: Cultivating Relationships Through Shoshone-Bannock Pedagogy,,0,2
996869064801851,ETD-Doctoral,Yes,pdf,"Optimizing methods for abundance estimation, noninvasive DNA recovery, and diet analysis of cougars and bobcats on the Olympic Peninsula",,1,3
996869064901851,ETD-Graduate,Yes,pdf,Application of Map Matching and AI for Precision Navigation and Improved Situational Awareness in Operational Forestry,,0,3
996869065001851,ETD-Graduate,Yes,pdf,Plant-Mediated Interactions Between Aboveground Insect Herbivores and Belowground Natural Enemies in the Rhizosphere,,0,1
996869065101851,ETD-Graduate,Yes,pdf,Machine Learning-Based Correlation of Charpy Impact Properties Between Sub-Sized and Standard-Sized Specimens for Nuclear Structural Materials,,0,1
996869065201851,ETD-Doctoral,Yes,pdf,Sustainable Wood Protection and Adhesive Properties of Nanometal Oxide Complexes with Different Essential Oils,,0,2
996869065301851,ETD-Graduate,Yes,pdf,Managing Threats to Sugar Beet Yield and Quality: Using Volunteer Winter Wheat as a Cover Crop for Weed Suppression and Assessing Herbicide Drift Impacts,,0,3
996869065401851,ETD-Graduate,Yes,pdf,Plant-Based Recovery of Rare Earth Elements: Assessing the Feasibility of Phytomining in Idaho,,0,2
996869065501851,ETD-Graduate,Yes,pdf,Sad Girl Ghost Stories,,0,2
996869065601851,ETD-Doctoral,Yes,pdf,Professional Development Needs of Idaho Secondary and Community College Career and Technical Education Teachers,,0,1
996869065701851,ETD-Doctoral,Yes,pdf,Decoding the Small Ruminant Genome: Integrating Linear Sequences with 3D Genomic Architecture,,0,2
996869065801851,ETD-Doctoral,Yes,pdf,Robust Distributed Power System State and Parameter Estimation Under Bad Data and Leverage Points using SCADA and PMU Measurements,,0,2
996869065901851,ETD-Graduate,Yes,pdf,Holler if You Need Me,,0,3
996869267501851,ETD-Graduate,Yes,pdf,Identification and Analysis of Nematode-Induced Cis-Regulatory Regions from Solanum sisymbriifolium,,0,2
996869267601851,ETD-Graduate,Yes,pdf,DEVELOPMENT OF VACCINATION STRATEGIES FOR PREVENTION OF FURUNCULOSIS IN RAINBOW TROUT (Oncorhynchus mykiss),,1,3
996869267701851,ETD-Doctoral,Yes,pdf,A Drone-based Investigation of Pyroaerobiology and Wildland Fire Behavior Using AI and Mixed-effects Modeling,,0,2
996869267801851,ETD-Graduate,Yes,pdf,AI-generated Text Evaluation and Integration in Analytic Workflows for Cybersecurity Guidance and Threat Intelligence Reporting,,1,4
996869267901851,ETD-Doctoral,Yes,pdf,"EXPLORING PRESERVICE TEACHERS’ KNOWLEDGE, ATTITUDES, AND PRACTICES (KAP) OF STUDENT MENTAL HEALTH: CONSEQUENCES FOR EDUCATOR PREPARATION PROGRAMS",,0,3
996869268001851,ETD-Doctoral,Yes,pdf,Hemp Reinforcement for Improved Strength of Wood Sodium Silicate Composites for Additive Manufacturing,,0,1
996869268101851,ETD-Graduate,Yes,pdf,Evidence of Betel Nut Chewing from the Dentitions of a Modern Thai Population,,0,1
996869268201851,ETD-Doctoral,Yes,pdf,Investigation of the Physiological Responses of Dairy Calves to Natural Wildfire Smoke Exposure in Early Life,,0,2
996869268301851,ETD-Graduate,Yes,pdf,"The Global Nuclear Energy Expansion: A Framework for Assessing Environmental, Security and Proliferation Vulnerabilities",,0,1
996869268401851,ETD-Graduate,Yes,pdf,From Weeds to Wildlife: Exploring the Indirect Effects of a Pre-Emergent Herbicide on a Sagebrush Steppe Wildlife Community,,0,2
996869268501851,ETD-Doctoral,Yes,pdf,Groundwater-Dependent Ecosystems as Refugia: Responses to  Disturbance and Climate in a Semi-Arid Mountainous Region of  Idaho,,0,3
996869268601851,ETD-Doctoral,Yes,pdf,"Arapaho Knowledge Systems: Science, Technology, Engineering, and Mathematics and Relationality in Arapaho Origin Story",,0,2
996869368101851,ETD-Doctoral,Yes,pdf,Integrative Genomic and Microbiome Approaches to Understanding Thermal Adaptation in Redband Trout (Oncorhynchus mykiss gairdneri),,0,2
996869368201851,ETD-Graduate,Yes,pdf,"Evaluation of Emerging Technologies to Enhance Connectivity, Data Sharing, and Efficiency in Smart Forestry",,0,3
996869368301851,ETD-Graduate,Yes,pdf,Predicting Beef x Dairy Carcass Marbling Score Using Genetic Tests,,0,1
996869368401851,ETD-Graduate,Yes,pdf,Tissue Browning Associated with Physical Injuries and Its  Control in Russet-Type Potatoes,,0,3
996869368501851,ETD-Graduate,Yes,pdf,Teaching in Unconventional Spaces: Scholarly Attitudes Toward Prison Education Programs,,0,2
996869368601851,ETD-Doctoral,Yes,pdf,Tug of War: How Species Interactions Shape Yield Stability and Drought Resilience in Cereal-Legume Intercropping,,0,2
996869368701851,ETD-Graduate,Yes,pdf,Design and Optimization of a Low-Power Embedded Virtual Fencing System for Livestock Management,,0,3
996869368801851,ETD-Graduate,Yes,pdf,"Metamorphic Conditions and Crustal Evolution Along the Continental Margin of the Salmon River Suture Zone, West-Central Idaho",,0,1
996870467501851,ETD-Graduate,Yes,pdf,Redox Measurement and Corrosion Testing in Molten FLiNaK Salts,,0,2
996870467601851,ETD-Graduate,Yes,pdf,"Beaver Dam Analogues: A Review of Structure Installation and Analysis of Geomorphic and Biological Response in an Intermittent, Headwater Stream",,0,6
996870467701851,ETD-Graduate,Yes,pdf,RU-Net for Automatic Characterization of TRISO Fuel Cross Sections,,0,3
996870467801851,ETD-Doctoral,Yes,pdf,Physiological and Epigenetic Responses of Arctic Grayling (Thymallus arcticus) to Thermal Stress,,0,3
996870467901851,ETD-Doctoral,Yes,pdf,Noninvasive Genetic Tools for the Conservation of Threatened Mammals,,1,2
996870468001851,ETD-Doctoral,Yes,pdf,"Applying phytic acid, cardanol and cardanol-derived epoxy to wood protection and exploring wood composites manufactured by cardanol-derived epoxy",,0,3
996870468101851,ETD-Doctoral,Yes,pdf,The Conceptual Landscape of Resource Access: Illuminating Social Meaning and Process,,0,3
996870468201851,ETD-Doctoral,Yes,pdf,Advancing Recognition of Mixed-Sequence Double-Stranded DNA with Chimeric Invader Probes Featuring RNA Analogues,,0,3
996870468301851,ETD-Graduate,Yes,pdf,Considerations for Producing and Feeding Silage from Sugar Beets to Dairy Cattle,,1,3
996870468401851,ETD-Doctoral,Yes,pdf,"Framing and Reframing Lesson Goals: Linking Research, Teacher Intentions, and Coaching to Strengthen Mathematics Instructional Support and Teaching",,0,4
996870468501851,ETD-Doctoral,Yes,pdf,Measuring the Impact of In-Person Support on the Academic Success of K-12 Online Learners,,0,2
996870468601851,ETD-Doctoral,Yes,pdf,Advancing Prescribed Fire Through Effective Knowledge Transfer,,0,4
996870468701851,ETD-Graduate,Yes,pdf,Effects of Humic Substance Incorporated Diets on Rainbow Trout Growth Performance and Immune Response to Flavobacterium pyschrophilum,,2,9
996870468801851,ETD-Doctoral,Yes,pdf,Technological Development and Techno-economic Assessment of a Continuous System for Hydrochar Production from Dairy Manure via Hydrothermal Carbonization,,0,4
996870468901851,ETD-Graduate,Yes,pdf,Integrating Drone and Deep Learning Technologies for Land Cover Classification and Rangeland Management,,0,4
996870469001851,ETD-Doctoral,Yes,pdf,Variation of Human Milk Composition and Associations of The Milk Microbiome and Infant Anthropometry,,0,2
996870568601851,ETD-Graduate,Yes,pdf,Bridging the Spheres: Material-Semiotic Approaches to Historic District Evaluation,,0,5
996870568701851,ETD-Doctoral,Yes,pdf,Extending the Construct of Professional Noticing to Coaching Contexts: Shifting the Lens from Teaching to Coaching and Exploring Implications for Coach Learning,,2,6
996870568801851,ETD-Doctoral,Yes,pdf,THE ROLE OF OLFACTORY AND VISUAL CUES IN THE HOST SELECTION BEHAVIOR OF A SPECIALIST WEEVIL FOR THE BIOLOGICAL CONTROL OF AN INVASIVE PLANT,,0,5
996870568901851,ETD-Graduate,Yes,pdf,Optimizing Collaborative Filtering Recommender Systems Using Synthetic Data and Genetic Algorithms,,0,6
996870569001851,ETD-Doctoral,Yes,pdf,Capability-Aware Real-Time Operating System: A Dynamic Privilege Adjustment Framework with Low-Latency Cross-Compartment Communication,,0,5
996870649701851,Journal article,Yes,pdf,Social Media Text Mining Framework for Drug Abuse: Development and Validation Study With an Opioid Crisis Case Analysis,2020,0,2