Asset Id,Asset Type,Has Files,File Extension,Title,Asset Published Year,Number of File Views / Downloads,Number of Record Views
996629850401851,Journal article,Yes,pdf,"Variability of Spatter Morphology in Pyroclastic Deposits in Southern Idaho, as Correlated to Thermal Conditions and Eruptive Environment",2018,7,"7"
996629861201851,Book,Yes,pdf,The Phenomenon of Mind,2016,84,"7"
996629875101851,Book,Yes,pdf,Biological Signal Processing,2010,92,"9"
996630522001851,Book,Yes,pdf,Wells' Unabridged Glossary of Critical Philosophy and Mental Physics (4th ed.),2014,6,"4"
996630572801851,Book,Yes,pdf,Leadership,2010,54,"13"
996630581301851,Journal article,Yes,pdf,Investigation of water depth and basin wall effects on KVLCC2 in manoeuvring motion using viscous-flow calculations,2013,6,"10"
996630768801851,Book,Yes,pdf,The Principles of Mental Physics,2009,63,"17"
996630777601851,Book,Yes,pdf,Wells' Unabridged Glossary of the Critical Philosophy and Mental Physics (1st ed.),2011,6,"10"
996630786701851,Journal article,Yes,pdf,Dynamic overset CFD simulations of wind turbine aerodynamics,2012,6,"3"
996630956301851,Book,Yes,pdf,Carmichael Subdivision Irrigation Handbook,2016,7,"15"
996630989801851,Book,Yes,pdf,Civic Free Enterprise,2017,55,"11"
996631015501851,Book,Yes,pdf,The Critical Philosophy and the Phenomenon of Mind,2006,120,"43"
996631032901851,Journal article,Yes,pdf,Trench gate β-Ga2O3 MOSFETs: a Review,2023,0,"20"
996631057001851,Journal article,Yes,pdf,The Eighth Amendment's Lost Jurors: Death Qualification and Evolving Standards of Decency,2016,3,"9"
996631067601851,Book,Yes,pdf,Education and Society,2012,48,"9"
996631081901851,Book,Yes,pdf,Wells' Unabridged Glossary of the Critical Philosophy and Mental Physics (2nd ed.),2012,6,"1"
996631094401851,Book,Yes,pdf,The Idea of the Social Contract,2012,60,"4"
996631123801851,Book,Yes,pdf,Critique of the American Institution of Education,2013,63,"29"
996631190101851,Journal article,Yes,pdf,Supermajoritarian Criminal Justice,2019,2,"7"
996631225101851,Journal article,Yes,pdf,Using Static Web Technologies and git-based Workflows To Re-design and Maintain a Library Website (quickly) with Non-technical Staff,2021,17,"36"
996631240301851,Book,Yes,pdf,Wells' Unabridged Glossary of Critical Philosophy and Mental Physics (5th ed.),2016,6,"2"
996631357601851,Book,Yes,pdf,The Idea of the American Republic,2010,42,"5"
996631483101851,Journal article,Yes,pdf,Vortical Structures and Instability Analysis for Athena Wetted Transom Flow with Full-Scale Validation,2012,6,"2"
996631516401851,Report,Yes,pdf,How Can the Endangered Species Act Affect Rangeland Activities?,2016,24,"27"
996631608901851,Book,Yes,pdf,The Institution of Public Education,2014,67,"12"
996631614501851,Book,Yes,pdf,Faith and Critical Theology,2019,61,"20"
996631642001851,Book,Yes,pdf,30 Generations of Wells' (2nd ed.),2018,19,"13"
996631691501851,Book,Yes,pdf,Autobiography of a Maquoketa Boy,2008,21,"9"
996631779101851,Book,Yes,pdf,Mathematics and Empirical Science,2020,25,"16"
996631882401851,Book,Yes,pdf,On the Dark Age Ancestry of the Wells Family,2017,6,"4"
996632036101851,Journal article,Yes,pdf,"Vortical and turbulent structures for KVLCC2 at drift angle 0, 12, and 30 degrees",2012,7,"5"
996632049401851,Book,Yes,pdf,Wells' Unabridged Glossary of the Critical Philosophy and Mental Physics (3rd ed.),2013,6,"5"
996632185101851,Book,Yes,pdf,30 Generations of Wells' (1st ed.),2016,20,"8"
996632336601851,Journal article,Yes,pdf,Entropy generation in bypass transitional boundary layer flows,2014,7,"8"
996633648301851,Journal article,Yes,docx,The Effect of Digital Publishing on Technical Services in University Libraries,2013,17,"16"
996650649901851,Report,Yes,pdf,How is Climate Change Impacting the Working Rangelands of the Pacific Northwest?,2020,23,"16"
996651049901851,Report,Yes,pdf,Pioneer Plant Species for Intermountain Rangeland Restoration,2022,17,"20"
996655549901851,Newsletter article,Yes,pdf,McClure Center - November 2022 Newsletter,2022,3,"19"
996658645101851,Report,Yes,pdf,Idaho Rangelands,2022,8,"16"
996659149701851,Newsletter article,Yes,pdf,McClure Center - March 2022 Newsletter,2022,2,"27"
996678549401851,Report,Yes,pdf,Rural Idaho (2005),2005,12,"7"
996679247001851,Report,Yes,pdf,Community Impacts of Idaho's Dairy Workforce (2017),2017,21,"6"
996679247101851,Report,Yes,pdf,Towards Food Security in Idaho,2014,12,"4"
996679247201851,Report,Yes,pdf,Life After High School (2016),2016,13,"4"
996679247301851,Report,Yes,pdf,Hispanics: Labor Force and Economy (2016),2016,12,"3"
996679247401851,Report,Yes,pdf,American Indian Education (2014),2014,3,"3"
996679247501851,Report,Yes,pdf,Highway Funding Survey (2014),2014,12,"3"
996679247601851,Report,Yes,pdf,Education for Idaho's Migratory Students (2018),2018,0,"3"
996679247701851,Report,Yes,pdf,Idaho's Public Libraries (2017),2017,0,"2"
996679247801851,Report,Yes,pdf,Rural Idaho Since the Recession (2015),2015,11,"5"
996679247901851,Report,Yes,pdf,Community Impacts of Idaho's Dairy Workforce,2017,20,"8"
996679248001851,Report,Yes,pdf,Hispanics: An Overview (2016),2016,16,"5"
996679248101851,Report,Yes,pdf,Hispanics: Overview (2010),2010,18,"4"
996679248201851,Report,Yes,pdf,Rural Idaho (2005),2005,15,"3"
996679248301851,Report,Yes,pdf,Refugees & Healthcare in Idaho (2014),2014,1,"3"
996679248401851,Report,Yes,pdf,Community Level Impacts of Idaho's Changing Dairy Industry,2009,19,"7"
996679248501851,Report,Yes,pdf,Hispanic Health (2013),2013,13,"3"
996679248601851,Report,Yes,pdf,Rural Idaho (2003),2003,13,"3"
996679248701851,Report,Yes,pdf,Rural Idaho (2008),2008,12,"1"
996679248801851,Report,Yes,pdf,Measuring Broadband (2012),2012,16,"2"
996679248901851,Report,Yes,pdf,Measuring Broadband: Households (2014),2014,11,"10"
996679249001851,Report,Yes,pdf,Hispanics and STEM Education,2013,14,"5"
996679249101851,Report,Yes,pdf,Rural Education (2009),2009,17,"1"
996679342501851,Report,Yes,pdf,Agricultura Instantánea,2022,0,"19"
996679342601851,Report,Yes,pdf,Energía Instantánea,2022,1,"13"
996679342701851,Report,Yes,pdf,Bosques Instantánea,2022,0,"6"
996679342801851,Report,Yes,pdf,Ecosystems and Species Report,2021,12,"10"
996679342901851,Report,Yes,pdf,Sensitivity of Idaho Fishes to Climate Change,2021,15,"6"
996679343001851,Report,Yes,pdf,Salud humana Instantánea,2022,0,"3"
996679343101851,Report,Yes,pdf,Climate Effects on Ungulates,2021,6,"4"
996679343201851,Report,Yes,pdf,Recreation & Tourism Technical Report,2021,19,"11"
996679343301851,Report,Yes,pdf,Idaho's Economy & Climate Change (2022),2022,24,"17"
996679343401851,Newsletter article,Yes,pdf,November 2022 Newsletter,2022,13,"16"
996679343501851,Report,Yes,pdf,Climate Technical Report,2021,16,"9"
996679343601851,Newsletter article,Yes,pdf,July 2022 Newsletter,2022,13,"6"
996679343701851,Newsletter article,Yes,pdf,"Honoring Louise McClure, October 2021 Newsletter",2021,,
996679343801851,Report,Yes,pdf,Smoke Report: Air Quality and Wildfire Smoke in Idaho,2021,2,"9"
996679343901851,Report,Yes,pdf,Water Snapshot,2021,0,"7"
996679344001851,Report,Yes,pdf,SMR Economic Impact Report: Construction and Operation of a Small Modular Reactor Electric Power Generation Facility at the Idaho National Laboratory Site,2019,30,"40"
996679344101851,Report,Yes,pdf,Argiculture Technical Report,2021,59,"9"
996679344201851,Report,Yes,pdf,Energy Snapshot,2021,1,"9"
996679344301851,Report,Yes,pdf,English Learner Students (2018),2018,0,"1"
996679344401851,Report,Yes,pdf,Migratory Students (2018),2018,1,"4"
996679344501851,Report,Yes,pdf,Human Health Snapshot,2021,1,"5"
996679344601851,Report,Yes,pdf,Housing Insecurity (2020),2020,17,"6"
996679344701851,Report,Yes,pdf,Forests Technical Report,2021,21,"9"
996679344801851,Report,Yes,pdf,Early Childhood Care and Education in Idaho,2020,22,"8"
996679344901851,Report,Yes,pdf,Infrastructure Technical Report,2021,14,"7"
996679345001851,Report,Yes,pdf,Forests Snapshot,2021,0,"4"
996679347801851,Report,Yes,pdf,Life After High School Methodology,2015,13,"5"
996679347901851,Report,Yes,pdf,Idaho's Title III Consortium for English Learner Students (2018),2018,1,"2"
996679348001851,Report,Yes,pdf,Education for Idaho's English Learners (2018),2018,1,"4"
996679348101851,Report,Yes,pdf,Food Security in Idaho (2014),2014,14,"2"
996679348201851,Report,Yes,pdf,Climate Overview (2017),2017,16,"7"
996679348301851,Report,Yes,pdf,American Indian Education (2016),2016,15,"3"
996679348401851,Report,Yes,pdf,Life Choices of High School Seniors (2017),2017,0,"4"
996679348501851,Report,Yes,pdf,Refugees in Idaho (2016),2016,0,"2"
996679348601851,Report,Yes,pdf,"Hispanic Profile Data Book for Idaho, 4th Edition",2017,15,"5"
996679348701851,Report,Yes,pdf,Hispanics: Education (2016),2016,16,"5"
996679348801851,Report,Yes,pdf,Idaho's Future Initiative: Improving the Transition from High School to College and Career,2017,0,"7"
996679348901851,Report,Yes,pdf,Early Childhood Learning (2015),2015,15,"5"
996679349001851,Report,Yes,pdf,Hispanic Education (2011),2011,17,"4"
996679349101851,Report,Yes,pdf,Hispanic Labor Force & Economy (2010),2010,19,"1"
996679349201851,Report,Yes,pdf,Rural Idaho Recession (2010),2010,15,"2"
996679647801851,Report,Yes,pdf,Recreación y turismo Instantánea,2022,0,"4"
996679647901851,Report,Yes,pdf,Clima Instantánea,2022,1,"4"
996679648001851,Report,Yes,pdf,Rangelands Snapshot,2021,1,"8"
996679648101851,Report,Yes,pdf,Humo Instantánea,2022,0,"7"
996679648201851,Newsletter article,Yes,pdf,November 2021 Newsletter,2021,13,"3"
996679648301851,Report,Yes,pdf,Pastizales Instantánea,2022,0,"5"
996679648401851,Report,Yes,pdf,Rangelands Technical Report,2021,21,"14"
996679648501851,Report,Yes,pdf,Agua Instantánea,2022,0,"11"
996679648601851,Report,Yes,pdf,Infraestructura Instantánea,2022,0,"2"
996679648701851,Report,Yes,pdf,Idaho Rangelands (2022),2022,3,"5"
996679648801851,Report,Yes,pdf,Smoke Snapshot,2021,0,"7"
996679648901851,Report,Yes,pdf,Recreation & Tourism Snapshot,2021,0,"5"
996679649001851,Report,Yes,pdf,Water Technical Report,2021,22,"8"
996679649101851,Report,Yes,pdf,Climate Snapshot,2021,4,"8"
996679649201851,Newsletter article,Yes,pdf,March 2022 Newsletter,2022,15,"21"
996679649301851,Report,Yes,pdf,Human Health Technical Report,2021,21,"7"
996679649401851,Report,Yes,pdf,Energy Technical Report,2021,0,"6"
996679649501851,Report,Yes,pdf,Agriculture Snapshot,2021,5,"11"
996679649601851,Report,Yes,pdf,Infrastructure Snapshot,2021,0,"2"
996679649701851,Report,Yes,pdf,Idaho Family Forest Owners (2018),2018,15,"7"
996679649801851,Report,Yes,pdf,Human Health Supplemental Report,2021,13,"6"
996679649901851,Report,Yes,pdf,Hispanics: An Overview (2019),2019,16,"7"
996684949301851,Report,Yes,pdf,"Foundational information for a science-based grazing management plan for Cecil D. Andrus Wildlife Management Area, Idaho",,65,"140"
996687149901851,Report,Yes,pdf,Findings from the 2020 Tribal Nation Building in Higher Education Convening,2024,53,"164"
996698449901851,Book chapter,Yes,pdf,Views from Zoom My Whole Self Is Brown,2024,4,"4"
996698745801851,Report,Yes,pdf,NCCSD Research Brief Supporting Undergraduate Students with Disabilities: A Focus on Campus Climate and Sense of Belonging,2021,7,"26"
996698748701851,Journal article,Yes,pdf,"Reading, Learning, and Growing: An Examination of the Benefits of Common Book Programs for First-Year Students' Development",2015,4,"7"
996698749201851,Journal article,Yes,pdf,"Reaching Out, Connecting Within: Community Service Participation and Sense of Belonging Among College Students",2012,4,"8"
996701149701851,Journal article,Yes,pdf,Procurement Contracting and ForestCommunities: Factors Affecting LocalBusiness Utilization in the Inland Northwest,2018,19,"9"
996701149901851,Journal article,Yes,pdf,The Fiscal Burden of Wildfires: State Expenditures and Funding Mechanisms for Wildfire Suppression in the Western U.S. and Implications for Federal Policy,2021,37,"31"
996705749701851,Report,Yes,pdf,"Insects of the riparian zone of the Wild River section of Hells Canyon National Recreation Area, Idaho",2024,4,"4"
996705749801851,Poster,Yes,pdf,Jewel beetles (Buprestidae) poster,,6,"11"
996705749901851,Poster,Yes,pdf,Butterflies of Idaho poster,,4,"6"
996721549901851,Report,Yes,pdf,"Review of fuel treatment effectiveness in forests and rangelands and a case study from the 2007 megafires in central, Idaho, USA",2011,14,"14"
996737727301851,Conference presentation,Yes,pdf,Writing for the NACADA Journal: Engaging Practitioners in the Scholarship of Advising,,8,"9"
996738149101851,Journal article,Yes,pdf,Modern Pain Science and Alexander Technique: How Might Alexander Technique Reduce Pain?,,,
996738449401851,Report,Yes,pdf,IDAHO AT A GLANCE: Refugees in Idaho,2024,27,"75"
996738449501851,Report,Yes,pdf,IDAHO AT A GLANCE: Unauthorized Immigrants and Idaho’s Economy,2024,46,"81"
996738449601851,Report,Yes,pdf,The Unauthorized Immigrant Workforce and Idaho's Economy,2024,16,"25"
996738449701851,Report,Yes,pdf,"Girls and Women in Idaho – Economics, Health and Leadership",2022,21,"34"
996738449801851,Journal article,Yes,pdf,NATURAL RESOURCE POLICY AND COLLABORATIVE PROCESSES,2022,10,"17"
996740248101851,Newsletter article,Yes,pdf,2020 Year-End Letter,2020,1,"4"
996740248201851,Newsletter article,Yes,pdf,March 2021 Newsletter,2021,9,"2"
996740248301851,Newsletter article,Yes,pdf,July 2021 Newsletter,2021,8,"6"
996740248401851,Newsletter article,Yes,pdf,September 2020 Newsletter,2020,11,"4"
996740248501851,Newsletter article,Yes,pdf,March 2020 Newsletter,2020,8,"3"
996740248601851,Newsletter article,Yes,pdf,June 2020 Newsletter,2020,10,"3"
996740248701851,Newsletter article,Yes,pdf,2019 End of Year Letter,2019,19,"1"
996740248801851,Newsletter article,Yes,pdf,Spring 2019 Newsletter,2019,,
996740248901851,Newsletter article,Yes,pdf,August 2019 Newsletter,2019,10,"8"
996740249001851,Newsletter article,Yes,pdf,Summer 2019 Newsletter,2019,11,"16"
996740249101851,Newsletter article,Yes,pdf,2018 Year-End Letter,2018,18,"6"
996740249201851,Newsletter article,Yes,pdf,October 2018 Newsletter,2018,0,"4"
996740249301851,Newsletter article,Yes,pdf,March 2018 Newsletter,2018,0,"5"
996740249401851,Newsletter article,Yes,pdf,June 2018 Newsletter,2018,0,"19"
996740249501851,Newsletter article,Yes,pdf,December 2017 Newsletter,2017,0,"4"
996740249601851,Newsletter article,Yes,pdf,March 2023 Newsletter,2023,9,"5"
996740249701851,Newsletter article,Yes,pdf,June 2023 Newsletter,2023,9,"16"
996740249801851,Newsletter article,Yes,pdf,March 2024 Newsletter,2024,8,"28"
996740249901851,Newsletter article,Yes,pdf,August 2024 Newsletter,2024,12,"27"
996749621001851,Report,Yes,pdf,Little Green Thumbs: Growing Food Safely in Idaho School Gardens,2019,20,"9"
996749621101851,Report,Yes,pdf,"An Introduction to Season Extension for High-Altitude, Short-Season Gardens",2022,10,"40"
996749621201851,Report,Yes,pdf,BQA - Proper Euthanasia for Cattle,2018,17,"16"
996749621301851,Report,Yes,pdf,Evaluating adaptability of alternative crops in southern and eastern Idaho,2019,3,"11"
996749621401851,Report,Yes,pdf,Storage Management of Mountain Gem Russet Potatoes,2019,6,"11"
996749621501851,Report,Yes,pdf,"Twospotted Spider Mite on Sugar Beet: Importance, Identification, and Management",2019,0,"13"
996749621601851,Report,Yes,pdf,Sustainable Small Acreage Farming in Idaho: Finding and Evaluating Land,2019,4,"14"
996749621701851,Report,Yes,pdf,BQA - Guidelines for Preconditioning and Weaning,2018,4,"9"
996749621801851,Report,Yes,pdf,Evaluating LESA irrigation systems in potato production in southern and eastern Idaho,2019,3,"13"
996749621901851,Report,Yes,pdf,Understanding Factors Controlling Ammonia Volatilization from Fertilizer Nitrogen Applications,2019,3,"27"
996749622001851,Report,Yes,pdf,BQA - Cattle Processing and Injection Site Management,2018,1,"9"
996749622101851,Report,Yes,pdf,Best Management Practices for Minimizing Ammonia Volatilization from Fertilizer Nitrogen Applications in Idaho Crops,2019,0,"14"
996749622201851,Report,Yes,pdf,BQA - Record Keeping,2018,7,"5"
996749622301851,Report,Yes,pdf,BQA - Components of Superior Cattle Handling Facilities,2018,1,"12"
996749622401851,Report,Yes,pdf,"Using Disinfectants, Sanitizers, and Cleaners Safely and Effectively",2024,7,"15"
996749622501851,Report,Yes,pdf,How to Become USDA FSIS Inspected,2024,5,"15"
996749622601851,Report,Yes,pdf,Effective Termination of Cover Crops before Planting Cash Crops,2024,6,"20"
996749622701851,Report,Yes,pdf,Margin Protection Crop Insurance for Idaho Corn Growers,2023,3,"8"
996749622801851,Report,Yes,pdf,A Grower's Guide to Successful On-Farm Research,2020,0,"14"
996749622901851,Report,Yes,pdf,"Contribution of Agribusiness to the Magic Valley Economy, 2013",2018,5,"9"
996749623001851,Report,Yes,pdf,Reading and Understanding Pesticide Labels,2016,3,"12"
996749623101851,Report,Yes,pdf,Potato Cost of Production for Idaho - 2016; With Comparisons to 2015,2020,7,"23"
996749623201851,Report,Yes,pdf,Implications of Changing Feed Crop Supply and Demand for Idaho Farm Businesses and Stakeholders,2023,6,"11"
996749623301851,Report,Yes,pdf,Pregnancy Testing in Cattle,2024,15,"37"
996749623401851,Report,Yes,pdf,Planting Dates in Wheat Production in Southern Idaho,2016,2,"22"
996749623501851,Report,Yes,pdf,Alfalfa Leafcutting Bee Info Card,2023,1,"16"
996749623601851,Report,Yes,pdf,Hedging and Basis in Grain Marketing,2023,4,"15"
996749623701851,Report,Yes,pdf,Pea Leaf Weevils in Legumes,2023,5,"8"
996749623801851,Report,Yes,pdf,Best Practices Guide for CIPC Residue Sampling of Potatoes and Storage Facilities,2016,4,"14"
996749623901851,Report,Yes,pdf,Replacing Important Lost or Damaged Documents in Idaho,2016,3,"16"
996749624001851,Report,Yes,pdf,IPM of Pea Aphids in Legumes,2023,4,"24"
996749624101851,Report,Yes,pdf,Water and Rural Living: What Idaho Homeowners Need to Know,2016,4,"12"
996749624201851,Report,Yes,pdf,Adopting Quinoa in Southeastern Idaho,2016,4,"13"
996749624301851,Report,Yes,pdf,Cover Crops for Grazing Use in Idaho,2016,5,"29"
996749624401851,Report,Yes,pdf,How to Prepare for a Third-Party Audit for Food Manufacturers,2023,4,"11"
996749624501851,Report,Yes,pdf,Improving Nitrogen Use Efficiency in Crop Production,2015,3,"13"
996749624601851,Report,Yes,pdf,Premiums and Discounts for Market Beef Cows and Bulls Sold at Auction,2015,4,"13"
996749624701851,Report,Yes,pdf,Wireworms in Idaho Cereals: Monitoring and Identification,2015,6,"15"
996749624801851,Report,Yes,pdf,Centrocoris volxemi A Newly Introduced Idaho Insect,2022,17,"11"
996749624901851,Report,Yes,pdf,Estimation of Sugar Beet Yield and Quality with UAV-Based Sensors,2022,3,"19"
996749625001851,Report,Yes,pdf,Things to Consider When Buying Used Commercial Food-Processing Equipment,2022,5,"13"
996749625101851,Report,Yes,pdf,Starting a Steering Committee: A Change Agent s Guide to Success,2023,5,"13"
996749625201851,Report,Yes,pdf,Cover Crops for High-Desert Farming Systems in Idaho,2014,1,"18"
996749625301851,Report,Yes,pdf,Portable Test Kits for Diagnosing Potato Diseases,2013,3,"10"
996749625401851,Report,Yes,pdf,Crop Yield in Barley-Pulse Intercropping Systems under Well-Watered and Drought-Stressed Conditions,2022,6,"22"
996749625501851,Report,Yes,pdf,Customer Complaints: An Important Food-Safety and -Quality Opportunity,2022,4,"17"
996749625601851,Report,Yes,pdf,Business Management Guide for Grazers,2014,7,"12"
996749625701851,Report,Yes,pdf,Trees for Southwestern Idaho Landscapes: Selection and Irrigation,2013,5,"15"
996749625801851,Report,Yes,pdf,Estimation of Wheat Yield and Grain Protein with Handlheld and UAV-Mounted Sensors,2022,3,"11"
996749625901851,Report,Yes,pdf,Food and Your Family,2022,4,"8"
996749626001851,Report,Yes,pdf,Tips for Native American Entrepreneurs : A Resource Guide for Business Planning,2022,3,"6"
996749626101851,Report,Yes,pdf,Diga lo que piensa con Confianza,2022,15,"7"
996749626201851,Report,Yes,pdf,Take-All Disease of Wheat in Idaho,2022,6,"8"
996749626301851,Report,Yes,pdf,Tips for Native American Entrepreneurs: Business Formation,2022,4,"20"
996749626401851,Report,Yes,pdf,Optimum Nitrogen Rates for Wheat Depend on the Environment and Field-Specific Conditions,2022,8,"16"
996749626501851,Report,Yes,pdf,Speak Up With Confidence: Tips on Presenting in 9 Key Areas,2012,3,"9"
996749626601851,Report,Yes,pdf,"Short-Season, High-Altitude  Gardening: Lawn Care in  Short-Season, High-Altitude Zones",2010,1,"7"
996749626701851,Report,Yes,pdf,"Economic Development Challenges for Small Towns in Idaho s Butte, Custer, and Lemhi Counties",2012,2,"42"
996749626801851,Report,Yes,pdf,"Short-Season, High-Altitude Gardening: Hardy Roses for Harsh Climates",2009,0,"11"
996749626901851,Report,Yes,pdf,Help Protect the Famous idaho Potato: Diagnose and Control Late Blight in Your Home Garden,2022,7,"18"
996749627001851,Report,Yes,pdf,"Wheat Grain Yield, Quality, and Spectral. Characteristics in Response to Varied Irrigation and Nitrogen",2022,3,"13"
996749627101851,Report,Yes,pdf,Managing Bacterial Ring Rot of Potato,2022,7,"18"
996749627201851,Report,Yes,pdf,Methods for Conducting an Educational Needs Assessment,2009,23,"65"
996749627301851,Report,Yes,pdf,Consejos para Emprendedores: Regulaciones para la Venta Alimentos Caseros en Idaho,2022,15,"11"
996749627401851,Report,Yes,pdf,Double-Cropped Winter Forages,2009,6,"13"
996749627501851,Report,Yes,pdf,Tips for Entrepreneurs: Limited Liability Company (LLC),2021,3,"6"
996749627601851,Report,Yes,pdf,Native Plant Landscaping: Curb Appeal and Low-Water Use,2022,5,"19"
996749627701851,Report,Yes,pdf,Answers to Common Questions about Greenhouse Gases,2022,7,"17"
996749627801851,Report,Yes,pdf,Tips for Entrepreneurs: Idaho Regulations for Selling Cottage Foods,2021,3,"14"
996749627901851,Report,Yes,pdf,"Short-Season, High-Altitude Gardening: Landscaping with Native Plants",2009,0,"8"
996749628001851,Report,Yes,pdf,"Short-Season, High-Altitude Gardening: Growing Tree Fruits in Short-Season Gardens",2009,2,"19"
996749628101851,Report,Yes,pdf,"Short-Season, High-Altitude Gardening: Growing Tomatoes in Cool, Short-Season Locations",2009,1,"9"
996749628201851,Report,Yes,pdf,Growing Saskatoons in the Inland NW and Intermountain West,2009,3,"17"
996749628301851,Report,Yes,pdf,"Short-Season, High-Altitude Gardening: Choosing and Growing Adapted Vegetable Varieties",2009,1,"11"
996749628401851,Report,Yes,pdf,Building Healthy Eating Habits through Taste Testing in Early Childcare Centers,2021,5,"22"
996749628501851,Report,Yes,pdf,A Guide to Developing Food Coalitions and Policy Councils in Idaho,2021,3,"11"
996749628601851,Report,Yes,pdf,Training Young Shade Trees,2021,3,"16"
996749628701851,Report,Yes,pdf,Planning Water Access for Small-Acreage Irrigators,2023,3,"9"
996749628801851,Report,Yes,pdf,"Short-Season, High-Altitude Gardening: Managing Soils in Short-Season, High Altitude Zones",2009,1,"7"
996749628901851,Report,Yes,pdf,"Short-Season, High-Altitude Gardening: Introduction to Short-Season Gardening in Idaho",2009,1,"15"
996749629001851,Report,Yes,pdf,Mitigating High Phosphorus Soils,2008,4,"11"
996749629101851,Report,Yes,pdf,"Growing Currants, Gooseberries and Jostaberries in the Inland Northwest and Intermountain West",2009,3,"14"
996749629201851,Report,Yes,pdf,The Economic Impact of Snowmobiling in Valley County,2006,3,"13"
996749629301851,Report,Yes,pdf,"Kentucky Bluegrass: Growth, Development and Seed Production",2005,2,"13"
996749629401851,Report,Yes,pdf,H2O to Go--Staying Hydrated Safely!,2023,5,"11"
996749629501851,Report,Yes,pdf,Mission Statements and Strategic Goals: Bringing Businesses into Focus,2020,3,"11"
996749629601851,Report,Yes,pdf,The Veterinary Feed Directive,2020,4,"7"
996749629701851,Report,Yes,pdf,Shelf Life of Food: An Overview,2024,8,"29"
996749629801851,Report,Yes,pdf,Southern Idaho Dryland Winter Wheat Production Guide,2004,0,"14"
996749629901851,Report,Yes,pdf,Growing Western Huckleberries,1999,1,"22"
996749630001851,Report,Yes,pdf,Estimating Water Requirements of Hard Red Spring Wheat for Final Irrigations,2001,2,"13"
996749630101851,Report,Yes,pdf,The Economic Feasibility of Growing Wine Grapes in Idaho,2002,0,"16"
996749630201851,Report,Yes,pdf,Risk Assessment and Decision-Making Guidelines for Dairy Risk Management : Part 2,2020,4,"10"
996749630301851,Report,Yes,pdf,Sugarbeet Cyst Nematode: Impact on Sugarbeet Production in Idaho and Eastern Oregon,1997,4,"15"
996749630401851,Report,Yes,pdf,Idaho Spring Barley Production Guide,2003,5,"19"
996749630501851,Report,Yes,pdf,Risk Assessment and Decision-Making Guidelines for Dairy Risk Management : Part 1,2020,5,"10"
996749630601851,Report,Yes,pdf,Potato Irrigation Management,1997,3,"19"
996749630701851,Report,Yes,pdf,Beware signs of White Rot in garlic and other Allium crops,2020,8,"10"
996749630801851,Report,Yes,pdf,Preventing Potato Bruise Damage,2024,70,"63"
996749630901851,Report,Yes,pdf,Harvesting and Storing Fresh Garden Vegetables,2003,2,"13"
996749631001851,Report,Yes,pdf,Growing Strawberries in the Inland Northwest & Intermountain West,1999,1,"11"
996749631101851,Report,Yes,pdf,Public Attitudes About Water Quality in the HUA,1999,5,"13"
996749631201851,Report,Yes,pdf,Growing Raspberries and Blackberries in the Inland Northwest & Intermountain West,1999,1,"11"
996749631301851,Report,Yes,pdf,Alfalfa Nematodes in Idaho,1998,4,"8"
996749631401851,Report,Yes,pdf,The Economic and Environmental Impact of Nematode Research and Extension Program on the Idaho Agricultural Industry,2000,6,"14"
996749631501851,Report,Yes,pdf,"4-H Dutch Oven Cooking, Unit 1",2019,18,"14"
996749631601851,Report,Yes,pdf,Que hay que considerar al comenzer un negocio,2021,3,"11"
996749631701851,Report,Yes,pdf,Tips for Entrepreneurs: What to Think About When Starting a Business,2019,3,"6"
996749631801851,Report,Yes,pdf,Flowering Rush,2019,3,"15"
996749631901851,Report,Yes,pdf,Tips for Entrepreneurs: Regulations for Selling Prepared Foods,2019,4,"9"
996749632001851,Report,Yes,pdf,Wheat Streak Mosaic Virus Management in Idaho Cereals,2019,3,"12"
996749635701851,Report,Yes,pdf,Organic Management of Flea Beetles,2011,3,"24"
996749635801851,Report,Yes,pdf,Considerations & Resources for Vineyard Establishment in the Inland Pacific Northwest,2011,0,"8"
996749635901851,Report,Yes,pdf,Nutrient Management Guide for Dryland and Irrigated,2008,2,"16"
996749636001851,Report,Yes,pdf,Pollinators in Canola in the Inland PNW,2021,0,"11"
996749636101851,Report,Yes,pdf,Rattail Fescue: Biology & Mgmt. in Pacific NW Wheat Cropping Systems,2023,0,"6"
996749636201851,Report,Yes,pdf,Fruit Pie Filling for Home Canning,2021,2,"14"
996749636301851,Report,Yes,pdf,Building resilience through engagement: Brenda and Tony Richards. Increasing resilience among ranchers in the Pacific Northwest (Rancher-to-Rancher Case Study series),2020,9,"15"
996749636401851,Report,Yes,pdf,Bumble Bee Parasites and Conservation in the Pacific Northwest,2024,4,"38"
996749636501851,Report,Yes,pdf,Home Freezing of Seafood,2005,0,"12"
996749636601851,Report,Yes,pdf,"A Community-Based Response to Flooding, Jay Gordon",2018,1,"11"
996749636701851,Report,Yes,pdf,Buckwheat Production West of the Cascades,2023,2,"10"
996749636801851,Report,Yes,pdf,"Building a tradition of adaptive rangeland management -- Jack Southworth, Increasing resilience among ranchers in the Pacific Northwest (Rancher-to-Rancher Case Study series)",2020,0,"12"
996749636901851,Report,Yes,pdf,"Strip-Tillage for Onions and Sweet Corn, Lorin Grigg",2018,0,"7"
996749637001851,Report,Yes,pdf,White Campion or White Cockle,2005,0,"13"
996749637101851,Report,Yes,pdf,Integrated Management of Mustard Species in Wheat Production Systems,2023,4,"7"
996749637201851,Report,Yes,pdf,Rush Skeletonweed,2011,0,"11"
996749637301851,Report,Yes,pdf,Western Waterhemlock in the Pacific Northwest,2012,1,"15"
996749637401851,Report,Yes,pdf,Advances in Dryland Farming in the Inland Pacific Northwest,2017,9,"21"
996749637501851,Report,Yes,pdf,Puncturevine,2020,4,"7"
996749637601851,Report,Yes,pdf,Canning Vegetables,2010,1,"12"
996749637701851,Report,Yes,pdf,Yellow Toadflax and Dalmation Toadflax,2017,1,"11"
996749637801851,Report,Yes,pdf,You Can Prevent Foodborne Illness,2008,0,"7"
996749637901851,Report,Yes,pdf,Integrated Pest Management for the Wheat Head Armyworm Complex in the Pacific Northwest,2016,0,"7"
996749638001851,Report,Yes,pdf,Salsa Recipes for Canning,2013,10,"41"
996749638101851,Report,Yes,pdf,Integrated Management of Mayweed Chamomile in Wheat and Pulse Crop Production Systems,2017,3,"6"
996749638201851,Report,Yes,pdf,Harvest Weed Seed Control: Applications for PNW Wheat Production Systems,2024,8,"10"
996749638301851,Report,Yes,pdf,Guardado de frutas en conserva (Canning Fruits),2014,3,"10"
996749638401851,Report,Yes,pdf,Enhancing Crop Diversity: Steve and Becky Camp (Farmer-to-Farmer Case Study series),2015,1,"10"
996749638501851,Report,Yes,pdf,"Grazing management that achieves multiple-use goals, Russ Stingley (Rancher-to-Rancher Case Study series)",2019,0,"16"
996749638601851,Report,Yes,pdf,There Are Dangers Lurking in Your Flour,2022,0,"10"
996749638701851,Report,Yes,pdf,Proper Egg Handling: From Farm or Grocery Store to Table,2022,0,"11"
996749638801851,Report,Yes,pdf,"Strip-tilled and Direct-seeded Vegetables Integrated with Cattle Grazing, Eric Williamson",2018,0,"8"
996749638901851,Report,Yes,pdf,Inland Pacific Northwest Pasture Calendar,2024,15,"22"
996749639001851,Report,Yes,pdf,"Date, Rate, and Place: Field Book/Dairy Manure Applicators",2016,3,"9"
996749639101851,Report,Yes,pdf,Edamame (Vegetable Soybeans),2018,0,"19"
996749639201851,Report,Yes,pdf,"Conservation Tillage in a Winter Wheat - Fallow System, Ron Jirava",2018,2,"10"
996749639301851,Report,Yes,pdf,Soil Fertility in Organic Systems: A Guide for Gardeners and Small Acreage Farmers,2012,3,"13"
996749639401851,Report,Yes,pdf,Camelina: Effects of Planting Date and Method on Stand Establishment and Seed Yield,2013,1,"6"
996749639501851,Report,Yes,pdf,Integrated Management of Feral Rye in Winter Wheat,2020,6,"14"
996749639601851,Report,Yes,pdf,Flex Cropping: Bill Jepsen (Farmer to Farmer Case Study Series),2015,1,"9"
996749639701851,Report,Yes,pdf,Potato Psyllid Vector of Zebra Chip Disease in the PNW,2017,4,"11"
996749639801851,Report,Yes,pdf,Pasture Grazing amd Management in the Northwest,2009,7,"9"
996749639901851,Report,Yes,pdf,"Knotweed Shrubs: Identification, Biology, and Management",2008,4,"8"
996749640001851,Report,Yes,pdf,Storing Food for Safety and Quality,2023,5,"6"
996749640101851,Report,Yes,pdf,Growing Corkbark Fir and Subalpine Fir for Nursery Production,2012,15,"9"
996749640201851,Report,Yes,pdf,Creating Farmer Networks: A Toolkit for Promoting Vibrant Farm Communities,2012,0,"6"
996749640301851,Report,Yes,pdf,Mothballs: Proper Use and Alternative Controls,2007,1,"12"
996749640401851,Report,Yes,pdf,Managing Organic Debris for Forest Health,2008,4,"12"
996749640501851,Report,Yes,pdf,Cattle Vaccine Handling and Management Guidelines,2012,8,"24"
996749640601851,Report,Yes,pdf,Flies in School Kitchens,2022,1,"7"
996749640701851,Report,Yes,pdf,Manage Irrigation Water Quality Crop Production,2006,0,"14"
996749640801851,Report,Yes,pdf,Protecting Grapevines from Winter Injury,2008,1,"7"
996749640901851,Report,Yes,pdf,Commercial Red Raspberry Production in the PNW,2006,2,"18"
996749641001851,Report,Yes,pdf,Nutrition for Older Adults: Preventing Malnutrition as the Body Ages,2021,1,"12"
996749641101851,Report,Yes,pdf,Market Poultry Lesson Plans: from Egg to Animal,2022,7,"16"
996749641201851,Report,Yes,pdf,Managing Salt-Affected Soils for Crop Production,2022,3,"18"
996749641301851,Report,Yes,pdf,Ties to the Land: Succession Planning for Rural Landowners,2022,3,"32"
996749641401851,Report,Yes,pdf,Integrated Pest Management for Ants in Schools,2022,0,"9"
996749641501851,Report,Yes,pdf,Nurturing Resilience: Protective Factors for Resilience/Fomentar la resiliencia: Factores protectores de la resiliencia,2022,0,"9"
996749641601851,Report,Yes,pdf,Integrated Management of Wild Oat in the Pacific Northwest,2024,8,"30"
996749641701851,Report,Yes,pdf,Integrated Pest Management for Ants in Classrooms,2022,0,"9"
996749641801851,Report,Yes,pdf,Russian Olive Trees: Control and Management in the Pacific Northwest,2024,13,"69"
996749641901851,Report,Yes,pdf,How to Reduce Bee Poisoning From Pesticides,2016,0,"10"
996749642001851,Report,Yes,pdf,Fire-Resistant Plants for Home Landscapes,2023,5,"23"
996749642101851,Report,Yes,pdf,Beekeeping Equipment Expenses: Woodenware and Other Components,2020,1,"11"
996749642201851,Report,Yes,pdf,Revenue Sources for a Commercial Beekeeping Operation in the PNW,2020,1,"14"
996749642301851,Report,Yes,pdf,Land Measurement and Mapping,2020,0,"10"
996749642401851,Report,Yes,pdf,"Honey Bee Colony Maintenance Expenses: Supplemental Feed, Requeening and Medication",2020,0,"6"
996749642501851,Report,Yes,pdf,Sanitizer Basics for the Food Industry,2020,0,"10"
996749642601851,Report,Yes,pdf,Scotch Thistle,2002,6,"7"
996749642701851,Report,Yes,pdf,"Tree Growth, Forest Mgmt, &  Implications Wood Quality",2003,3,"7"
996749642801851,Report,Yes,pdf,Monitoring Soil Nutrients/Mgmt Unit Approach,2002,1,"14"
996749642901851,Report,Yes,pdf,Dairy Manure Applications in Irrigated Wheat Production Systems,2020,16,"28"
996749643001851,Report,Yes,pdf,Big Game from Hunt to Home,2009,0,"13"
996749643101851,Report,Yes,pdf,"Planning and Implementing Cross-boundary, Landscape-scale Restoration and Wildfire Risk Reduction Projects",2018,0,"6"
996749643201851,Report,Yes,pdf,Farm Safety Series,1997,8,"9"
996749643301851,Report,Yes,pdf,Nitrogen Uptake and Utilization by Pacific Northwest Crops,1998,6,"18"
996749643401851,Report,Yes,pdf,Integrated Weed Management in Dry Edible Beans,2000,3,"11"
996749643501851,Report,Yes,pdf,Western Roots: Diving into a sagebrush sea of diversity,2018,0,"8"
996749643601851,Report,Yes,pdf,Farm-Direct Marketing: Food Safety and Product Quality,2015,1,"8"
996749643701851,Report,Yes,pdf,Field Guide for Diagnosing Common Wheat Maladies of the Pacific Northwest,2017,0,"17"
996749643801851,Report,Yes,pdf,Megachilid Bees in the Pacific Northwest: An Introduction,2015,1,"10"
996749643901851,Report,Yes,pdf,Fertilizing with Biosolids,2014,0,"6"
996749644001851,Report,Yes,pdf,How to Feed Your Laying  Hens,2015,1,"11"
996749644101851,Report,Yes,pdf,Growing Kiwifruit: A Guide to Kiwiberries and Fuzzy Kiwifruit  for Pacific Northwest Producers,2003,8,"28"
996749644201851,Report,Yes,pdf,Grow Your Own Beans and Peas,1995,4,"9"
996749644301851,Report,Yes,pdf,Managing Russian Thistle Under Conservation Tillage,2019,5,"10"
996749644401851,Report,Yes,pdf,Overwintered Honey Bee Nucleus Colonies: Big Solutions in Small Packages,2014,0,"6"
996749644501851,Report,Yes,pdf,Judging Meat Goats and Oral Reasons 101,2015,66,"98"
996749644601851,Report,Yes,pdf,Sampling Dairy Manure and Compost for Nutrient Analysis,2014,8,"17"
996749644701851,Report,Yes,pdf,Judging Swine and Oral Reasons 101,2014,31,"46"
996749644801851,Report,Yes,pdf,Best Management Practices for Construction of Sand-based Athletic Fields for Football and Soccer,2014,1,"9"
996749644901851,Report,Yes,pdf,"Best Management Practices for Maintaining of Sand-based, Natural Grass Athletic Fields",2014,1,"4"
996749645001851,Report,Yes,pdf,The Care and Maintenance of Wood Shingle and Shake Roofs,2020,1,"12"
996749645101851,Report,Yes,pdf,Pantry Pest Guide,2020,9,"10"
996749645201851,Report,Yes,pdf,4H Animal Science Lesson Plans - Level 1,2020,39,"61"
996749645301851,Report,Yes,pdf,Straw Removal Calculator Guide,2023,1,"14"
996749645401851,Report,Yes,pdf,Why Did my Chickens Stop Laying?,2002,2,"9"
996749645501851,Report,Yes,pdf,Threat-Based Land Management in the Northern Great Basin: A Field Guide,2019,1,"8"
996749645601851,Report,Yes,pdf,Sensor Sprayer for Specialty Crop Production,2019,0,"8"
996749645701851,Report,Yes,pdf,Biosolids in Dryland Cropping Systems,2019,0,"7"
996749645801851,Report,Yes,pdf,Explore the World of Small Animals,2002,1,"6"
996749645901851,Report,Yes,pdf,Using and Caring for Your Pressure Canner,2022,2,"12"
996749646001851,Report,Yes,pdf,Manage Wildlife Conflicts in Your Home and Garden,2019,3,"10"
996749646101851,Report,Yes,pdf,Choosing Pear Rootstocks for the Pacific Northwest,1989,3,"14"
996749646201851,Report,Yes,pdf,Pickling Vegetables,2014,2,"25"
996749646301851,Report,Yes,pdf,F to C Marketing 4: Place of Business & Product Quality,2015,0,"5"
996749646401851,Report,Yes,pdf,Agronomic Zones for the Dryland Pacific Northwest,2019,1,"11"
996749646501851,Report,Yes,pdf,"F to C Marketing 3: Merchandising, Pricing & Promo",2015,2,"7"
996749646601851,Report,Yes,pdf,Costs of Owning and Operating Farm Machinery,2010,4,"12"
996749646701851,Report,Yes,pdf,Canning Seafood,2015,1,"9"
996749646801851,Report,Yes,pdf,4-H Leathercraft Project,1998,0,"6"
996749646901851,Report,Yes,pdf,Thinning: An Important Timber Management Tool,1982,7,"21"
996749647001851,Report,Yes,pdf,F to C Marketing 2: Production and Marketing,2015,0,"5"
996749647101851,Report,Yes,pdf,Price Indices for Estimating Cattle Prices in the Pacific Northwest,2014,0,"9"
996749647201851,Report,Yes,pdf,Helping Memory-Impaired Elders: A Guide for Caregivers,2015,0,"14"
996749647301851,Report,Yes,pdf,"Clover Root Curculio in Alfalfa: Identification, Biology, and Management",2013,5,"9"
996749647401851,Report,Yes,pdf,Crop Management Series: No-Till & Minimum Till Farm,1986,6,"18"
996749647501851,Report,Yes,pdf,Growing Christmas Trees in the Pacific Northwest,2002,3,"23"
996749647601851,Report,Yes,pdf,Freezing Convenience Foods Prepared at Home,2001,2,"13"
996749647701851,Report,Yes,pdf,"Identifying and Managing Christmas Tree Diseases, Pests, & Other Prob/Identificaci n y Manejo de Enfermedades, Plagas y Otros Problemas en  rboles de Navidad",2013,0,"11"
996749647801851,Report,Yes,pdf,Canning Tomatoes and Tomato Products,2014,6,"19"
996749647901851,Report,Yes,pdf,"Western corn rootworm in eastern Oregon, Idaho, and eastern Washington",2013,3,"7"
996749648001851,Report,Yes,pdf,Photo Monitoring for Ranchers Field Guide,2014,0,"3"
996749648101851,Report,Yes,pdf,Phosphorus Fertiliz. of Late-Planted Winter Wheat in No-Till Fallow,2011,0,"10"
996749648201851,Report,Yes,pdf,F to C Marketing 6: Financial Management,2015,0,"10"
996749648301851,Report,Yes,pdf,Marketing Alternatives for Fresh Produce,2008,0,"6"
996749648401851,Report,Yes,pdf,Evaluating Honey Bee Colonies for Pollination,2010,1,"8"
996749648501851,Report,Yes,pdf,Large Raspberry Aphid (Amphorophora agathonica),2012,1,"6"
996749648601851,Report,Yes,pdf,Lesion Nematodes,2015,0,"9"
996749648701851,Report,Yes,pdf,4-H Home Food Preservation Series: Freezing Project Manual,2012,17,"11"
996749648801851,Report,Yes,pdf,4-H Home Food Preservation Series: Pressure Canning Project Manual,2012,17,"12"
996749648901851,Report,Yes,pdf,Sagebrush wildflowers: From bloom to seed,2024,3,"17"
996749724501851,Report,Yes,pdf,Guide to Idaho Crayfish,2024,32,"61"
996749724601851,Report,Yes,pdf,Impact of Freezing Temperatures on Potato Tubers,2024,7,"32"
996749724701851,Report,Yes,pdf,Southern Idaho Fertilizer Guide: Sugar Beets,2019,7,"28"
996749724801851,Report,Yes,pdf,Designing an Edible Idaho Landscape,2019,4,"8"
996749724901851,Report,Yes,pdf,4-H Elements and Principles of Design,2018,7,"33"
996749725001851,Report,Yes,pdf,BQA - Guidelines for Culling Beef Animals,2018,6,"7"
996749725101851,Report,Yes,pdf,BQA - Guidelines for Calving Management,2018,6,"7"
996749725201851,Report,Yes,pdf,Liability in E-Commerce,2024,3,"11"
996749725301851,Report,Yes,pdf,IPM of Cutworms,2023,0,"13"
996749725401851,Report,Yes,pdf,IPM of Armyworms,2023,0,"11"
996749725501851,Report,Yes,pdf,Potato Respiration I,2024,19,"27"
996749725601851,Report,Yes,pdf,BQA - Feedstuff Guidelines,2018,7,"6"
996749725701851,Report,Yes,pdf,Storage Management of Dakota Russet Potatoes,2024,8,"22"
996749725801851,Report,Yes,pdf,Nematodes Associated with Onion in Idaho and Eastern Oregon,2016,9,"18"
996749725901851,Report,Yes,pdf,Soil Testing to Guide Fertilizer Management,2023,18,"86"
996749726001851,Report,Yes,pdf,Scheduling the Final Irrigation for Wheat and Barley,2017,3,"9"
996749726101851,Report,Yes,pdf,Managing Price Risks Using Grain Contracts,2023,6,"30"
996749726201851,Report,Yes,pdf,Practical Coping Skills for Managing Stress,2023,4,"13"
996749726301851,Report,Yes,pdf,IPM of Fusarium Dry Rot in Potato,2023,5,"17"
996749726401851,Report,Yes,pdf,IPM of Pea Weevil in Peas,2023,3,"15"
996749726501851,Report,Yes,pdf,Reemplazando documentos perdidos o da ados en Idaho,2016,3,"8"
996749726601851,Report,Yes,pdf,"Contribution of Agribusiness to the Idaho Economy, 2013",2015,3,"11"
996749726701851,Report,Yes,pdf,IPM of Aphids in Cereals,2023,17,"14"
996749726801851,Report,Yes,pdf,Costs and Benefits of Applying for Deferred Action for Childhood Arrivals (DACA),2016,3,"9"
996749726901851,Report,Yes,pdf,Indoor Container Garden (SEED),2023,4,"11"
996749727001851,Report,Yes,pdf,Phytophthora Bleeding Canker of Maple Trees,2023,10,"31"
996749727101851,Report,Yes,pdf,Soil Insects and Other Arthropods in Palouse Agroecosystems,2023,5,"18"
996749727201851,Report,Yes,pdf,Diagnosing and Managing Rhizoctonia in Idaho Bean Crops,2023,6,"8"
996749727301851,Report,Yes,pdf,Verticillium Wilt of Trees in Idaho,2023,8,"19"
996749727401851,Report,Yes,pdf,Idaho Forestry Best Management Practices Field Guide: Using BMPs to Protect Water Quality,2015,3,"14"
996749727501851,Report,Yes,pdf,Economic Contribution of Idaho Agriculture,2024,7,"18"
996749727601851,Report,Yes,pdf,Nitrogen Management in Field Crops with Reference Strips and Crop Sensors,2015,1,"12"
996749727701851,Report,Yes,pdf,"Contribution of Agribusiness to Idaho's Economy, 2011",2014,3,"8"
996749727801851,Report,Yes,pdf,Tools for Facilitating Change in Rural Communities,2015,5,"13"
996749727901851,Report,Yes,pdf,Agronomics of Leasing Fields for Potato Production,2023,4,"18"
996749728001851,Report,Yes,pdf,Organic Potato Production in Idaho: Nutrient Management and Variety Selection,2013,3,"10"
996749728101851,Report,Yes,pdf,IDAH2O Master Water Stewards Handbook,2013,3,"14"
996749728201851,Report,Yes,pdf,Center Pivot Irrigation for Corn: Water Management and  System Design Considerations in Southern Idaho,2013,3,"17"
996749728301851,Report,Yes,pdf,Market Fresh in a SNAP,2023,6,"12"
996749728401851,Report,Yes,pdf,Cereal Grass Aphid: A Newly Invasive Pest in North America,2022,10,"26"
996749728501851,Report,Yes,pdf,"Phosphorus in the Calcareous Soils of Southern Idaho: A Literature Review with Implications for Crop Production, Manure Management, and Water Quality",2011,5,"16"
996749728601851,Report,Yes,pdf,Costs and Returns for Irrigated Organic Russet Burbank Potato Production in Southern Idaho,2010,4,"14"
996749728701851,Report,Yes,pdf,Powdery Scab of Potato,2022,14,"42"
996749728801851,Report,Yes,pdf,Alaska Field Guide to Potato Pests and Beneficial Insects in English and Russian,2012,8,"16"
996749728901851,Report,Yes,pdf,Potato Mop-Top Virus: Biology and Disease Managment,2022,7,"20"
996749729001851,Report,Yes,pdf,Consejos Para Emprendedores: Sociedad de Responsabilidad Limitada,2023,15,"7"
996749729101851,Report,Yes,pdf,"Short-Season, High-Altitude Gardening: Growing Small-Fruit Crops in Short-Season Gardens",2009,3,"25"
996749729201851,Report,Yes,pdf,"Short-Season, High-Altitude Gardening: Selecting, Planting, and Caring for Trees, Shrubs, Vines",2009,1,"9"
996749729301851,Report,Yes,pdf,"Short-Season, High-Altitude Gardening: Herbaceous Ornamentals: Annuals, Perennials, and Ornatmental Grasses",2009,7,"19"
996749729401851,Report,Yes,pdf,Tips for Entrepreneurs: Money Management for Business Owners,2020,8,"13"
996749729501851,Report,Yes,pdf,"Short-Season, High-Altitude Gardening: Gardening Strategies for Short-Season, High-Altitude Zones",2009,0,"8"
996749729601851,Report,Yes,pdf,Know Your Herbicide-Resistant Weeds,2021,3,"11"
996749729701851,Report,Yes,pdf,The 4-H Meeting Wheel,2021,4,"14"
996749729801851,Report,Yes,pdf,La Planificaci n Esencial de Reuniones de Clubs 4-H:La Rueda de Reuniones 4-H,2022,5,"10"
996749729901851,Report,Yes,pdf,Estimating Long-Term Idaho Hay Prices Using Multiple Data Sources,2021,7,"14"
996749730001851,Report,Yes,pdf,Ensiling Pressed Beet Pulp,2007,6,"12"
996749730101851,Report,Yes,pdf,Kentucky Bluegrass Production,2005,0,"11"
996749730201851,Report,Yes,pdf,Pasture Principles for Smaller Acreages,2023,13,"23"
996749730301851,Report,Yes,pdf,2020 Southern Idaho Hard Winter Wheat Quick Facts,2020,4,"7"
996749730401851,Report,Yes,pdf,Spring Vegetable Planting Guide for Idaho,2020,6,"12"
996749730501851,Report,Yes,pdf,2020 Southern Idaho Soft White Spring Wheat Quick Facts,2020,6,"14"
996749730601851,Report,Yes,pdf,2020 Southern Idaho Hard Spring Wheat Quick Facts,2020,6,"14"
996749730701851,Report,Yes,pdf,2020 Southern Idaho Soft White Winter Wheat Quick Facts,2020,6,"10"
996749730801851,Report,Yes,pdf,Potato Seed Certification and Selection in Idaho,2022,6,"9"
996749730901851,Report,Yes,pdf,Southwest Idaho Plants That Can Endanger Livestock,2020,5,"16"
996749731001851,Report,Yes,pdf,Nutrient Management Guidelines for Russet Burbank Potatoes,2004,1,"23"
996749731101851,Report,Yes,pdf,Property Rights: A Primer,2001,0,"13"
996749731201851,Report,Yes,pdf,Storage Management for Umatilla Russet Potatoes,2003,3,"16"
996749731301851,Report,Yes,pdf,Economics of Yellow Mustard in the Pacific Northwest,2000,2,"13"
996749731401851,Report,Yes,pdf,Credit Cents,2007,3,"8"
996749731501851,Report,Yes,pdf,Planning an Idaho Vegetable Garden,1996,4,"11"
996749731601851,Report,Yes,pdf,Soil and the Environment: A Land and Homesite Evaluation Handbook and Training Guide,2012,3,"17"
996749731701851,Report,Yes,pdf,Risk Assessment and Decision-Making Guidelines for Dairy Risk Management: Part 3,2020,5,"11"
996749731801851,Report,Yes,pdf,Uniform Plant Stand Is Key to Crop Yield and Quality,2019,8,"19"
996749731901851,Report,Yes,pdf,Idaho Forage Handbook (third edition),2005,0,"10"
996749732001851,Report,Yes,pdf,Tips for Entrepreneurs: Expanding a Business by Adding Paid Employees,2020,3,"18"
996749732101851,Report,Yes,pdf,Tips for Entrepreneurs: Notario Fraud,2020,3,"10"
996749732201851,Report,Yes,pdf,How To Prune Coniferous Evergreen Trees,1985,1,"15"
996749732301851,Report,Yes,pdf,Expansi n de un Negocio Mediante la Adici n de Empleados Remunerados,2022,15,"11"
996749732401851,Report,Yes,pdf,Tips for Entrepreneurs: Expanding a Business--The Physical Site,2020,5,"7"
996749732501851,Report,Yes,pdf,Custom Rates for Idaho Agricultural Operations: 2013-2014,2015,0,"10"
996749732601851,Report,Yes,pdf,Regulaciones para vender alimentos preparados,2021,4,"8"
996749732701851,Report,Yes,pdf,"Idaho's Noxious Weeds, 10th Edition",2022,10,"15"
996749732801851,Report,Yes,pdf,Performance of Forage and Conservation Grasses in Northern Idaho,1998,1,"20"
996749732901851,Report,Yes,pdf,Growing Blueberries in the Inland Northwest & Intermountain West,1999,3,"20"
996749733001851,Report,Yes,pdf,Performance of Perennial Forage Legumes in Northern Idaho,1998,3,"13"
996749733101851,Report,Yes,pdf,Growing Apples for Local Markets in Cold Climates,2000,0,"8"
996749733201851,Report,Yes,pdf,"4-H Dutch Oven Cooking, Helper's Guide",2019,16,"17"
996749733301851,Report,Yes,pdf,"4-H Dutch Oven Cooking, Unit 2",2019,3,"7"
996749733401851,Report,Yes,pdf,"Sugar Beet Root Maggot: Identification, Biology, and Management",2019,7,"14"
996749733501851,Report,Yes,pdf,From Weeds to Flowers: Creating Sustainable Wildflower Meadows in Arid Climates,2019,7,"12"
996749734801851,Report,Yes,pdf,Basic Inventory Techniques for Family Forest Owners,2011,6,"16"
996749734901851,Report,Yes,pdf,Pigweeds: Current and Emerging Weed Threats in the Pacific Northwest,2021,5,"14"
996749735001851,Report,Yes,pdf,Biodiesel in the Pacific Northwest,2021,0,"14"
996749735101851,Report,Yes,pdf,Best Management Practices for Managing Herbicide Resistance,2021,4,"12"
996749735201851,Report,Yes,pdf,Exploring organic grain and forage production as a profitable market for Palouse farmers,2020,16,"14"
996749735301851,Report,Yes,pdf,Guide to Using and Caring for your Electric Pressure Cooker,2021,15,"16"
996749735401851,Report,Yes,pdf,Identification and Habits of Key Ant Pests in the PNW,2010,2,"12"
996749735501851,Report,Yes,pdf,Growing Wasabi in the Pacific Northwest,2007,1,"24"
996749735601851,Report,Yes,pdf,Physiological Leaf Roll of Tomato,2011,2,"14"
996749735701851,Report,Yes,pdf,Six Steps to Calibrate and Optimize Airblast Sprayers,2021,0,"10"
996749735801851,Report,Yes,pdf,2018 Farm Bill Agricultural Commodity Support Programs,2020,15,"13"
996749735901851,Report,Yes,pdf,Nightshade: Biology & Control in the PNW,2005,5,"9"
996749736001851,Report,Yes,pdf,Meadow Deathcamas in the Pacific Northwest,2012,1,"10"
996749736101851,Report,Yes,pdf,Propagation of Plants from Specialized Structures,2009,4,"14"
996749736201851,Report,Yes,pdf,Fish Pickling & Other Aquatic Foods for Home Use,2009,0,"8"
996749736301851,Report,Yes,pdf,Propagating Plants from Seed,2008,2,"13"
996749736401851,Report,Yes,pdf,"Propagating Shrubs, Trees, Vines with Stem Cuttings",2015,1,"14"
996749736501851,Report,Yes,pdf,Turfgrass Seeding Recommendations for the PNW,2009,1,"12"
996749736601851,Report,Yes,pdf,"Canning Meat, Poultry, and Game",2018,2,"20"
996749736701851,Report,Yes,pdf,Smoking Fish at Home Safely,2008,0,"14"
996749736801851,Report,Yes,pdf,Trees Against the Wind,2002,3,"30"
996749736901851,Report,Yes,pdf,What Are Your Forages Worth?,2013,0,"9"
996749737001851,Report,Yes,pdf,Stripper Header and Direct Seeding: Ron and Andy Juris (Farmer-to-Farmer Case Study Series),2017,1,"14"
996749737101851,Report,Yes,pdf,Variable Rate Nitrogen Application: Eric Odberg (Farmer-to-Farmer Case Study Series),2016,2,"14"
996749737201851,Report,Yes,pdf,Canning Fruits,2011,0,"10"
996749737301851,Report,Yes,pdf,Integrated Management of Prickly Lettuce in Wheat Production Systems,2016,0,"6"
996749737401851,Report,Yes,pdf,Apple Scab,2004,0,"12"
996749737501851,Report,Yes,pdf,Biofumigant Cover Cropping in Potatoes: Dale Gies (Farmer-to-Farmer Case Study Series),2017,7,"24"
996749737601851,Report,Yes,pdf,Measuring Up,1998,2,"5"
996749737701851,Report,Yes,pdf,Aquatic Vegetation Management and Control,1982,0,"15"
996749737801851,Report,Yes,pdf,Pea Shoots,2018,0,"9"
996749737901851,Report,Yes,pdf,"Grazed Cover Cropping, Drew Leitch (Farmer to Farmer Case Study Series)",2019,3,"11"
996749738001851,Report,Yes,pdf,Using Entomopathogenic Nematodes for Crop Insect Pest Control,2011,0,"12"
996749738101851,Report,Yes,pdf,Fresh Cheese Made Safely,2019,1,"11"
996749738201851,Report,Yes,pdf,"Diversifying Dryland Direct Seed Systems, Steve and Nate Riggers (Farmer-to-Farmer Case Study Series)",2018,0,"7"
996749738301851,Report,Yes,pdf,4-H Cavy Project Leader Guide,2005,1,"13"
996749738401851,Report,Yes,pdf,Elaboraci n Segura del Queso Fresco,2019,0,"12"
996749738501851,Report,Yes,pdf,Deficit irrigation of a diverse irrigated rotation: Jake Madison,2018,7,"10"
996749738601851,Report,Yes,pdf,Ethanol in the Pacific Northwest,2018,2,"9"
996749738701851,Report,Yes,pdf,Fertilizing with Manure,2015,2,"13"
996749738801851,Report,Yes,pdf,Baby Corn,2018,3,"11"
996749738901851,Report,Yes,pdf,Propagation of Plants by Grafting and Budding,2010,3,"18"
996749739001851,Report,Yes,pdf,Organic Small Grain Production in the Inland Pacific Northwest: A Collection of Case Studies,2015,0,"6"
996749739101851,Report,Yes,pdf,Internal Dry Scale and Associated Bulb Rots of Onion,2015,2,"12"
996749739201851,Report,Yes,pdf,Genetically Engineered Alfalfa and Feral Alfalfa Plants: What Should Growers Know?,2015,1,"10"
996749739301851,Report,Yes,pdf,Natural Insecticides,2012,0,"7"
996749739401851,Report,Yes,pdf,Italian Ryegrass Management in Inland Pacific Northwest Dryland Cropping Systems,2024,6,"16"
996749739501851,Report,Yes,pdf,Integrated Management of Downy Brome in Winter Wheat,2020,3,"8"
996749739601851,Report,Yes,pdf,Nutrient Management for Field Corn Silage & Grain in the Inland Pacific Northwest,2009,17,"32"
996749739701851,Report,Yes,pdf,Controlling Root and Crown Diseases of Small Grain Cereals,2011,10,"16"
996749739801851,Report,Yes,pdf,4-H Dressage Manual,2009,3,"10"
996749739901851,Report,Yes,pdf,Field Guide for Integrated Pest Management in Pacific Northwest Vineyards,2012,2,"11"
996749740001851,Report,Yes,pdf,"Powdery Mildew on Sugarbeet: Importance, Identification, and Control",2012,0,"7"
996749740101851,Report,Yes,pdf,Wireworm Biology and Nonchemical Management,2007,5,"14"
996749740201851,Report,Yes,pdf,Sweet Cherry Orchard Establishment in the Pacific Northwest,2012,0,"8"
996749740301851,Report,Yes,pdf,Estimating Plant-Available Nitrogen Release from Cover Crops,2011,2,"13"
996749740401851,Report,Yes,pdf,Integrated Pest Management Guidelines and Current Biocontrol Status for Cereal Leaf Beetle Management in the Pacific Northwest,2024,5,"28"
996749740501851,Report,Yes,pdf,Perform of Hard Red Winter Wheat in Late-Planted No-Till Fallow,2015,3,"5"
996749740601851,Report,Yes,pdf,"Introduction to Forest Carbon, Offsets and Markets",2023,5,"22"
996749740701851,Report,Yes,pdf,Good Field Practices for Agricultural Workers,2022,1,"12"
996749740801851,Report,Yes,pdf,Integrated Pest Management of Non-Biting Flies in Schools,2022,0,"10"
996749740901851,Report,Yes,pdf,Pesticide Redistribution and Its Implications on Pesticide Efficacy,2023,0,"18"
996749741001851,Report,Yes,pdf,"Threat-Based Management for Creeks, Streams and Rivers: A Manager s Guide for Understanding and Managing Flowing Waters in Sagebrush Ecosystems of the Pacific Northwest",2023,3,"29"
996749741101851,Report,Yes,pdf,Silver Scurf Management in Potatoes,2012,3,"13"
996749741201851,Report,Yes,pdf,Sweet Cherry Cultivars for the Fresh Market,2006,0,"7"
996749741301851,Report,Yes,pdf,Carbon sequestration potential in cropland soils in the inland Pacific Northwest: Knowledge and gaps,2023,2,"15"
996749741401851,Report,Yes,pdf,Acidifying Soil for Crop Production: Inland PNW,2006,1,"15"
996749741501851,Report,Yes,pdf,Biology & Management of the Potato Tuberworm in PNW,2006,7,"8"
996749741601851,Report,Yes,pdf,Nurturing Resilience: Interactions are the Heart of Resilience/Fomentar la resiliencia: Las interacciones son el corazon del la resiliencia,2022,0,"8"
996749741701851,Report,Yes,pdf,Sampling Agricultural Odors,2007,0,"9"
996749741801851,Report,Yes,pdf,Nurturing Resilience: Mindful Practices for Resilience/Fomentar la resiliencia: Practicas conscientes parala resiliencia,2022,0,"14"
996749741901851,Report,Yes,pdf,Youth Beef Quality Assurance Manual,2008,7,"7"
996749742001851,Report,Yes,pdf,Lingonberry Production Guide for the PNW,2006,0,"16"
996749742101851,Report,Yes,pdf,Bed Bugs in the Classroom,2021,0,"12"
996749742201851,Report,Yes,pdf,The 4-H Horse Project,2012,1,"11"
996749742301851,Report,Yes,pdf,Four  Steps to Pruning Trees/Gisela & Other Rootstocks,2006,2,"12"
996749742401851,Report,Yes,pdf,Pruning Western White Pine: A Vital Tool for Species Restoration,2005,6,"18"
996749742501851,Report,Yes,pdf,Iron in Drinking Water,2005,3,"14"
996749742601851,Report,Yes,pdf,Integrated Pest Management for Bed Bugs in Schools,2021,1,"11"
996749742701851,Report,Yes,pdf,Pacific Northwest Watermelon Production East of the Cascades,2020,1,"9"
996749742801851,Report,Yes,pdf,Invertebrate Pest Management of the Pacific Northwest Pastures,2020,0,"7"
996749742901851,Report,Yes,pdf,Oxeye Daisy,2004,3,"9"
996749743001851,Report,Yes,pdf,Operational Equipment Expenses for a Commercial Beekeeping Operation in the Pacific Northwest,2020,2,"11"
996749743101851,Report,Yes,pdf,Field Bindweed,2005,7,"14"
996749743201851,Report,Yes,pdf,Fall and Winter Vegetable Gardening,2001,1,"2"
996749743301851,Report,Yes,pdf,Slow Cooking from Start to Finish,2022,4,"4"
996749743401851,Report,Yes,pdf,Nitrogen Management for Hard Wheat Protein Enhancement.,2004,2,"12"
996749743501851,Report,Yes,pdf,Mgmt Strategies/Herbicide-Resistant Grass Weeds in Wheat,2003,0,"10"
996749743601851,Report,Yes,pdf,Selling Logs curriculum,2020,4,"8"
996749743701851,Report,Yes,pdf,4-H Horse Judging Manual,2004,8,"23"
996749743801851,Report,Yes,pdf,Teff Grass for Forage,2018,6,"23"
996749743901851,Report,Yes,pdf,Nutrient Mgmt for Onions in the PNW,2000,2,"18"
996749744001851,Report,Yes,pdf,Applying Adaptive Grazing Management,2018,6,"17"
996749744101851,Report,Yes,pdf,Enhancing Reforestation Success in the Inland Northwest,2015,1,"16"
996749744201851,Report,Yes,pdf,The Western Oregon and Washington Pasture Calendar,2017,2,"11"
996749744301851,Report,Yes,pdf,Developing Quality Christmas Trees in the Pacific Northwest,2015,1,"10"
996749744401851,Report,Yes,pdf,Cost and Returns Baseline for the Dryland Grain Annual Cropping Region of the Pacific Northwest for 2011 2015 with a 2016 Comparison,2017,0,"4"
996749744501851,Report,Yes,pdf,Worksheet for Calculating Biosolids Application Rates in Agriculture,2018,1,"13"
996749744601851,Report,Yes,pdf,Canning Smoked Fish At Home,2013,4,"13"
996749744701851,Report,Yes,pdf,4-H Hunt Seat and Jumper Manual,1995,1,"13"
996749744801851,Report,Yes,pdf,"Raising Ratites: Ostriches, Emu, and Rheas",1995,3,"22"
996749744901851,Report,Yes,pdf,Short-Season Vegetable Garden,1995,0,"5"
996749745001851,Report,Yes,pdf,Farm Direct Marketing: Legal Guide to Farm Direct Marketing,2015,0,"13"
996749745101851,Report,Yes,pdf,Judging Sheep and Oral Reasons 101,2015,23,"34"
996749745201851,Report,Yes,pdf,Plant-parasitic nematodes affecting small grain cereals in the PNW,2014,2,"13"
996749745301851,Report,Yes,pdf,Navigating Work and Family,2001,0,"6"
996749745401851,Report,Yes,pdf,Avoiding Residues in Small-flock Turkeys & Game Birds,2002,0,"6"
996749745501851,Report,Yes,pdf,Management of White Mold of Beans,2002,0,"7"
996749745601851,Report,Yes,pdf,Encouraging Beneficial Insects in Your Garden,2000,1,"8"
996749745701851,Report,Yes,pdf,Nutrient Management Guide: Camelina,2019,1,"15"
996749745801851,Report,Yes,pdf,Training & Pruning Your Home Orchard,2010,2,"11"
996749745901851,Report,Yes,pdf,Threat-Based Land Management in the Northern Great Basin: A Manager s Guide,2019,1,"16"
996749746001851,Report,Yes,pdf,Managing Late Blight on Irrigated Potatoes in the PNW,2002,0,"8"
996749746101851,Report,Yes,pdf,Herbicide-Resistant Weeds and Their Management,2010,16,"20"
996749746201851,Report,Yes,pdf,Photo Monitoring for Ranchers Technical Guide,2014,8,"8"
996749746301851,Report,Yes,pdf,Mineral  Supplementation of Beef Cattle in the Pacific Northwest,2014,0,"12"
996749746401851,Report,Yes,pdf,Coping with Caregiving,2016,0,"7"
996749746501851,Report,Yes,pdf,Drying Fruits and Vegetables,2008,162,"258"
996749746601851,Report,Yes,pdf,Making Garlic- and Herb-Infused Oils at Home,2013,16,"25"
996749746701851,Report,Yes,pdf,Break-even Analysis of Small-scale Production of Pastured Organic Poultry,2014,3,"17"
996749746801851,Report,Yes,pdf,Cherry Training Systems,2014,1,"14"
996749746901851,Report,Yes,pdf,Farmer to Farmer (F to C) Marketing 1,2015,1,"5"
996749747001851,Report,Yes,pdf,Judging Beef Cattle and Oral Reasons 101,2014,39,"57"
996749747101851,Report,Yes,pdf,Poison Oak and Poison Ivy,2018,6,"47"
996749747201851,Report,Yes,pdf,Scotch Broom: Biology & Mgmt. in the PNW,2007,2,"8"
996749747301851,Report,Yes,pdf,Freezing Fruits and Vegetables,2018,2,"17"
996749747401851,Report,Yes,pdf,F to C Marketing 5: Personnel Management,2015,0,"4"
996749747501851,Report,Yes,pdf,Making Jerky at Home Safely,2020,9,"17"
996749747601851,Report,Yes,pdf,Wild Carrot,2002,0,"6"
996749747701851,Report,Yes,pdf,4-H Driving Manual,1983,4,"15"
996749747801851,Report,Yes,pdf,Cranberry Production in the PNW,2002,1,"10"
996749747901851,Report,Yes,pdf,"Rhizoctonia on Sugar Beet: Importance, Identific., & Control in the NW",2010,0,"13"
996749748001851,Report,Yes,pdf,Meadow Voles and Pocket Gophers,2022,11,"15"
996749748101851,Report,Yes,pdf,Weed and Vegetation Management in Christmas Trees,2017,0,"8"
996749748201851,Report,Yes,pdf,"Grass Seeding Forest Roads, Skid Trails, & Landings in the Inland NW",2010,4,"10"
996749748301851,Report,Yes,pdf,Dehorn Calves with Paste/Descornar terneras con pasta,2010,1,"6"
996749748401851,Report,Yes,pdf,Sweet Cherry Rootstocks for the Pacific Northwest,2021,0,"9"
996749748501851,Report,Yes,pdf,Feeding Meat-type Chickens,2013,0,"4"
996749748601851,Report,Yes,pdf,Cereal Cyst Nematodes,2016,4,"20"
996749748701851,Report,Yes,pdf,Blueberry Cultivars for the Pacific Northwest,2013,1,"15"
996749748801851,Report,Yes,pdf,"Rhizomania on Sugar Beet: Importance, Identification, Control",2013,1,"8"
996749748901851,Report,Yes,pdf,Reducing Fire Risk on your Forest Property,2009,7,"15"
996749749001851,Report,Yes,pdf,Corn Smuts,2012,0,"9"
996749749101851,Report,Yes,pdf,Raspberry Cultivars for the Pacific Northwest,2013,1,"12"
996749749201851,Report,Yes,pdf,4-H Home Food Preservation Series: Boiling Water Canning Project Manual,2012,17,"11"
996749749301851,Report,Yes,pdf,4-H Home Food Preservation Series: Drying Project Manual,2012,19,"19"
996751130301851,Report,Yes,pdf,Idaho Environmental/Nutrient Management Program (E/NMP) Basics,2020,8,"24"
996751130401851,Report,Yes,pdf,Monitoring Tools for a Potato Bruise Prevention Program,2020,6,"15"
996751130501851,Report,Yes,pdf,Utilizing Barn Owl Boxes for Management of Vole Populations,2020,7,"21"
996751130601851,Report,Yes,pdf,Buying and Selling Hay on the Stump,2020,3,"12"
996751130701851,Report,Yes,pdf,Soil-Testing Procedures for Southern Idaho Soils,2020,1,"19"
996751130801851,Report,Yes,pdf,Quick Facts: Idaho Beans,2020,6,"9"
996751130901851,Report,Yes,pdf,Predicting Alfalfa Forage Quality in Southern Idaho,2022,1,"14"
996751131001851,Report,Yes,pdf,Being Financially Aware When Divorce Occurs: An Idaho Guide,2020,15,"18"
996751131101851,Report,Yes,pdf,Vermicomposting at Home,2020,3,"11"
996751131201851,Report,Yes,pdf,Field Corn Harvest Recommendations for Idaho,2020,3,"16"
996751131301851,Report,Yes,pdf,Women Farmers on the Rise? Understanding USDA Data-Collection Methods,2022,3,"12"
996751131401851,Report,Yes,pdf,Curlycup Gumweed,2022,17,"7"
996751131501851,Report,Yes,pdf,Grasshopper Management in the Pacific Northwest,2020,5,"34"
996751131601851,Report,Yes,pdf,"Growing Peppers in Short-Season, High-Altitude Gardens",2020,7,"21"
996751131701851,Report,Yes,pdf,Black Medic,2022,3,"13"
996751131801851,Report,Yes,pdf,Nutrition for Healthy Aging,2020,6,"12"
996751131901851,Report,Yes,pdf,Improving Weed Control in Dry Bean Using Narrow Planting,2020,3,"3"
996751132001851,Report,Yes,pdf,Estimating the Efficiency and Cost of an On-Farm Centrifuge Separator,2021,17,"16"
996751132101851,Report,Yes,pdf,Idaho Green Thumb How-To: Spotted Spurge,2021,17,"22"
996751132201851,Report,Yes,pdf,Pink Root Disease of Onion: Biology and Control,2021,7,"7"
996751132301851,Report,Yes,pdf,An Introduction to Third-Party Auditing in a Food-Manufacturing Facility,2021,4,"10"
996751132401851,Report,Yes,pdf,Blossom-End Rot in Tomatoes,2021,16,"13"
996751243101851,Report,Yes,pdf,Consejos para Emprendedores: Gestion del dinero para Empresarios,2022,3,"11"
996751243201851,Report,Yes,pdf,Ensuring Training Effectiveness -- Evaluating Good Manufacturing Training,2020,4,"9"
996751243301851,Report,Yes,pdf,Simplify Dinnertime: A Guide to Make Ahead Freezer Meals for Electric Pressure Cooking,2022,2,"15"
996751243401851,Report,Yes,pdf,Presenting Online,2020,4,"6"
996751243501851,Report,Yes,pdf,2014 Farm Bill Crop Commodity Program Payments in Idaho,2020,3,"4"
996751243601851,Report,Yes,pdf,"No Such Thing as a Murder Hornet: Asian Giant Hornet, an Invasive Species to Monitor",2020,8,"15"
996751243701851,Report,Yes,pdf,Core Aeration of Lawns - Benefits and Procedures,2020,0,"15"
996751243801851,Report,Yes,pdf,Red Fire Bug - A New Idaho Invader?,2022,26,"212"
996751243901851,Report,Yes,pdf,Irrigation and Nitrogen Fertilization Affect End-Use Quality of Spring Wheat of Three Market Classes,2020,3,"8"
996751244001851,Report,Yes,pdf,Targeted Tank Mixtures for Weed Control in Potatoes,2022,36,"26"
996751244101851,Report,Yes,pdf,Developing a Pathogen Environmental Monitoring Program for a Food Manufacturing Facility,2020,4,"10"
996751244201851,Report,Yes,pdf,Potential of Silicon Amendment for Improved Wheat Production,2020,1,"9"
996751244301851,Report,Yes,pdf,Different Treatment Options for Russian Olive,2020,15,"9"
996751244401851,Report,Yes,pdf,Broadleaf Plantain (Plantago major L.),2021,17,"14"
996751244501851,Report,Yes,pdf,Spring Annual Forage Hay Production in North Central Idaho,2022,4,"9"
996751244601851,Report,Yes,pdf,"Contribution of Agribusiness to the Magic Valley Economy, 2018",2021,3,"10"
996751244701851,Report,Yes,pdf,Cultural Management of Clearwater Russet Potatoes,2021,9,"37"
996751244801851,Report,Yes,pdf,Should Solid Dairy Manure and Dairy Manure Compost Be Tested before Land Application?,2021,4,"11"
996751244901851,Report,Yes,pdf,Quick Facts: Idaho Sugar Beets,2021,11,"55"
996751245001851,Report,Yes,pdf,Livestock Care for Beginning and Small-Scale Producers,2021,6,"13"
996752149901851,Report,Yes,pdf,Uncovering Hidden Linkages in Idaho’s 2006 Teton Regional Economy,2010,1,"14"
996756040601851,Presentation,Yes,pdf,Revitalizing Reading for Fun with an Academic Library's Book Club,,3,"10"
996756040801851,Presentation,Yes,pdf,Reviewing the HP of the University of Idaho’s Board Game Collection,,3,"13"
996760246201851,Report,Yes,pdf,Nutrition for Kids: Introducing solid foods to infants at six months of age,2025,12,"37"
996762907801851,Presentation,Yes,pdf,Low Carbon Opportunities for Arid Agricultural Areas Impacted by Climate Change: The Case of FEWtures in the Central Arkansas River basin (CARB),,8,"15"
996762907901851,Presentation,Yes,pdf,"HydroShare and the Water Community, removing perceived barriers to data sharing",,13,"15"
996762908001851,Presentation,Yes,pdf,"Water/Energy/Carbon Nexus, Green Infrastructure and LEED",,8,"17"
996762908101851,Presentation,Yes,pdf,"Framing a Decision Model for a Hyper-Localized Food, Energy, and Water Nexus in a Rural Community in India",,13,"30"
996762908301851,Dataset,Yes,pdf,Tree Cover Dynamics CONUS Dataset,,10,"18"
996762908601851,Dataset,Yes,pdf,Collecting Gems: Improving Workforce Communication and Listening Skills Through Documenting Oral Histories of Idaho's Sagebrush Steppe,,1,"6"
996762911501851,Workflow,Yes,pdf,Agisoft Structure-from-motion Protocols,,8,"8"
996762920201851,Dataset,Yes,docx,Data: REACCHPNA Annual Meeting 2015 - Student Panel,,0,"1"
996762924901851,Dataset,Yes,pdf,Hells Canyon National Recreation Area - Water Quality Monitoring Project,,1,"7"
996762925401851,Dataset,Yes,pdf,Coeur d'Alene Lake Total Phosphorus Nutrient Calculations for Lake Tributaries,,0,"3"
996765049001851,Journal article,Yes,pdf,Cover cropping enhanced soil aggregation and associated carbon and nitrogen storage in semi-arid silage cropping systems,2024,7,"5"
996765629601851,Presentation,Yes,pdf,Community Engagement with Satellite Imagery,,12,"8"
996765630101851,Presentation,Yes,pdf,Community engagement with transformational change,,13,"15"
996765630501851,Presentation,Yes,pdf,Lessons learned in using an online stakeholder engagement platform,,9,"11"
996765631601851,Workflow,Yes,pdf,Open Drone Map: Structure-from-Motion Workflow,,7,"17"
996765634601851,Dataset,Yes,pdf,Collaboration Plan and Protocols: Idaho NSF EPSCoR Track-1 Proposal Development Process,,10,"2"
996765643401851,Dataset,Yes,pdf,Data: REACCHPNA Base: REACCHPNA Study Area map,,0,"3"
996776249901851,Journal article,Yes,pdf,Teaching Archival Intelligence through an Immersive Class Experience,,7,"13"
996778749401851,Conference paper,Yes,pdf,Explainable Neural Network Alternatives for AI Predictions: Genetic Algorithm Quantitative Association Rule Mining,,5,"21"
996780569801851,Report,Yes,pdf,Rural college students: Family and Finances,2024,3,"8"
996781069601851,Report,Yes,pdf,Integrated management of leafy spurge,2024,7,"11"
996781659701851,Report,Yes,pdf,Increasing Student Awareness of the FAFSA,2011,3,"3"
996781659801851,Conference paper,Yes,doc,Examining Class in the Classroom: Social Class Data in Institutional/Academic Research,,3,"2"
996781659901851,Conference presentation,Yes,pdf,The Effect of Leadership Education on College Students’ Social Capital Development,,4,"7"
996781660201851,Report,Yes,docx,Academic Obstacles and Campus Climate for Underrepresented Minority STEM Students: Implications for Students’ Sense of Belonging,,3,"2"
996781661101851,"Fiction (novel, short story)",Yes,pdf,"Historical Scientific Geological Report: The Discovery & Documentation of Vandalite, a ""Talisman of Perseverance, Hope, Wonder, & Wisdom""",2025,5,"13"
996783169601851,Report,Yes,pdf,Career Services and Rural First-Generation College Students,2025,5,"12"
996783169701851,Report,Yes,pdf,"The value of Paid internships for Rural, first-generation College Students",2025,4,"8"
996783169801851,Report,Yes,pdf,Rural College Students: Basic Needs Insecurity,2025,7,"12"
996783169901851,Report,Yes,pdf,Rural College Students: Demographic Insights,2025,4,"7"
996784768901851,Journal article,Yes,pdf,The economic performance of soil health practices in potato production systems,2025,0,"9"
996793598801851,Journal article,Yes,pdf,Priority research directions for wildfire science: views from a historically fire-prone and an emerging fire-prone country,2025,4,"11"
996793599401851,Journal article,Yes,pdf,Factors influencing wildfire management decisions after the 2009 US federal policy update,2024,3,"1"
996793599801851,Journal article,Yes,pdf,Pre-fire drought intensity drives post-fire recovery and mortality in Pinus monticola and Pseudotsuga menziesii saplings,,3,"7"
996794512401851,Conference paper,Yes,pdf,Working Through the Crisis: The Invisible Load of Emotional Labor on Higher Education Administrators During the Pandemic,,3,"4"
996801145101851,Journal article,Yes,pdf,Comparison of field sampling- and airborne laser scanning-derived stand level inventories in a mixed conifer forest and volume validation using log scaling data,2025,4,"15"
996803443601851,Journal article,Yes,pdf,From plant traits to fire behavior: Scaling issues in flammability studies,,7,"64"
996803443701851,Journal article,Yes,pdf,Comparison of a Continuous Forest Inventory to an ALS-Derived Digital Inventory in Washington State,2025,5,"14"
996803444101851,Report,Yes,pdf,Idaho at a Glance: Population Change in Idaho,2025,170,"402"
996804040801851,Report,Yes,pdf,A Conceptual Framework for the Assessing Rural Education’s Assets & Strengths(AREAS) Survey,2025,9,"10"
996806242001851,Report,Yes,pdf,Test BUL,2025,6,"18"
996806443801851,Report,Yes,pdf,Idaho master gardeners learn and serve in Latah County,2024,3,"2"
996807145001851,Journal article,Yes,pdf,"Pyrohealth synchrony: integrating wildland fire into One Health to benefit plants, animals, ecosystems, and people",,4,"4"
996807945101851,Journal article,Yes,pdf,"‘I Want to Learn and Speak Hoche, Rather I Am Becoming Han’: Amplifying Minoritized Indigenous Children's Voices Through a Multilingual Curriculum in an Indigenous School",2025,4,"2"
996808644901851,Report,Yes,pdf,The Grouse and Grazing Project: Effects of cattle grazing on demographic traits of greater sage-grouse,2025,11,"24"
996810205901851,Conference presentation,Yes,pdf,Bridging the Gap: A Conversation About High School Dual Enrollment Programs,,6,"10"
996810666701851,Preprint,Yes,pdf,Spectral trends across the rings and inner moons of Uranus and Neptune from JWST NIRCam images,,0,"4"
996811907001851,Report,Yes,pdf,"Wastewater and Drinking Water Systems in Idaho: Infrastructure Needs, Growth and Workforce",2025,19,"54"
996815154301851,Dataset,Yes,pdf,Supplement for Mild heat stress effects on hepatic and mammary mitochondria of lactating dairy cattle,,14,"29"
996815255001851,Conference poster,Yes,pdf,Exploring Instructional and Assessment Strategies in Leadership Education,,9,"8"
996815296701851,Report,Yes,pdf,The Science of Chocolate: Satisfy Your Sweet Tooth,2023,8,"7"
996815297001851,Report,Yes,pdf,The Science of Sugar: Satisfy Your Sweet Tooth,2024,7,"6"
996815387501851,Report,Yes,pdf,Rangeland Outreach Activities Manual: Coaches' Edition,2021,5,"0"
996815387601851,Report,Yes,pdf,Rangeland Outreach Activities Manual,2021,6,"1"
996815387701851,Report,Yes,pdf,Gold Standard of Customer Relations,2011,17,"1"
996815388301851,Report,Yes,pdf,Barny the Barn Owl Coloring Book,2024,9,"10"
996815388501851,Report,Yes,pdf,Tobacco and Vaping Prevention Lesson,2023,3,"1"
996815955001851,Journal article,Yes,pdf,Enhancing dairy wastewater treatment: Effects of hydraulic and organic loading rates in vermifiltration systems,2025,7,"9"
996816343901851,Book,Yes,pdf,The Idea of Justice,2023,48,"23"
996816344201851,Report,Yes,pdf,"Idaho Master Gardener Program Handbook, 21st Edition",2024,18,"9"
996816346901851,Journal article,Yes,pdf,"Comment on ""A procedure for the estimation of the numerical uncertainty of CFD calculations based on grid refinement studies"" (L. Eca and M. Hoekstra, Journal of Computational Physics 262 (2014) 104-130)",2015,6,"2"
996816347201851,Journal article,Yes,pdf,Recent progress in CFD for naval architecture and ocean engineering,2015,7,"6"
996816347901851,Journal article,Yes,pdf,CFD Simulation of a Floating Offshore Wind Turbine System Using a Quasi-static Crowfoot Mooring-Line Model,2014,6,"4"
996816350201851,Journal article,Yes,pdf,Computational ship hydrodynamics: Nowadays and way forward,2013,7,"2"
996816350601851,Journal article,Yes,pdf,"Closure to ""Discussion of 'Factors of Safety for Richardson Extrapolation'"" (2011, ASME J. Fluids Eng., 133, p. 115501)",2011,6,"2"
996816350801851,Journal article,Yes,pdf,Factors of Safety for Richardson Extrapolation,2010,6,"0"
996816351001851,Journal article,Yes,pdf,URANS and DES analysis for a Wigley hull at extreme drift angles,2010,6,"2"
996816351601851,Journal article,Yes,pdf,Evaluation of linear and nonlinear convection schemes on multidimensional non-orthogonal grids with applications to KVLCC2 tanker,2010,6,"1"
996816352201851,Journal article,Yes,pdf,Unsteady free surface wave-induced separation: Vortical structures and instabilities,2009,7,"3"
996816352401851,Journal article,Yes,pdf,Computational towing tank procedures for single run curves of resistance and propulsion,2008,6,"1"
996816353001851,Journal article,Yes,pdf,Hands-On CFD Educational Interface for Engineering Courses and Laboratories,2006,7,"2"
996816353401851,Journal article,Yes,pdf,Numerical Simulation of Vortex Cavitation in a Three-Dimensional Submerged Transitional Jet,2005,6,"0"
996816450201851,Report,Yes,pdf,Idaho at a Glance: Wastewater and Drinking Water Systems in Idaho,2025,102,"198"
996818054901851,Other,Yes,pdf,Sage Grouse & Grazing: Takeaways from a 10-year study,2025,5,"7"
996818144901851,Journal article,Yes,pdf,An Empirical Framework for ePortfolio Assessment,2016,8,"4"
996818145201851,Letter/Communication,Yes,pdf,"Comment & Response: A Comment on “Journals in Composition Studies, Thirty-Five Years After”",2019,7,"1"
996822652801851,Report,Yes,pdf,Farmland Values in Idaho: Trends and Factors at Play,2025,18,"14"
996822652901851,Report,Yes,pdf,Idaho Private Rangeland Grazing   Lease Arrangements,2013,2,"10"
996822653001851,Report,Yes,pdf,2007 North-Central Idaho Crop Management Trials,2007,5,"1"
996822653101851,Report,Yes,pdf,2007 Small Grain and Grain Legume Report: Northern Idaho Small Grain and Grain Legume Research and Extension Program,2007,8,"0"
996822653201851,Report,Yes,pdf,Outdoor Recreation Demand and Expenditures: Lower Snake River Reservoirs,1999,0,"3"
996822653301851,Report,Yes,pdf,Outdoor Recreation Use And Value: Snake River Basin of Central Idaho,1999,3,"7"
996822653401851,Report,Yes,pdf,"Sport-Fishing Use and Value: Snake River Above Lewiston, Idaho",1999,0,"2"
996822653501851,Report,Yes,pdf,Marketing Strategies for Idaho Wheat Producers: Identifying Top Performers,2023,5,"5"
996822653601851,Report,Yes,pdf,2012 Small Grain and Grain Legume Report,2013,4,"1"
996822653701851,Report,Yes,pdf,2011 Small Grains Report: Southcentral and Southeastern Idaho Cereals Research and Extension Program,2011,19,"5"
996822653801851,Report,Yes,pdf,2022 Small Grains Report: Southcentral and Southeast Idaho Cereals Research & Extension Program,2023,24,"36"
996822653901851,Report,Yes,pdf,2012 Small Grains Report: Southcentral and Southeastern Idaho Cereals Research and Extension Program,2012,21,"16"
996822654001851,Report,Yes,pdf,Sport-Fishing Use and Value: Lower Snake River Reservoirs,1999,0,"2"
996822654101851,Report,Yes,pdf,2008 Small Grain and Grain Legume Report: Northern Idaho Small Grain and Grain Legume Research and Extension Program,2008,5,"1"
996822654201851,Report,Yes,pdf,Know the Demographic Trends: The Findings of a Three-Year Survey on Nitrogen Management and Precision Agriculture Adoption in Southern Idaho,2019,2,"4"
996822654301851,Report,Yes,pdf,2009 Small Grain and Grain Legume Report: Northern Idaho Small Grain and Grain Legume Research and Extension Program,2009,11,"0"
996822654401851,Report,Yes,pdf,2010 Small Grain and Grain Legume Report of the Northern Idaho Small Grain and Grain Legume Research and Extension Program,2010,5,"2"
996822654501851,Report,Yes,pdf,"Idaho Agricultural Global Exports, 2018",2019,15,"2"
996822654601851,Report,Yes,pdf,2015 Small Grain and Grain Legume Report of the Northern Idaho Small Grain and Grain Legume Research and Extension Program,2015,15,"3"
996822654701851,Report,Yes,pdf,2017 Small Grains Report: Southcentral and Southeastern Idaho Cereals Research and Extension Program,2017,15,"2"
996822654801851,Report,Yes,pdf,2014 Small Grains Report: Southcentral and Southeastern Idaho Cereals Research and Extension Program,2014,17,"7"
996822654901851,Report,Yes,pdf,2014 Small Grain and Grain Legume Report of the Northern Idaho Small Grain and Grain Legume Research and Extension Program,2014,16,"5"
996822656101851,Report,Yes,pdf,Idaho Plant Quarantines and the Home Garden: Understanding the Laws,2010,16,"2"
996822656201851,Report,Yes,pdf,Storage Management of A93157-6LS Potatoes,2006,3,"3"
996822656301851,Report,Yes,pdf,Odor Control Practices for Northwest Dairies,2007,3,"5"
996822656401851,Report,Yes,pdf,Cultural Management of Blazer Russet Potatoes,2007,7,"3"
996822656501851,Report,Yes,pdf,Tuxedo Bug: A New Home-Invading Insect in Idaho,2006,0,"5"
996822656601851,Report,Yes,pdf,Contributions of Agriculture to Idaho's Economy: 2006,2007,7,"1"
996822656701851,Report,Yes,pdf,Storage Management of Western Russet Potatoes,2007,3,"1"
996822656801851,Report,Yes,pdf,Community-Supported Agriculture: A Marketing Strategy for Small Acreage Producers in Idaho,2009,18,"5"
996822656901851,Report,Yes,pdf,Sugarbeet Irrigation Management Using Watermark Moisture Sensors,2006,2,"8"
996822657001851,Report,Yes,pdf,Large Yellow Underwing: A Cutworm Pest in Idaho,2022,7,"12"
996822657101851,Report,Yes,pdf,Proper Sampling (Coring) of Hay Bales and Stacks,2010,3,"2"
996822657201851,Report,Yes,pdf,Management Planning for the Family Forest Owner,2006,5,"5"
996822657301851,Report,Yes,pdf,Chateau Herbicide for Use in Potatoes,2006,8,"2"
996822657401851,Report,Yes,pdf,Northern Idaho Fertilizer Guide: Oats,2007,4,"10"
996822657501851,Report,Yes,pdf,Saving Energy and Fertilizer Costs: Best Management Practices for Southern Idaho Grain Producers,2005,1,"7"
996822657601851,Report,Yes,pdf,Management of White Pine Weevil in Spruce,2005,1,"6"
996822657701851,Report,Yes,pdf,Dairy Ammonia Control Practices,2006,0,"2"
996822657801851,Report,Yes,pdf,Vine Kill and Long-term Storage of Ranger Russet Potatoes,2003,3,"1"
996822657901851,Report,Yes,pdf,Eurasian Watermilfoil,2006,7,"0"
996822658001851,Report,Yes,pdf,Protecting Streams and Lakes in Idaho: A Landowner's Guide,2018,4,"1"
996822658101851,Report,Yes,pdf,Southern Idaho Fertilizer Guide: Irrigated Alfalfa Seed,2003,2,"8"
996822658201851,Report,Yes,pdf,Management of Goats for Controlling Noxious Weeds: A Primer,2003,6,"3"
996822658301851,Report,Yes,pdf,Weed Control in Idaho Lawns,2022,6,"5"
996822658401851,Report,Yes,pdf,Idaho Crop Profiles: Apples,2000,7,"2"
996822658501851,Report,Yes,pdf,Southern Idaho Fertilizer Guide: Irrigated Alfalfa,2001,7,"12"
996822658601851,Report,Yes,pdf,Logic Model for Program Planning and Evaluation,2000,53,"81"
996822658701851,Report,Yes,pdf,Hobo Spiders in Idaho,2015,13,"4"
996822658801851,Report,Yes,pdf,Measuring Potato Dry Matter Content on the Farm,2015,0,"3"
996822658901851,Report,Yes,pdf,Wasp and Hornet Control,2014,0,"3"
996822659001851,Report,Yes,pdf,Northern Idaho Fertilizer Guide: Lentils,2015,13,"17"
996822659101851,Report,Yes,pdf,Leafhoppers in the Landscape,2016,0,"2"
996822659201851,Report,Yes,pdf,Southern Idaho Fertilizer Guide: Irrigated Winter Barley,1999,1,"11"
996822659301851,Report,Yes,pdf,Spring Barley Quick Facts (2023 Southern Idaho),2024,7,"12"
996822659401851,Report,Yes,pdf,Composting at Home,1996,9,"9"
996822659501851,Report,Yes,pdf,Pit Disposal of Cull Onions,2000,0,"1"
996822659601851,Report,Yes,pdf,Growing Mushrooms Commercially-Risks and Opportunities,1999,1,"2"
996822659701851,Report,Yes,pdf,Improving Sprayer Accuracy: Simple Methods for Correct Calibration,1996,1,"4"
996822659801851,Report,Yes,pdf,Sugar Beet Nematodes in Idaho and Eastern Oregon,1998,5,"3"
996822659901851,Report,Yes,pdf,Controlando a las Tuzas en Idaho,2015,2,"1"
996822660001851,Report,Yes,pdf,Managing Pocket Gophers in Idaho Lawns and Landscapes,2013,4,"2"
996822660101851,Report,Yes,pdf,Anaerobic Digestion Basics,2013,17,"4"
996822660201851,Report,Yes,pdf,Pesticide Record Keeping Using the OnePlan PAR,2013,3,"2"
996822660301851,Report,Yes,pdf,Barley Yellow Dwarf Virus in Idaho Cereal Crops,2013,16,"7"
996822660401851,Report,Yes,pdf,Controlling Ascochyta Blight of Chickpea,1999,3,"9"
996822660501851,Report,Yes,pdf,Start Seeds Indoors with Success,2013,3,"6"
996822660601851,Report,Yes,pdf,Sampling Procedure to Diagnose Nematode Infestations,1996,4,"4"
996822660701851,Report,Yes,pdf,Irrigation Scheduling Using Water-Use Tables,1997,4,"10"
996822660801851,Report,Yes,pdf,Potato Seed Management: Seed Size and Age,1994,4,"5"
996822660901851,Report,Yes,pdf,Controlando los Insectos Picudos en el C sped,2015,,
996822661001851,Report,Yes,pdf,Controlling Billbug Grubs in Lawns,2013,0,"3"
996822661101851,Report,Yes,pdf,Managing Boxelder Bugs Around Your Home,2013,6,"14"
996822661201851,Report,Yes,pdf,Slime Flux of Trees,2013,0,"6"
996822661301851,Report,Yes,pdf,La Enfermedad  Slime Flux  de los  rboles,2015,0,"3"
996822661401851,Report,Yes,pdf,Weed Control Methods for Perennial Crops,1994,0,"2"
996822661501851,Report,Yes,pdf,Management of Vegetable Diseases in Home Gardens,1992,7,"5"
996822661601851,Report,Yes,pdf,Potato Production in the Home Garden,2001,3,"0"
996822661701851,Report,Yes,pdf,UI 228 and UI 229-New Small Red Bean Cultivars,1994,,
996822661801851,Report,Yes,pdf,Cereal Leaf Beetle,2000,0,"2"
996822661901851,Report,Yes,pdf,White Bryony,2013,3,"0"
996822662001851,Report,Yes,pdf,"Northern Idaho Fertilizer Guide: Blueberries, Raspberries, and Strawberries",2000,5,"6"
996822662101851,Report,Yes,pdf,Northern Idaho Fertilizer Guide: Winter Rapeseed,2015,5,"7"
996822662201851,Report,Yes,pdf,Storage Management of Clearwater Russet Potatoes,2012,4,"5"
996822662301851,Report,Yes,pdf,Northern Idaho Fertilizer Guide: Winter Wheat,2015,21,"34"
996822662401851,Report,Yes,pdf,Plant Your Seedlings Right,2017,0,"2"
996822662501851,Report,Yes,pdf,Leaf Spot of Aspen and Poplar,2012,0,"3"
996822662601851,Report,Yes,pdf,White Mold of Potatoes,2012,3,"6"
996822662701851,Report,Yes,pdf,Handling Potato Waste for Beef Cattle Feeding,1977,4,"10"
996822662801851,Report,Yes,pdf,Nutrient Management in Idaho Grape Production,2008,1,"3"
996822662901851,Report,Yes,pdf,Cultural Management of Ranger Russet Potatoes,1997,0,"2"
996822663001851,Report,Yes,pdf,Northern Idaho Fertilizer Guide: Legume and Legume-Grass Pastures,2005,8,"10"
996822663101851,Report,Yes,pdf,Northern Idaho Fertilizer Guide: Chickpeas,1988,12,"22"
996822663201851,Report,Yes,pdf,Homeowner Guide to Centipedes and Millipedes,2022,2,"7"
996822663401851,Report,Yes,pdf,Superficial Growth on Potatoes,2011,3,"0"
996822663501851,Report,Yes,pdf,Storage Management of Blazer Russet Potatoes,2011,3,"5"
996822663601851,Report,Yes,pdf,Homeowner Guide to Pill Bugs and Sow Bugs,2021,1,"7"
996822663701851,Report,Yes,pdf,Ornamental Grasses for Idaho Landscapes,2008,,
996822663801851,Report,Yes,pdf,Boxelder Bug: Nuisance Management for Homeowners,2007,7,"5"
996822663901851,Report,Yes,pdf,Community Supported Agriculture (CSA) in Idaho: Seasonal Eating Week by Week,2011,15,"2"
996822664001851,Report,Yes,pdf,"Keeping Bones Strong with Calcium, Vitamin D, and Physical Activity",2011,0,"1"
996822664101851,Report,Yes,pdf,Dairy Compost Production and Use in Idaho: On-Farm Composting Management,2011,16,"5"
996822664201851,Report,Yes,pdf,Dairy Manure Field Applications: How Much is Too Much?,2008,,
996823128801851,Report,Yes,pdf,Wheat Export from the United States and from Columbia River Ports,2025,12,"22"
996823128901851,Report,Yes,pdf,2013 Small Grain and Grain Legume Report of the Northern Idaho Small Grain and Grain Legume Research and Extension Program,2013,17,"1"
996823129001851,Report,Yes,pdf,Contribution of the Grape and Wine Industry to Idaho's Economy,2001,0,"4"
996823129101851,Report,Yes,pdf,2007 Small Grains Report: Southcentral and Southeast Idaho Cereals Research & Extension Program,2007,9,"2"
996823129201851,Report,Yes,pdf,Sport-Fishing Use And Value: Snake River Basin of Central Idaho,1999,0,"1"
996823129301851,Report,Yes,pdf,2023 Small Grains Report,2024,29,"40"
996823129401851,Report,Yes,pdf,A Selected Review of Biodegradable Plastics Literature in Agricultural Settings from an Economic and Marketing Perspective,2023,16,"4"
996823129501851,Report,Yes,pdf,2021 Small Grains Report: Southcentral and Southeast Idaho Cereals Research & Extension Program,2022,21,"15"
996823129601851,Report,Yes,pdf,2020 Small Grains Report: Southcentral and Southeast Idaho Cereals Research and Extension Program,2021,22,"8"
996823129701851,Report,Yes,pdf,2011 Small Grain and Grain Legume Report,2011,8,"2"
996823129801851,Report,Yes,pdf,2013 Small Grains Report: Southcentral and Southeastern Idaho Cereals Research and Extension Program,2013,11,"7"
996823129901851,Report,Yes,pdf,2018 Small Grains Report: Southcentral and Southeast Idaho Cereals Research and Extension Program,2018,15,"0"
996823130001851,Report,Yes,pdf,2008 Small Grains Report: Southcentral and Southeastern Idaho Cereals Research and Extension Program,2008,18,"0"
996823130101851,Report,Yes,pdf,2018 Small Grain and Grain Legume Report: Northern Idaho Small Grain and Grain Legume Research and Extension Program,2019,16,"6"
996823130201851,Report,Yes,pdf,Agriculture: A Foundation for Idaho's Economy,2019,4,"5"
996823130301851,Report,Yes,pdf,2009 Small Grains Report,2009,9,"1"
996823130401851,Report,Yes,pdf,2024 Small Grains Report,2025,66,"81"
996823130501851,Report,Yes,pdf,2017 Small Grain and Grain Legume Report: Northern Idaho Small Grain and Grain Legume Research and Extension Program,2019,18,"8"
996823130601851,Report,Yes,pdf,2015 Small Grains Report: Southcentral and Southeastern Idaho Cereals Research and Extension Program,2015,19,"5"
996823130701851,Report,Yes,pdf,2016 Dryland Field Day Abstracts,2016,4,"1"
996823130801851,Report,Yes,pdf,2016 Small Grains Report: Southcentral and Southeastern Idaho Cereals Research and Extension Program,2016,17,"5"
996823130901851,Report,Yes,pdf,Northern Idaho Alfalfa Variety Testing Report,2018,7,"26"
996823132001851,Report,Yes,pdf,Bitterroot Soft White Winter Wheat,2008,7,"0"
996823132101851,Report,Yes,pdf,Using Soil Test Results For Garden Fertilization - A Guide for Fertilizing Home Landscapes and Gardens in Idaho,2010,4,"9"
996823132201851,Report,Yes,pdf,Options for Storing Potatoes at Home,2008,1,"2"
996823132301851,Report,Yes,pdf,Cultural Management of Classic Russet Potatoes,2010,8,"5"
996823132401851,Report,Yes,pdf,Cleaning and Disinfecting Potato Equipment and Storage Facilities,2010,8,"6"
996823132501851,Report,Yes,pdf,"Sugar Beet Root Aphids: Identification, Biology, and Management",2010,3,"4"
996823132601851,Report,Yes,pdf,"Compost: Production, Quality, and Use in Commercial Agriculture",2009,0,"3"
996823132701851,Report,Yes,pdf,Manure and Wastewater Sampling,2006,3,"20"
996823132801851,Report,Yes,pdf,Dairy Compost Production and Use in Idaho: The Composting Process,2010,17,"8"
996823132901851,Report,Yes,pdf,Outlook Herbicide for Weed Control in Potatoes,2004,4,"5"
996823133001851,Report,Yes,pdf,Potato Tuberworm: A Threat for Idaho Potatoes,2004,1,"2"
996823133101851,Report,Yes,pdf,Diagnosis and Management of Potato Storage Diseases,2005,7,"2"
996823133201851,Report,Yes,pdf,Storage Management for Summit Russet Potatoes,2003,3,"3"
996823133301851,Report,Yes,pdf,Storage Management of Alturas Potatoes,2005,3,"3"
996823133401851,Report,Yes,pdf,Dollar Decisions: Making a Spending and Saving Plan,2002,1,"5"
996823133501851,Report,Yes,pdf,Specialty Potato Production and Marketing in Southern Idaho,2002,3,"1"
996823133601851,Report,Yes,pdf,Organic and Alternative Methods for Potato Sprout Control in Storage,2003,3,"2"
996823133701851,Report,Yes,pdf,Potato Production with Limited Water Supply,2003,0,"1"
996823133801851,Report,Yes,pdf,Haanchen Barley Mealybug: A New Pest of Barley Emerges in Idaho,2002,0,"2"
996823133901851,Report,Yes,pdf,Sampling the Moisture Content of Alfalfa in the Windrow: A New Tool Helps,2002,1,"4"
996823134001851,Report,Yes,pdf,Watering Home Lawns and Landscapes,2002,3,"2"
996823134101851,Report,Yes,pdf,Northern Idaho Fertilizer Guide: Soft White Spring Wheat,2007,13,"21"
996823134201851,Report,Yes,pdf,Working with a Professional Forester,2018,5,"3"
996823134301851,Report,Yes,pdf,Northern Idaho Fertilizer Guide: Spring Peas,2015,10,"14"
996823134401851,Report,Yes,pdf,Cultural Management of Russet Norkotah Potatoes,2002,0,"8"
996823134501851,Report,Yes,pdf,Buying Locally Raised Meat for Custom Processing,2015,18,"7"
996823134601851,Report,Yes,pdf,Managing Elm Seed Bugs around Your Home,2015,15,"50"
996823134701851,Report,Yes,pdf,Storage Management of Payette Russet Potatoes,2015,4,"4"
996823134801851,Report,Yes,pdf,El Control de las Avispas y de los Avispones en Idaho,2015,0,"1"
996823134901851,Report,Yes,pdf,Storage Management of Teton Russet Potatoes,2014,4,"3"
996823135001851,Report,Yes,pdf,Thatch Prevention and Control in Home Lawns,1996,0,"2"
996823135101851,Report,Yes,pdf,Karnal Bunt,1996,1,"1"
996823135201851,Report,Yes,pdf,Identifying the Corn Blotch Leafminer,2001,7,"1"
996823135301851,Report,Yes,pdf,Managing Voles in Idaho Lawns and Landscapes,2013,4,"3"
996823135401851,Report,Yes,pdf,Empiece las Semillas Adentro con  xito,2015,15,"0"
996823135501851,Report,Yes,pdf,Controlando a los Topillos en Idaho,2015,12,"3"
996823135601851,Report,Yes,pdf,Starting a Home Lawn,1996,4,"3"
996823135701851,Report,Yes,pdf,Barley Thrips Biology and Control,1996,,
996823135801851,Report,Yes,pdf,Irrigation Systems for Idaho Agriculture,1996,0,"4"
996823135901851,Report,Yes,pdf,Commercial Application of CIPC Sprout Inhibitor to Storage Potatoes,1996,16,"4"
996823136001851,Report,Yes,pdf,C mo Manejar a los Boxelder Bugs,2015,0,"1"
996823136101851,Report,Yes,pdf,Conduct Your Own Garden Research,1995,,
996823136201851,Report,Yes,pdf,Controlling Iron Deficiency in Plants in Idaho,1995,0,"2"
996823136301851,Report,Yes,pdf,Design and Construction of Earthen Embankments for Animal Liquid-Waste Containment,1996,0,"2"
996823136401851,Report,Yes,pdf,4-H Poultry Showmanship Questions,2013,44,"79"
996823136501851,Report,Yes,pdf,Matrix in Weed Management Systems for Potatoes,2005,3,"0"
996823136601851,Report,Yes,pdf,Nuez Blanca,2015,0,"1"
996823136701851,Report,Yes,pdf,Biofilters in Animal Agriculture,2013,12,"0"
996823136801851,Report,Yes,pdf,"Landscaping and Utilities: Problems, Prevention, and Plant Selection",1993,,
996823136901851,Report,Yes,pdf,Letter of Last Instruction: Everybody Needs One,1991,4,"10"
996823137001851,Report,Yes,pdf,Northern Idaho Fertilizer Guide: Spring Canola,2005,11,"13"
996823137101851,Report,Yes,pdf,La Mancha de la Hoja del  lamo Tembl n y del  lamo,2015,0,"1"
996823137201851,Report,Yes,pdf,Northern Idaho Fertilizer Guide: Bluegrass Seed,2015,6,"7"
996823137301851,Report,Yes,pdf,Getting the Most Feed Nutrient for the Dollar,2012,16,"2"
996823137401851,Report,Yes,pdf,Cull and Waste Potato Management,2023,17,"9"
996823137501851,Report,Yes,pdf,Northern Idaho Fertilizer Guide: Winter Barley,2007,7,"19"
996823137601851,Report,Yes,pdf,Southern Idaho Fertilizer Guide: Irrigated Pastures,2008,3,"8"
996823137701851,Report,Yes,pdf,Rhizoctonia Stem Canker and Black Scurf of Potato,2012,4,"1"
996823137801851,Report,Yes,pdf,Economic Importance of Off-Highway Vehicle Recreation: An Analysis of Idaho Counties,2014,0,"6"
996823137901851,Report,Yes,pdf,Early Blight Biology and Control in Potatoes,2012,15,"2"
996823138001851,Report,Yes,pdf,North Idaho Fertilizer Guide: Alfalfa,2005,11,"26"
996823138101851,Report,Yes,pdf,Special Forest Products,1991,4,"2"
996823138201851,Report,Yes,pdf,Composting and Using Backyard Poultry Waste in the Home Garden,2012,17,"6"
996823138301851,Report,Yes,pdf,Southern Idaho Fertilizer Guide: Irrigated Winter Wheat,2000,8,"13"
996823138401851,Report,Yes,pdf,Northern Idaho Fertilizer Guide: Grass Seedings for Conservation Programs,2005,10,"20"
996823138501851,Report,Yes,pdf,Fertilizing Gardens,1991,4,"2"
996823138601851,Report,Yes,pdf,Southern Idaho Fertilizer Guide: Southern Idaho Lawns,1997,6,"7"
996823138701851,Report,Yes,pdf,Northern Idaho Fertilizer Guide: Spring Barley,2007,12,"17"
996823138801851,Report,Yes,pdf,Understanding Budgets and the Budgeting Process,1991,0,"3"
996823138901851,Report,Yes,pdf,Storage Management of Classic Russet Potatoes,2008,3,"3"
996823139001851,Report,Yes,pdf,Charles Two-Row Winter Malt Barley,2008,0,"1"
996823139101851,Report,Yes,pdf,Homeowner Guide to Scorpions and Their Relatives,2008,0,"2"
996823139201851,Report,Yes,pdf,Soil Fumigation: A Tool for Sugar Beet Cyst Nematode Management,2008,6,"5"
996823139301851,Report,Yes,pdf,Management of Corky Ringspot Disease of Potatoes in the Pacific Northwest,2008,5,"7"
996823139401851,Report,Yes,pdf,Weed Control and Potato Crop Safety with Metribuzin,2011,0,"3"
996823139501851,Report,Yes,pdf,Southern Idaho Fertilizer Guide: Beans,2011,4,"6"
996823139601851,Report,Yes,pdf,Watering Home Lawns: How Much and How Often,2008,3,"22"
996823139701851,Report,Yes,pdf,Storage Management of Alpine Russet Potatoes,2010,5,"9"
996823139801851,Report,Yes,pdf,"Contribution of Agribusiness to Idaho's Economy, 2010",2011,0,"2"
996823666701851,Report,Yes,pdf,Country of Origin Labeling and Livestock Producers,2024,15,"0"
996823666801851,Report,Yes,pdf,"Contribution of Agribusiness to the Magic Valley Economy, 2010",2012,15,"4"
996824165401851,Journal article,Yes,pdf,Don't Forget to Tell Me That I'm Really Brilliant! : Working with Creative Writing and Writers,2025,7,"10"
996824566801851,Report,Yes,pdf,2025 Southern Idaho Irrigated Spring Mustard Production,2025,36,"65"
996824864801851,Report,Yes,pdf,A Conceptual Framework for the Assessing Rural Education’s Assets & Strengths (AREAS),2025,8,"4"
996824866201851,Journal article,Yes,pdf,The ChatGPT artificial intelligence chatbot:how well does it answer accounting assessment questions?,2023,7,"18"
996824866801851,Journal article,Yes,pdf,Build Your Future: Connecting Career Exploration and Postsecondary Education,2020,3,"1"
996824966001851,Journal article,Yes,pdf,Action Civics in Rural Communities,2022,3,"3"
996824966201851,Journal article,Yes,pdf,"""Who Cares?"": Young Adolescents' Perceived Barriers to Civic Action",2022,8,"3"
996825163301851,Journal article,Yes,pdf,E-invoicing in EU public procurement as a tool for cross border trade barriers elimination,2015,9,"9"
996825163701851,Journal article,Yes,pdf,Hybrid nature of modern threats for cybersecurity and information security,2020,7,"4"
996825163801851,Patent,Yes,pdf,Method of quick connection of pstn modems and pstn modem with fast connection according to such method,2023,4,"16"
996825165801851,Journal article,Yes,pdf,Career and Educational Experiences of High School Athletic Directors: A Multi-level Perspective,2017,7,"3"
996825166201851,Journal article,Yes,pdf,Managing an Identity: Social Identity Complexity and NCAA Faculty Athletics Representatives,2019,3,"2"
996825166301851,Journal article,Yes,pdf,An investigation of student-athlete gambling habits at religious universities,2019,7,"5"
996825166401851,Journal article,Yes,pdf,Coaching Salary Disparity and Team Performance: Evidence from the Football Bowl Subdivision,2020,7,"2"
996825264901851,Conference paper,Yes,pdf,Transforming Police-Community Relations: The Role of Experiential Learning in Law Enforcement Training,,10,"4"
996825265501851,Journal article,Yes,pdf,Experiences and viewpoints of PhD students completing their dissertations during crises,2022,13,"7"
996825265901851,Journal article,Yes,pdf,Peer Mentoring and Communities of Practice: Reflections From Newly Minted PhDs,2020,9,"5"
996825266501851,Report,Yes,pdf,Coaching Mathematics Teachers In-Person and Online: A Content-Focused Coaching Model A White Paper from the Center for Professional Development and Education Reform,2022,7,"7"
996825266601851,Journal article,Yes,pdf,Integrating Critical Approaches into Quantitative STEM Equity Work,2022,3,"7"
996825266701851,Journal article,Yes,pdf,"Movement, my favourite thing: children's perceptions of movement integration in school",2025,6,"11"
996825661401851,Review,Yes,pdf,"Roman Spolia, Appropriation and Cultural Memory: The Classical Review, Vol. 75, Issue 2 (October 2025), pp. 358-366",,6,"8"
996825666001851,Journal article,Yes,pdf,Wetland Habitat Quality Assessment and Improvement From A Perspective of Spatiotemporal Heterogeneity,2025,7,"11"
996825765901851,Journal article,Yes,pdf,"Teaching Current Events and Media Literacy: Critical Thinking, Effective Communication, and Active Citizenship",2017,3,"10"
996825766001851,Journal article,Yes,pdf,Media Literacy in Teacher Education: A Good Fit across the Curriculum,2015,4,"5"
996825766101851,Journal article,Yes,pdf,Teacher Research in Teacher Education: Emancipatory Potential in Discouraging Times,2018,5,"5"
996825766201851,Journal article,Yes,pdf,"Cultivating relationships for Indigenous futures: developing a model for university, Tribe, and Land partnerships in educator professional development",,16,"28"
996829294801851,Journal article,Yes,pdf,Misinformation and digital health literacy among American Indian and Alaska Native people,2025,4,"7"
996829394901851,Report,Yes,pdf,2023 Ada County's Forest Products Industry,2025,13,"8"
996829396401851,Journal article,Yes,pdf,Young Children's Self-Regulated Learning Benefited from a Metacognition-Driven Science Education Intervention for Early Childhood Teachers,2024,4,"7"
996829587701851,Book chapter,Yes,pdf,A text-as-data study of political communication in the 2018 Turkish elections,2022,10,"8"
996829587801851,Journal article,Yes,pdf,Threats and the conservative shift in public opinion: comparative causal mediation analyses from Turkey,2024,3,"3"
996829587901851,Journal article,Yes,pdf,Terrorism Mortality Salience Manipulation: A Causal Mediation Analysis,2023,5,"7"
996829588001851,Journal article,Yes,pdf,"Linking sleep, political ideology, and religious observance: a multi-national comparison",2022,3,"5"
996829588101851,Journal article,Yes,pdf,Too tired to vote: A multi-national comparison of election turnout with sleep preferences and behaviors,2022,3,"5"
996829588301851,Journal article,Yes,pdf,Polarization congruence and satisfaction with democracy: A multinational investigation,2024,4,"13"
996831396601851,Report,Yes,pdf,2023 Bingham County's Forest Products Industry,2025,7,"1"
996831396701851,Report,Yes,pdf,2023 Benewah County's Forest Products Industry,2025,7,"0"
996831397001851,Report,Yes,pdf,2023 Bearlake County's Forest Products Industry,2025,8,"3"
996831397101851,Report,Yes,pdf,2023 Bannock County's Forest Products Industry,2025,8,"3"
996831397201851,Report,Yes,pdf,2023 Adams County's Forest Products Industry,2025,8,"5"
996832497201851,Journal article,Yes,pdf,Resetting a heartbeat: Cultural transmission and holistic learning through Alaska Native dance,2025,3,"6"
996832892801851,Report,Yes,pdf,2023 Blaine County's Forest Products Industry,2025,7,"4"
996832893501851,Report,Yes,pdf,2023 Washington County's Forest Products Industry,2025,7,"2"
996832893601851,Report,Yes,pdf,2023 Valley County's Forest Products Industry,2025,7,"3"
996832893701851,Report,Yes,pdf,2023 Twin Falls County's Forest Products Industry,2025,7,"3"
996832893801851,Report,Yes,pdf,2023 Teton County's Forest Products Industry,2025,8,"3"
996832893901851,Report,Yes,pdf,2023 Shoshone County's Forest Products Industry,2025,8,"3"
996832894001851,Report,Yes,pdf,2023 Power County's Forest Products Industry,2025,7,"3"
996832894101851,Report,Yes,pdf,2023 Payette County's Forest Products Industry,2025,7,"2"
996832894201851,Report,Yes,pdf,2023 Owyhee County's Forest Products Industry,2025,7,"7"
996832894301851,Report,Yes,pdf,2023 Oneida County's Forest Products Industry,2025,7,"1"
996832894401851,Report,Yes,pdf,2023 Nez Perce County's Forest Products Industry,2025,9,"2"
996832894501851,Report,Yes,pdf,2023 Minidoka County's Forest Products Industry,2025,8,"1"
996832894601851,Report,Yes,pdf,2023 Madison County's Forest Products Industry,2025,9,"3"
996832894701851,Report,Yes,pdf,2023 Lincoln County's Forest Products Industry,2025,8,"3"
996832894801851,Report,Yes,pdf,2023 Lewis County's Forest Products Industry,2025,7,"3"
996832895001851,Report,Yes,pdf,2023 Lemhi County's Forest Products Industry,2025,7,"4"
996832895101851,Report,Yes,pdf,2023 Latah County's Forest Products Industry,2025,8,"1"
996832895201851,Report,Yes,pdf,2023 Kootenai County's Forest Products Industry,2025,8,"2"
996832895301851,Report,Yes,pdf,2023 Jerome County's Forest Products Industry,2025,7,"0"
996832895401851,Report,Yes,pdf,2023 Jefferson County's Forest Products Industry,2025,7,"1"
996832895501851,Report,Yes,pdf,2023 Idaho County's Forest Products Industry,2025,9,"5"
996832895601851,Report,Yes,pdf,2023 Gooding County's Forest Products Industry,2025,9,"2"
996832895701851,Report,Yes,pdf,2023 Gem County's Forest Products Industry,2025,8,"2"
996832895801851,Report,Yes,pdf,2023 Fremont County's Forest Products Industry,2025,7,"3"
996832895901851,Report,Yes,pdf,2023 Franklin County's Forest Products Industry,2025,7,"2"
996832896001851,Report,Yes,pdf,2023 Elmore County's Forest Products Industry,2025,8,"4"
996832896101851,Report,Yes,pdf,2023 Custer County's Forest Products Industry,2025,7,"1"
996832896201851,Report,Yes,pdf,2023 Clearwater County's Forest Products Industry,2025,8,"5"
996832896301851,Report,Yes,pdf,2023 Clark County's Forest Products Industry,2025,7,"0"
996832896401851,Report,Yes,pdf,2023 Cassia County's Forest Products Industry,2025,7,"2"
996832896501851,Report,Yes,pdf,2023 Caribou County's Forest Products Industry,2025,7,"1"
996832896601851,Report,Yes,pdf,2023 Canyon County's Forest Products Industry,2025,7,"6"
996832896701851,Report,Yes,pdf,2023 Camas County's Forest Products Industry,2025,8,"5"
996832896801851,Report,Yes,pdf,2023 Butte County's Forest Products Industry,2025,11,"10"
996832896901851,Report,Yes,pdf,2023 Boundary County's Forest Products Industry,2025,11,"7"
996832897001851,Report,Yes,pdf,2023 Bonneville County's Forest Products Industry,2025,8,"4"
996832897101851,Report,Yes,pdf,2023 Bonner County's Forest Products Industry,2025,10,"14"
996832897201851,Report,Yes,pdf,2023 Boise County's Forest Products Industry,2025,13,"9"
996834196501851,Report,Yes,pdf,Whitman County Community Assessment of Child Care Needs,2021,3,"1"
996834196601851,Journal article,Yes,pdf,Parenting Through Academia as a SICB Member,2020,3,"1"
996834196701851,Journal article,Yes,pdf,Beyond measurement of the motherhood penalty: How social locations shape mothers' work decisions and stratify outcomes,2022,15,"15"
996834196801851,Journal article,Yes,pdf,Black-White disparities in nuclear family trajectories and parents' postsecondary transfers to adult children,2022,7,"3"
996834196901851,Journal article,Yes,pdf,"""In Every Decision I'm Making, I'm Thinking About My Son"": How Children Motivate and Constrain the Labor Force Participation of Mothers With Disabilities",2023,11,"6"
996834296701851,Journal article,Yes,pdf,Advancing Traffic Safety Analysis: A Novel Lightweight Rule-Based and Part-of-Speech Tagging-Based Approach for Information Extraction from Crash Reports,2026,1,"23"
996835963801851,Journal article,Yes,pdf,RangeDocs: searchable science for rangeland management,2025,10,"16"
996836171101851,Journal article,Yes,pdf,An arsenic-specific biosensor with genetically engineered Shewanella oneidensis in a bioelectrochemical system,2014,0,"5"
996836171201851,Journal article,Yes,pdf,Metabolic engineering of Rhodopseudomonas palustris for the obligate reduction of n-butyrate to n-butanol,2017,3,"6"
996836171301851,Journal article,Yes,pdf,N-hydroxy-pipecolic acid is a mobile metabolite that induces systemic disease resistance in Arabidopsis,2018,4,"5"
996836171401851,Journal article,Yes,pdf,Fine-Tuned Protein Production in Methanosarcina acetivorans C2A,2018,0,"3"
996836171601851,Journal article,Yes,pdf,Arabidopsis UGT76B1 glycosylates N-hydroxy-pipecolic acid and inactivates systemic acquired resistance in tomato,2021,7,"4"
996836171701851,Journal article,Yes,pdf,The short-term effect of residential home energy retrofits on indoor air quality and microbial exposure: A case-control study,2021,3,"6"
996836171801851,Journal article,Yes,pdf,Adaptive laboratory evolution and metabolic engineering of Cupriavidus necator for improved catabolism of volatile fatty acids,2024,0,"10"
996836171901851,Journal article,Yes,pdf,Coupling Waste Feedstocks to Microbial Protein Production in a Circular Food System,2025,0,"6"
996836172101851,Journal article,Yes,pdf,Insights into genetic determinants of volatile fatty acid catabolism in Cupriavidus necator H16,2025,10,"5"
996836672001851,Conference poster,Yes,docx,"No-dormant alfalfa and small grain rotations- Tillage and fertility effects, Western Nutrient Management Conference",,12,"9"
996836672001851,Conference poster,Yes,pdf,"No-dormant alfalfa and small grain rotations- Tillage and fertility effects, Western Nutrient Management Conference",,12,"9"
996836672101851,Conference presentation,Yes,pdf,Obstacles and Opportunities in Rural College Students' Career Development,,7,"6"
996837071901851,Report,Yes,pdf,Minimizing the Impacts of Home Food Waste,2024,4,"13"
996839982601851,Journal article,Yes,pdf,Composite and Outlook ForecastAccuracy,2012,6,"15"
996840282701851,Report,Yes,pdf,"Wyoming's Forest Products Industry and Timber Harvest, 2010",2010,2,"4"
996840282801851,Report,Yes,pdf,"Montana's Forest Products Industry and Timber Harvest, 2009",2013,3,"8"
996840282901851,Magazine article,Yes,pdf,Making Every Dollar Count: Leveraging Federal Investments in Land Management to Benefit Local Communities,2012,2,"6"
996840283001851,Journal article,Yes,pdf,Employment and Wage Impacts of Timber Harvesting and Processing in the United States,2016,8,"13"
996840283101851,Report,Yes,pdf,"California's Forest Products Industry and Timber Harvest, 2012",2015,6,"4"
996840283201851,Report,Yes,pdf,"California’s forest products industry and timber harvest, 2016.",2020,6,"6"
996842182401851,Journal article,Yes,pdf,Pulling Teeth: The State of Mandatory Immigration Detention,2010,4,"6"
996844117501851,Journal article,Yes,pdf,A GenAI System for Improved FAIR Independent Biological Database Integration,2025,3,"8"
996844123101851,Journal article,Yes,pdf,Efficient and specific DNA-targeting using single-stranded LNA/MOE mixmers and chimeric Invader:XenoRNA probes,2025,2,"5"
996844152701851,Journal article,Yes,pdf,Implementing potential climate‐smart practices through diverse partnerships,2025,5,"4"
996844202201851,Journal article,Yes,pdf,Thyroid hormone receptor beta-2 (TRβ2) overexpression modulates photoreceptor phenotype diversity in a ligand-dependent manner,2025,0,"2"
996844204201851,Journal article,Yes,pdf,Seasonal body mass dynamics mediate life-history trade-offs in a hibernating mammal,2025,0,"7"
996844848201851,Journal article,Yes,pdf,Recent ice cap snowmelt in Russian High Arctic and anti-correlation with late summer sea ice extent,2014,7,"9"
996844848301851,Journal article,Yes,pdf,Development of a daytime cloud and haze detection algorithm for Himawari‐8 satellite measurements over central and eastern China,2017,8,"6"
996844850601851,Conference poster,Yes,pdf,"It All Adds Up: Increasing Physical Activity for Women in Yellowstone County, Montana",,4,"9"
996844850701851,Conference poster,Yes,pdf,Abstract From Patient to Provider: Synthesizing the Mental Healthcare System within the Epicenter of Mental Health Crises,,7,"7"
996844850801851,Conference program,Yes,pdf,Session Suicide Impact on Youth,,5,"6"
996844850901851,Conference poster,Yes,pdf,Manualizing community health improvement under the structural challenges embedded within rural health systems in Montana,,5,"8"
996844851001851,Conference poster,Yes,pdf,Triangulating the Montana childcare crisis: Comparing employer and employee perceptions of childcare needs within south-central Montana,,3,"5"
996844851101851,Conference poster,Yes,pdf,The childcare crisis among female caregivers in south-central M ontana,,3,"5"
996844851201851,Conference poster,Yes,pdf,Recurring event survival analyses: A methodological approach to model recurring event data in cancer patients receiving multiple lines of therapy,,3,"4"
996844851501851,Conference paper,Yes,pdf,PCR78 Real-World Pain Symptom Trajectory Among Multiple Myeloma Patients Under Remote Symptom Monitoring with Electronic Patient-Reported Outcomes (ePRO),,3,"6"
996844851601851,Conference paper,Yes,pdf,PCR219 Real-World Severe Symptom Trajectory in Multiple Myeloma Reported in Remote Symptom Monitoring with Electronic Patient-Reported Outcomes (ePRO),,3,"4"
996844851701851,Conference paper,Yes,pdf,Social determinants of health explored within an electronic patient reported outcomes (ePROS) remote symptom monitoring platform for patients with multiple myeloma (MM),,2,"5"
996844851901851,Conference paper,Yes,pdf,Social determinants of health explored within an electronic patient reported outcomes (ePROs) remote symptom monitoring platform for patients with acute myeloid leukemia (AML),,2,"2"
996844852101851,Conference paper,Yes,pdf,Cytogenetic risk explored within an electronic patient reported outcomes (ePROs) remote symptom monitoring platform among patients with acute myelogenous leukemia (AML),,7,"7"
996844852201851,Conference poster,Yes,pdf,"Exploring Symptom Burden, Treatment Bother, Physical Function, and Quality of Life By Frailty Status in Patients with Acute Myeloid Leukemia",,6,"2"
996844852301851,Conference poster,Yes,pdf,"Exploring Symptom Burden, Treatment Bother, Physical Function, and Quality of Life By Frailty Status in Patients with Multiple Myeloma",,6,"2"
996844852401851,Conference poster,Yes,pdf,Feasibility and utilization of electronic patient-reported outcome measures for lung cancer in routine clinical care,,7,"5"
996844852801851,Journal article,Yes,pdf,Nurses' Knowledge and Attitudes about Pain: Personal and Professional Characteristics and Patient Reported Pain Satisfaction,2017,2,"4"
996844852901851,Journal article,Yes,pdf,Improving Blood Pressure Control Using Smart Technology,2018,6,"4"
996844853101851,Journal article,Yes,pdf,Intent-to-treat analysis of a simultaneous multisite telehealth diabetes prevention program,2018,2,"3"
996844853201851,Journal article,Yes,pdf,Predictors of oversedation in hospitalized patients,2018,0,"4"
996844853301851,Journal article,Yes,pdf,"Prospective, Open Trial of Adjunctive Triple Chronotherapy for the Acute Treatment of Depression in Adolescent Inpatients",2019,0,"3"
996844853401851,Journal article,Yes,pdf,Evaluating the Impact of Treatment Care Planning on Quality Measures,2019,6,"5"
996844853501851,Journal article,Yes,pdf,Bilateral Total Knee Arthroplasty: Predictors of Discharge Disposition,2020,7,"4"
996844854301851,Journal article,Yes,pdf,The Constitutional Guarantee of Criminal Justice Transparency,2022,2,"6"
996844854601851,Journal article,Yes,pdf,Barriers to healthcare access among U.S. adults with mental health challenges: A population-based study,2021,6,"8"
996844854701851,Journal article,Yes,pdf,"A qualitative study of rural healthcare providers' views of social, cultural, and programmatic barriers to healthcare access",2022,6,"9"
996844854801851,Journal article,Yes,pdf,Narrowing Death Eligibility in Idaho: An Empirical and Constitutional Analysis,2021,2,"5"
996844854901851,Journal article,Yes,pdf,"The Use of Holographic Memory Resolution® to Improve the Physical and Biopsychosocial Symptoms of Chronic Pain: A Feasibility, Mixed Methods Study",2024,3,"5"
996844855101851,Journal article,Yes,pdf,"The Montana Postural Care Project: A pilot study implementing posture care management in a rural, low-resource region",2024,3,"6"
996845454201851,Other,Yes,docx,Barbara Petty CV,2025,1,"1"
996845552501851,Accepted manuscript,Yes,pdf,Optical density-based image analysis method for the evaluation of hematoxylin and eosin staining precision,2020,3,"7"
996846026301851,Journal article,Yes,pdf,Impact of postharvest drying methods on metabolite composition of Solanum sisymbriifolium extract,2025,2,"7"
996846026401851,Journal article,Yes,pdf,"Eureka!: A Survey of Women Discovering, and Rediscovering, Poe",2025,2,"3"
996846027801851,Journal article,Yes,pdf,A Novel Continuous Ultrasound-Assisted Leaching Process for Rare Earth Element Extraction: Environmental and Economic Assessment,2025,4,"14"
996846028301851,Journal article,Yes,pdf,Rural Perspectives on Digital Health Technology in Cardiovascular Care: Qualitative Interviews with Rural and Rural-serving Primary Care Providers and Cardiologists (Preprint),2025,0,"4"
996846035501851,Journal article,Yes,pdf,"Two new species of Scolia (Hymenoptera, Scoliidae) from Mexico and Panama",2025,3,"10"
996846243001851,Journal article,Yes,pdf,"Detection of bovine milk–, but likely not soy–derived, peptides in human milk after maternal consumption of bovine milk and soy beverage: a randomized, cross-over, dietary intervention trial",2025,3,"1"
996847454401851,Journal article,Yes,pdf,Corporate governance implications from the 2008 financial crisis,2012,4,"4"
996847655301851,Journal article,Yes,pdf,GCSAM: Gradient Centralized Sharpness Aware Minimization,2025,7,"14"
996847853201851,Journal article,Yes,pdf,Predicting the Body Weight of Tilapia Fingerlings from Images Using Computer Vision,2025,2,"9"
996847853301851,Journal article,Yes,pdf,Evaluating responses to epidemics of Infectious spleen and kidney necrosis virus in farmed tilapia (Oreochromis niloticus),2025,4,"6"
996847855301851,Journal article,Yes,pdf,Bovine Viral Diarrhea Virus-1 (Pestivirus bovis) Associated with Stillborn and Mummified Fetuses in Farmed White-tailed Deer (Odocoileus virginianus) in Florida,2025,2,"6"
996847955401851,Website,Yes,pdf,Accessible Job Interviews in the Library Workplace: A guide for library workplaces seeking to hire autistic and neurodivergent employees,2024,4,"5"
996848255001851,Journal article,Yes,pdf,Exception-Driven Security: A Risk-Aware Permission Adjustment for High-Availability Embedded Systems,2025,0,"3"
996848255101851,Journal article,Yes,pdf,Collaboration between two conserved sequence motifs drives ATPase stimulation of Hsp90 by Aha1,2025,2,"3"
996848255301851,Review,Yes,pdf,"Arsenic and Uranium Contamination on Navajo Nation Tribal Lands, USA: A State-of-the-Science Review of a Toxic Mining Legacy and Its Socio-Environmental Impacts",2025,0,"4"
996848948601851,Journal article,Yes,pdf,Are We There?,2025,4,"12"
996848948701851,Journal article,Yes,pdf,"Jump in the Van, It's an Argus Road Trip!",2025,2,"2"
996848948801851,Journal article,Yes,pdf,"Return to the Primitive: An Interview with Ben Waechter, FAIA",2025,0,"4"
996848948901851,Journal article,Yes,pdf,Immersive Education: An Interview with Rick Sommerfeld & Scott Lawrence,2025,0,"3"
996848949001851,Journal article,Yes,pdf,Crossing Hydrological Divides,2025,0,"2"
996848949101851,Journal article,Yes,pdf,... Is Not About the Line,2025,0,"2"
996848949201851,Journal article,Yes,pdf,A Spatial Origin of Charles and Ray Eames,2025,1,"3"
996848949301851,Journal article,Yes,pdf,The Vandal Healing Garden and Memorial,2025,1,"4"
996848949401851,Journal article,Yes,pdf,A Lifetime of Speed: With Darold Cummings,2025,0,"2"
996848949501851,Journal article,Yes,pdf,"New Labor: Engaging Modern Ruin and Organized Labor in Butte, Montana",2025,0,"3"
996848949601851,Journal article,Yes,pdf,A Roadside Journal...,2025,0,"4"
996848949701851,Journal issue,Yes,pdf,"Argus: Roadside Architecture Journal, Volume 1",2025,0,"5"
996849375401851,Abstract,Yes,pdf,Professional Development Needs of CTE Teachers in Idaho: A Literature Review,2024,3,"8"
996849570601851,Journal article,Yes,pdf,Modeling and Optimization of Argon-Activated Electrohydraulic Plasma Discharge Process for p-Nitrophenol Remediation,2025,3,"1"
996849570701851,Journal article,Yes,pdf,Reaction Mechanisms of Aqueous Methane Reforming by Continuous Flow Two-Phase Plasma Discharge,2025,3,"2"
996849571301851,Journal article,Yes,pdf,High performance and insensitive energetic compounds from the intelligent assembly of nitramino/ gem -dinitromethyl group and oxadiazoles,2025,0,"4"
996849571601851,Journal article,Yes,pdf,Design and Synthesis of Thermally Robust Pyrazine–Tetrazole Hybrids as High-Nitrogen Energetic Materials,2025,0,"3"
996849571901851,Journal article,Yes,pdf,Shear performance of PrinTimber composite beams for sustainable 3D-priniting structures,2025,2,"5"
996849574901851,Journal article,Yes,pdf,Signatures and likely sources of the male pregnancy microbiome in wild bay pipefish (Syngnathus leptorhynchus),2025,2,"5"
996849671501851,Journal article,Yes,pdf,"Extrusion of biobased novolac composites: flow, curing, and mechanical properties",2025,0,"5"
996849671601851,Journal article,Yes,pdf,Understory floristic composition of planted western white stands in the northern Rocky Mountains,2025,2,"2"
996849671901851,Journal article,Yes,pdf,Impact of low-chemical storage pretreatment of loblolly pine bark on biochar from microwave pyrolysis,2025,6,"5"
996849672101851,Journal article,Yes,pdf,Enhancing genomic predictive ability of yield and yield-related traits in spring wheat by integrating major plant adaptation genes as a fixed effect,2025,4,"4"
996849672401851,Journal article,Yes,pdf,Scaling Up Non-Thermal Plasma Technology for Water and Wastewater Treatment: Opportunities and Challenges,2025,3,"6"
996849673901851,Conference paper,Yes,pdf,Resurrecting the Dead: GenAI-Powered Workflow Revival,2025,0,"2"
996849674001851,Journal article,Yes,pdf,Release of ‘Poporito’ and ‘Noche Nuña’ Novel Popping Bean (Phaseolus vulgaris L.) Cultivars,2025,3,"8"
996849674201851,Journal article,Yes,pdf,A Water-Based and Continuous-Flow-Usable Cascade: Sustainable Synthesis of Tetrazolo-Fused Heterocycles,2025,1,"6"
996849674301851,Journal article,Yes,pdf,On the Detection of Exorings in Reflected Light with JWST NIRCam,2025,0,"3"
996850660001851,Journal article,Yes,pdf,Daily behavior and performance for cows engaged in targeted grazing in southeast Idaho,2025,2,"5"
996850857801851,Other,Yes,pdf,CURRICULUM VITAE FOR EXTENSION EDUCATOR FACULTY,2025,,
996850859501851,Journal article,Yes,pdf,The Things that Stick: An Interview with Phil Mead,2025,0,"6"
996850859601851,Journal article,Yes,pdf,The Abandonment of Rout 66: An Emblem of 'Societal Absurdity',2025,0,"4"
996850859701851,Journal article,Yes,pdf,Rail Recounting: An Interview with Ken & Deanna Smith,2025,0,"5"
996850859801851,Journal article,Yes,pdf,Ferrovia Reinventata,2025,1,"4"
996850859901851,Journal article,Yes,pdf,Working with the Existing: An Interview with Emir Tursic,2025,0,"3"
996850860001851,Journal article,Yes,pdf,These Towns Helped Build Our Nation and We Turned Our Backs on Them,2025,0,"5"
996850860101851,Journal article,Yes,pdf,Aesthetic Disjunction: Where Boise's Legacy Ends and Sprawl Begins,2025,0,"7"
996850860201851,Journal article,Yes,pdf,Where Wood Meets Wonder: An Interview with Jacob Dunn,2025,0,"3"
996850860301851,Journal article,Yes,pdf,Following the Tracks,2025,1,"6"
996850860401851,Journal issue,Yes,pdf,"Argus: Roadside Architecture Journal, Volume 2",2025,2,"7"
996850957701851,Journal article,Yes,pdf,Computational framework for streamlining the success of sequential antibiotic therapy,2025,1,"5"
996850957801851,Book,Yes,pdf,"Biological Highways in the Sky: The dispersal of microorganisms, insects and other small life forms via the atmosphere",2025,15,"32"
996851860501851,Journal article,Yes,pdf,Do Healthcare Professionals Agree with Delphi Expert Recommendations for Instrument Assisted Soft-Tissue Mobilization Precautions and Contraindications? An Exploratory Survey,2025,7,"16"
996854252901851,Journal article,Yes,pdf,Should I stay or should I go? Causes and consequences of intraspecific variation in site fidelity,2025,2,"10"
996854253201851,Journal article,Yes,pdf,An electrophoretic mobility shift assay with chemiluminescent readout to evaluate DNA-targeting oligonucleotide-based probes,2025,1,"4"
996854253401851,Journal article,Yes,pdf,Topographic Setting Drives the Imprint of the Madden–Julian Oscillation ( MJO ) on Tree Growth in the Northern Sierra Nevada,2025,0,"3"
996854253501851,Preprint,Yes,pdf,Tailored robotic training improves hand function and proprioceptive processing in stroke survivors with proprioceptive deficits: A randomized controlled trial,,3,"6"
996854260501851,Journal article,Yes,pdf,Influence of Mother Seed Tuber Size on Yield and Incidence of Seedborne Potato Virus Y,2025,2,"3"
996854759401851,Journal article,Yes,pdf,Four-Decade Studies of Ecocriticism and Beyond—Retrospect and Prospect: An Interview with Professor Scott Slovic,2025,2,"4"
996854759701851,Journal article,Yes,pdf,Electrochemical Machining of Highly Strain-Hardenable High-Entropy FeMnCrCoSi Alloy: Role of Passivation and Selective Dissolution,2025,3,"6"
996854759801851,Journal article,Yes,pdf,Zero-Copy Messaging: Low-Latency Inter-Task Communication in CHERI-Enabled RTOS,2025,0,"3"
996857453901851,Journal article,Yes,pdf,Elevation mediates juvenile steelhead demographic response to stream temperature and flow,2025,0,"6"
996857560401851,Journal article,Yes,pdf,"Influence of Phased Cover Placement on the Acid-Generating Main Waste Stockpile at the Red Dog Mine, Alaska, USA",2025,1,"8"
996858658101851,Journal article,Yes,pdf,Legislating Childhood Independence Legislating Childhood Independence,2023,0,"4"
996858658201851,Journal article,Yes,pdf,Lessons from a Small and Troubled Country:  Bosnia’s Struggling Judiciary Paints an Ominous Picture for the Rule of Law in the United States,2024,0,"2"
996858802201851,Journal article,Yes,pdf,Kinetics and Mechanical Performance of Bio-Based Polyurethane Wood Composites for Sustainable 3D-Printed Construction Materials,2025,0,"4"
996858802301851,Journal article,Yes,pdf,Predicting immediate and delayed fire-induced mortality of Pinus monticola and Pseudotsuga menziesii saplings using a pyro-ecophysiology fire severity approach,2025,0,"4"
996858823001851,Journal article,Yes,pdf,Stratigraphic evidence for modern‐like glacier extents in south‐central Alaska within the last glacial period ( MIS 3),2025,0,"7"
996858823301851,Journal article,Yes,pdf,Gravitational-Wave Signatures of Massive Black Hole Formation,2025,0,"3"
996858848501851,Journal article,Yes,pdf,Pine Bark Tannin-Based Resins for Wood Composite Applications,2025,0,"5"
996858858501851,Journal article,Yes,pdf,The CRAN Task View Initiative,2025,0,"3"
996858960501851,Journal article,Yes,pdf,Personalized Course Recommendations Leveraging Machine and Transfer Learning Toward Improved Student Outcomes,2025,1,"5"
996860460301851,Report,Yes,pdf,Analysis of a Single Payment Program for Public Lands Counties in Idaho: Scenarios and Implications,2019,0,"3"
996860460401851,Report,Yes,pdf,REVISITING SUSTAINED YIELD UNITS,2025,10,"22"
996860660401851,Journal article,Yes,pdf,Moving beyond ontological (worldview) supremacy: Indigenous insights and a recovery guide for settler-colonial scientists,2023,0,"2"
996860760301851,Journal article,Yes,pdf,Revisiting Palazzolo v. Rhode Island: The Blurry Lines Between Ripeness and Standing that Enable Windfalls,2024,1,"8"
996860760401851,Journal article,Yes,pdf,"The Contracts Clause Can Be Enforced via Section 1983, Period: The Nonexistent Circuit Court ""Split""",,0,"5"
996860760501851,Journal article,Yes,pdf,The Takings Clause and the Environment,2025,3,"11"
996860859801851,Journal article,Yes,pdf,Once Upon an Early Writing Experience: Connecting Memory with Literacy Instruction in Pre-ServiceTeacher Education,2025,1,"3"
996860960201851,Journal article,Yes,pdf,Does unconscious thought outperform conscious thought on complex decisions? A further examination,2009,0,"4"
996861059801851,Journal article,Yes,pdf,Nutritional status of under-five aged children of ready-made garment workers in Bangladesh: A cross-sectional study,2023,1,"4"
996861059901851,Journal article,Yes,pdf,Drivers of child and women dietary diversity: Empirical evidence from a peri-urban area of Bangladesh,2024,0,"2"
996861060001851,Journal article,Yes,pdf,Women participation in South Asian agriculture: a comprehensive systematic review,2024,0,"2"
996861060101851,Journal article,Yes,pdf,Harnessing complexity: integrating remote sensing and fuzzy expert system for evaluating land use land cover changes and identifying mangrove forest vulnerability in Bangladesh,2025,0,"4"
996863560401851,Journal article,Yes,pdf,BACKWARDS FEDERALISM: THE WITHERING IMPORTANCE OF STATE PROPERTY LAW IN MODERN TAKINGS JURISPRUDENCE,2023,0,"5"
996863560501851,Journal article,Yes,pdf,What's Your Damage?! The Supreme Court Has Wrecked Temporary Takings Jurisprudence,2023,0,"4"
996863942301851,Journal article,Yes,pdf,The effects of ideology and cognitive reflection on evidence gathering behavior in the political domain,2025,1,"5"
996863955001851,Journal article,Yes,pdf,The economic performance of soil health practices in potato production systems – ADDENDUM,2025,0,"5"
996864160201851,Journal article,Yes,pdf,Weed Eradication Using Geographic Information Systems,1993,0,"4"
996865256301851,Journal article,Yes,pdf,JARE at 50: Foreword to the Special Issue,2025,0,"1"
996865256901851,Journal article,Yes,pdf,"Accurate geometric albedo, shape, and size of Hi'iaka from a stellar occultation",2025,0,"3"
996865560401851,Conference presentation,Yes,pdf,Advancing Poverty Competency Within Extension: A Pathway to Health Equity as a Core System Value,2024,0,"3"
996865660501851,Other,Yes,pdf,CURRICULUM VITAE FOR EXTENSION EDUCATOR FACULTY,2025,,
996866334301851,Journal article,Yes,pdf,Species-Specific Responses to Paleoclimatic Changes and Landscape Barriers Drive Contrasting Phylogeography of Co-Distributed Lemur Species in Northeastern Madagascar,2025,0,"3"
996867168101851,Report,Yes,pdf,Rural College Students’ Loneliness: Disparities and Strategies to Strengthen Students' Belonging,2025,1,"3"
996867168201851,Exhibition catalog,Yes,pdf,Across Shared Waters: Contemporary Artists in Dialogue with Tibetan Art from the Jack Shear Collection,2023,0,"2"
996867168301851,Book chapter,Yes,pdf,The Earliest Grand Buddhist Clay Sculpture in Bhutan and the Bhutanese Tradition of Clay Sculpting,2023,0,"3"
996867168401851,Book chapter,Yes,pdf,Tamshing Temple: A Bhutanese Buddhist Master’s Treasure House,2023,0,"2"
996868486801851,Journal article,Yes,pdf,Evaluation of Different Biochar Sources as Potential Media Amendments for Container Plant Production of Native Plants,2025,0,"1"
996868647101851,Journal article,Yes,pdf,Global biogeography of airborne viruses in public transit systems and their host interactions,2025,0,"1"
996870649701851,Journal article,Yes,pdf,Social Media Text Mining Framework for Drug Abuse: Development and Validation Study With an Opioid Crisis Case Analysis,2020,0,2
